"data","x","y","e","h","eX","eY","eD","y_vel","up_val","fb_vel","bat","height","ft","roll","pitch","yaw","temp"
"0","260","66","53","53","11","62","34","0","0","0","74","0","0","0","0","-1","61.5"
"1","250","66","40","40","16","64","50","0","0","0","74","0","0","0","0","-1","61.5"
"2","250","66","40","40","16","64","50","0","0","0","74","0","0","0","0","-1","61.5"
"3","539","38","59","59","-78","72","26","0","0","0","72","0","0","0","0","-2","70"
"4","539","38","59","59","-78","72","26","0","0","0","72","0","0","0","0","-2","70"
"5","539","40","57","57","-77","72","29","0","0","0","72","0","0","0","0","-2","70"
"6","539","40","57","57","-77","72","29","0","0","0","72","0","0","0","0","-2","70"
"7","536","37","60","60","-77","72","25","0","0","0","72","0","0","0","0","-2","70"
"8","538","41","57","57","-77","71","29","0","0","0","72","0","0","0","0","-2","70"
"9","539","42","54","54","-77","71","32","0","0","0","72","0","0","0","0","-2","70"
"10","538","41","58","58","-77","71","28","0","0","0","72","0","0","0","0","-2","70"
"11","538","42","55","55","-77","71","31","0","0","0","72","0","0","0","0","-2","70"
"12","540","35","65","65","-79","72","19","0","0","0","72","0","0","0","0","-2","70.5"
"13","537","38","60","60","-77","72","25","0","0","0","72","0","0","0","0","-2","72"
"14","537","32","70","70","-79","72","12","0","0","0","72","0","0","0","0","-2","72"
"15","548","53","58","58","-80","66","28","80","66","28","68","120","8","0","2","-2","74"
"16","292","206","117","117","-9","-10","-46","9","-10","-46","68","120","8","0","2","-2","74"
"17","555","54","59","59","-82","65","26","82","65","26","68","120","8","0","2","-2","74"
"18","293","208","115","115","-9","-10","-44","9","-10","-44","68","120","8","0","2","-2","74"
"19","562","56","58","58","-85","65","28","85","65","28","68","120","8","0","2","-2","74"
"20","294","209","115","115","-10","-11","-44","10","-11","-44","68","120","8","0","2","-2","74"
"21","570","58","58","58","-87","64","28","87","64","28","68","120","8","0","2","-2","73.5"
"22","294","210","115","115","-10","-11","-44","10","-11","-44","68","120","8","0","2","-2","73.5"
"23","579","60","56","56","-90","63","30","90","63","30","68","120","8","0","2","-2","73.5"
"24","294","211","114","114","-10","-12","-42","10","-12","-42","68","120","8","0","2","-2","73.5"
"25","296","212","113","113","-10","-12","-41","10","-12","-41","68","120","8","0","2","-2","73.5"
"26","302","218","110","110","-12","-14","-38","12","-14","-38","68","120","8","0","1","-2","73.5"
"27","302","218","110","110","-12","-14","-38","12","-14","-38","68","120","8","0","1","-2","73.5"
"28","306","220","108","108","-12","-14","-35","12","-14","-35","68","120","8","0","1","-2","73.5"
"29","310","225","105","105","-13","-15","-31","13","-15","-31","68","120","9","0","1","-2","73.5"
"30","319","229","97","97","-15","-15","-21","15","-15","-21","68","120","9","0","1","-2","73.5"
"31","321","233","95","95","-15","-17","-19","15","-17","-19","68","120","9","0","1","-2","73.5"
"32","322","232","97","97","-16","-17","-21","16","-17","-21","68","120","9","0","1","-2","73.5"
"33","322","232","97","97","-16","-17","-21","16","-17","-21","68","120","9","0","1","-2","73.5"
"34","326","236","94","94","-17","-18","-18","17","-18","-18","68","120","9","0","1","-2","73.5"
"35","327","237","94","94","-17","-18","-18","17","-18","-18","68","120","9","0","1","-2","73.5"
"36","330","239","92","92","-18","-19","-15","18","-19","-15","68","120","9","0","1","-2","73.5"
"37","332","240","89","89","-18","-18","-11","18","-18","-11","68","120","9","0","1","-2","73.5"
"38","332","240","89","89","-18","-18","-11","18","-18","-11","68","120","9","0","1","-2","73.5"
"39","330","237","94","94","-18","-18","-18","18","-18","-18","68","120","9","0","2","-2","73.5"
"40","333","239","92","92","-18","-19","-15","18","-19","-15","68","120","9","0","2","-2","73.5"
"41","333","239","92","92","-18","-19","-15","18","-19","-15","68","120","9","0","2","-2","73.5"
"42","332","238","93","93","-18","-18","-16","18","-18","-16","68","120","9","0","2","-2","73.5"
"43","331","233","97","97","-18","-17","-21","18","-17","-21","68","120","9","0","1","-2","73.5"
"44","336","230","93","93","-19","-15","-16","19","-15","-16","68","120","10","0","1","-2","74"
"45","331","229","96","96","-18","-15","-20","18","-15","-20","68","120","10","0","1","-2","74"
"46","331","229","96","96","-18","-15","-20","18","-15","-20","68","120","10","0","1","-2","74"
"47","334","224","94","94","-19","-13","-18","19","-13","-18","68","120","10","0","1","-2","74"
"48","334","222","95","95","-19","-12","-19","19","-12","-19","68","120","10","0","1","-2","74"
"49","339","222","87","87","-19","-10","-9","19","-10","-9","67","120","10","0","1","-2","74"
"50","317","203","114","114","-17","-8","-42","17","-8","-42","67","120","10","0","1","-2","74"
"51","317","203","114","114","-17","-8","-42","17","-8","-42","67","120","10","0","1","-2","74"
"52","314","201","113","113","-16","-7","-41","16","-7","-41","67","120","10","0","1","-2","74"
"53","307","196","116","116","-14","-6","-45","14","-6","-45","67","120","11","0","1","-2","74"
"54","300","190","123","123","-13","-5","-54","13","-5","-54","67","120","11","0","1","-2","74"
"55","297","187","125","125","-12","-4","-56","12","-4","-56","67","120","11","0","1","-2","74"
"56","297","187","125","125","-12","-4","-56","12","-4","-56","67","120","11","0","1","-2","74"
"57","293","186","123","123","-11","-3","-54","11","-3","-54","67","120","11","0","1","-2","74"
"58","293","186","118","118","-10","-2","-48","10","0","-48","67","120","11","0","1","-2","74"
"59","289","183","122","122","-9","-2","-52","9","0","-52","67","120","11","0","1","-2","74"
"60","291","185","115","115","-9","-1","-44","9","0","-44","67","120","11","0","1","-2","74"
"61","290","184","113","113","-8","0","-41","8","0","-41","67","120","11","0","1","-2","74"
"62","287","181","116","116","-8","0","-45","8","0","-45","67","120","11","0","1","-2","74"
"63","284","179","120","120","-8","0","-50","8","0","-50","67","120","11","0","1","-2","74"
"64","286","182","113","113","-7","1","-41","7","0","-41","67","120","11","0","1","-2","74"
"65","284","180","115","115","-7","1","-44","7","0","-44","67","120","11","0","1","-2","74"
"66","284","180","115","115","-7","1","-44","7","0","-44","67","120","11","0","1","-2","74"
"67","281","176","121","121","-7","2","-51","7","2","-51","67","120","11","0","1","-2","74"
"68","282","177","118","118","-7","2","-48","7","2","-48","67","120","11","0","1","-2","74"
"69","283","177","117","117","-7","2","-46","7","2","-46","67","120","11","0","1","-2","74"
"70","282","176","119","119","-7","2","-49","7","2","-49","67","120","11","0","1","-2","74"
"71","283","176","118","118","-7","2","-48","7","2","-48","67","120","11","0","1","-2","74"
"72","284","176","117","117","-7","2","-46","7","2","-46","67","120","11","0","1","-2","74"
"73","282","175","121","121","-7","2","-51","7","2","-51","67","120","11","0","1","-2","74"
"74","283","175","119","119","-7","2","-49","7","2","-49","67","120","11","0","1","-2","74"
"75","282","176","120","120","-7","2","-50","7","2","-50","67","120","11","0","1","-2","74"
"76","282","176","120","120","-7","2","-50","7","2","-50","67","120","11","0","1","-2","74"
"77","282","175","119","119","-7","2","-49","7","2","-49","67","120","11","0","1","-2","74"
"78","283","175","119","119","-7","2","-49","7","2","-49","67","120","11","0","1","-2","74"
"79","280","174","123","123","-7","2","-54","7","2","-54","67","120","11","0","1","-2","74"
"80","282","176","119","119","-7","2","-49","7","2","-49","67","120","11","0","1","-2","74"
"81","280","178","121","121","-6","1","-51","6","0","-51","67","120","11","0","1","-2","74"
"82","278","180","120","120","-6","0","-50","6","0","-50","67","120","11","0","1","-2","74"
"83","278","180","120","120","-6","0","-50","6","0","-50","67","120","11","0","1","-2","74"
"84","277","181","120","120","-5","0","-50","5","0","-50","67","120","11","0","1","-2","74"
"85","280","186","111","111","-5","0","-39","5","0","-39","67","120","11","0","1","-2","74"
"86","275","183","120","120","-5","-1","-50","5","0","-50","67","120","11","0","1","-2","74"
"87","277","186","112","112","-4","-1","-40","4","0","-40","67","120","12","0","2","-2","74"
"88","277","186","112","112","-4","-1","-40","4","0","-40","67","120","12","0","2","-2","74"
"89","274","185","117","117","-4","-1","-46","4","0","-46","67","120","12","0","2","-2","74"
"90","276","188","114","114","-4","-2","-42","4","0","-42","67","120","12","0","2","-2","74"
"91","274","186","117","117","-4","-2","-46","4","0","-46","67","120","12","0","2","-2","74"
"92","273","187","117","117","-3","-2","-46","3","0","-46","67","120","12","0","2","-2","74"
"93","271","187","120","120","-3","-3","-50","3","-3","-50","67","120","12","0","2","-2","74"
"94","269","186","122","122","-3","-3","-52","3","-3","-52","67","120","12","0","2","-2","74"
"95","269","186","122","122","-3","-3","-52","3","-3","-52","67","120","12","0","2","-2","74"
"96","269","186","124","124","-3","-3","-55","3","-3","-55","67","120","12","0","2","-2","74"
"97","271","188","118","118","-3","-3","-48","3","-3","-48","67","120","12","0","2","-2","74"
"98","273","190","115","115","-3","-3","-44","3","-3","-44","67","120","12","0","2","-2","74"
"99","274","193","111","111","-3","-3","-39","3","-3","-39","67","120","12","0","2","-2","74"
"100","273","191","114","114","-3","-3","-42","3","-3","-42","67","120","12","0","2","-2","74"
"101","275","194","109","109","-3","-3","-36","3","-3","-36","67","120","12","0","2","-2","74"
"102","274","194","111","111","-3","-4","-39","3","-4","-39","67","120","12","0","2","-2","74"
"103","273","192","113","113","-3","-3","-41","3","-3","-41","66","120","12","0","2","-2","74"
"104","273","192","113","113","-3","-3","-41","3","-3","-41","66","120","12","0","2","-2","74"
"105","273","192","113","113","-3","-3","-41","3","-3","-41","66","120","12","0","2","-2","74"
"106","273","192","113","113","-3","-3","-41","3","-3","-41","66","120","12","0","2","-2","74"
"107","273","192","113","113","-3","-3","-41","3","-3","-41","66","120","12","0","2","-2","74"
"108","273","190","116","116","-3","-3","-45","3","-3","-45","66","120","12","0","2","-2","74"
"109","273","190","116","116","-3","-3","-45","3","-3","-45","66","120","12","0","2","-2","74"
"110","273","190","116","116","-3","-3","-45","3","-3","-45","66","120","12","0","2","-2","74"
"111","273","190","116","116","-3","-3","-45","3","-3","-45","66","120","12","0","2","-2","74"
"112","273","190","116","116","-3","-3","-45","3","-3","-45","66","120","12","0","2","-2","74"
"113","272","186","121","121","-4","-2","-51","4","0","-51","66","120","12","0","1","-2","74"
"114","272","186","121","121","-4","-2","-51","4","0","-51","66","120","12","0","1","-2","74"
"115","272","186","121","121","-4","-2","-51","4","0","-51","66","120","12","0","1","-2","74"
"116","272","186","121","121","-4","-2","-51","4","0","-51","66","120","12","0","1","-2","74"
"117","272","186","122","122","-4","-3","-52","4","-3","-52","66","120","12","0","1","-2","74"
"118","272","186","123","123","-4","-3","-54","4","-3","-54","66","120","12","0","1","-2","74"
"119","272","186","123","123","-4","-3","-54","4","-3","-54","66","120","12","0","1","-2","74"
"120","274","187","119","119","-4","-2","-49","4","0","-49","66","120","12","0","1","-2","74"
"121","277","188","117","117","-5","-2","-46","5","0","-46","66","120","13","0","1","-2","74"
"122","275","186","123","123","-5","-3","-54","5","-3","-54","66","120","13","0","1","-2","74"
"123","276","187","119","119","-5","-2","-49","5","0","-49","66","120","13","0","1","-2","74"
"124","277","187","120","120","-5","-3","-50","5","-3","-50","66","120","13","0","1","-2","74"
"125","276","185","124","124","-6","-3","-55","6","-3","-55","66","120","13","0","1","-2","74"
"126","276","185","123","123","-5","-2","-54","5","0","-54","66","120","13","0","1","-2","74"
"127","276","185","124","124","-6","-3","-55","6","-3","-55","66","120","13","0","1","-2","74"
"128","276","185","124","124","-6","-3","-55","6","-3","-55","66","120","13","0","1","-2","74"
"129","278","186","122","122","-6","-3","-52","6","-3","-52","66","120","13","0","1","-2","74"
"130","275","185","125","125","-5","-3","-56","5","-3","-56","66","120","13","0","1","-2","74"
"131","276","186","123","123","-5","-3","-54","5","-3","-54","66","120","13","0","1","-2","74"
"132","276","186","124","124","-6","-3","-55","6","-3","-55","66","120","13","0","1","-2","74"
"133","276","187","120","120","-5","-3","-50","5","-3","-50","66","120","13","0","1","-2","74"
"134","277","188","119","119","-5","-3","-49","5","-3","-49","66","120","13","0","1","-2","74"
"135","276","186","122","122","-5","-3","-52","5","-3","-52","66","120","13","0","1","-2","74"
"136","278","189","116","116","-5","-3","-45","5","-3","-45","66","120","13","0","1","-2","74"
"137","274","185","124","124","-5","-3","-55","5","-3","-55","66","120","13","0","1","-2","74"
"138","272","185","126","126","-5","-3","-57","5","-3","-57","66","120","13","0","1","-2","74"
"139","272","185","126","126","-5","-3","-57","5","-3","-57","66","120","13","0","1","-2","74"
"140","275","187","120","120","-5","-3","-50","5","-3","-50","66","120","13","0","1","-2","74"
"141","276","187","118","118","-5","-2","-48","5","0","-48","66","120","13","0","1","-2","74"
"142","276","187","118","118","-5","-2","-48","5","0","-48","66","120","13","0","1","-2","74"
"143","276","187","116","116","-4","-2","-45","4","0","-45","66","120","13","0","1","-2","74"
"144","279","188","113","113","-5","-2","-41","5","0","-41","66","120","13","0","1","-2","74"
"145","278","186","114","114","-5","-1","-42","5","0","-42","66","120","13","0","1","-2","74"
"146","279","185","115","115","-5","-1","-44","5","0","-44","66","120","13","0","1","-2","74"
"147","278","185","115","115","-5","-1","-44","5","0","-44","66","120","13","0","1","-2","74"
"148","280","185","115","115","-5","-1","-44","5","0","-44","66","120","13","0","1","-2","74.5"
"149","281","186","112","112","-5","-1","-40","5","0","-40","66","120","13","0","1","-2","74.5"
"150","281","186","112","112","-5","-1","-40","5","0","-40","66","120","13","0","1","-2","74.5"
"151","281","186","112","112","-5","-1","-40","5","0","-40","66","120","13","0","1","-2","74.5"
"152","280","186","113","113","-5","-1","-41","5","0","-41","66","120","13","0","1","-2","74.5"
"153","279","185","113","113","-5","0","-41","5","0","-41","66","120","14","0","1","-2","74.5"
"154","279","186","111","111","-4","0","-39","4","0","-39","66","120","14","0","1","-2","74.5"
"155","279","185","110","110","-4","0","-38","4","0","-38","66","120","14","0","1","-2","74.5"
"156","275","182","114","114","-4","0","-42","4","0","-42","66","120","14","0","1","-2","74.5"
"157","272","180","116","116","-3","1","-45","3","0","-45","66","120","14","0","1","-2","74.5"
"158","268","177","117","117","-2","2","-46","0","2","-46","66","120","14","0","1","-2","74.5"
"159","265","176","115","115","-1","3","-44","0","3","-44","66","120","14","0","1","-2","74.5"
"160","261","175","114","114","1","3","-42","0","3","-42","66","120","14","0","1","-2","74.5"
"161","261","175","114","114","1","3","-42","0","3","-42","66","120","14","0","1","-2","74.5"
"162","256","174","113","113","2","4","-41","-2","4","-41","66","120","14","0","1","-2","74.5"
"163","252","173","112","112","4","5","-40","-4","5","-40","66","120","14","0","1","-2","74.5"
"164","247","171","111","111","6","6","-39","-6","6","-39","66","120","14","0","1","-2","74.5"
"165","239","170","112","112","8","6","-40","-8","6","-40","66","120","14","0","1","-2","74.5"
"166","234","169","110","110","10","7","-38","-10","7","-38","66","120","14","0","1","-2","74.5"
"167","230","171","104","104","12","7","-30","-12","7","-30","66","120","14","0","1","-2","74.5"
"168","222","168","109","109","14","8","-36","-14","8","-36","66","120","14","0","1","-2","74.5"
"169","216","166","109","109","16","8","-36","-16","8","-36","66","120","14","0","1","-2","74.5"
"170","209","166","109","109","18","8","-36","-18","8","-36","65","120","14","0","1","-2","74.5"
"171","205","167","106","106","19","8","-32","-19","8","-32","65","120","14","0","1","-2","74.5"
"172","205","167","106","106","19","8","-32","-19","8","-32","65","120","14","0","1","-2","74.5"
"173","197","165","111","111","21","8","-39","-21","8","-39","65","120","14","0","1","-2","74.5"
"174","193","165","107","107","23","9","-34","-23","9","-34","65","120","14","0","1","-2","74.5"
"175","187","164","110","110","24","9","-38","-24","9","-38","65","120","14","0","1","-2","74.5"
"176","184","165","106","106","26","9","-32","-26","9","-32","65","120","14","0","1","-2","74.5"
"177","180","164","106","106","27","10","-32","-27","10","-32","65","120","14","0","1","-2","74.5"
"178","175","163","108","108","28","10","-35","-28","10","-35","65","120","14","0","1","-2","74.5"
"179","169","161","108","108","30","10","-35","-30","10","-35","65","120","14","0","1","-2","74.5"
"180","162","160","110","110","32","10","-38","-32","10","-38","65","120","14","0","1","-2","74"
"181","157","159","111","111","34","11","-39","-34","11","-39","65","120","14","0","1","-2","74"
"182","152","158","110","110","35","11","-38","-35","11","-38","65","120","14","0","1","-2","74"
"183","147","158","108","108","37","12","-35","-37","12","-35","65","120","14","0","1","-2","74"
"184","147","158","108","108","37","12","-35","-37","12","-35","65","120","14","0","1","-2","74"
"185","141","159","109","109","39","11","-36","-39","11","-36","65","120","14","0","1","-2","74"
"186","136","158","111","111","40","11","-39","-40","11","-39","65","120","14","0","1","-2","74"
"187","131","157","112","112","42","11","-40","-42","11","-40","65","120","15","0","1","-2","74"
"188","129","160","109","109","43","11","-36","-43","11","-36","65","120","15","0","1","-2","74"
"189","126","161","107","107","44","11","-34","-44","11","-34","65","120","15","0","1","-2","74"
"190","122","161","109","109","45","10","-36","-45","10","-36","65","120","15","0","1","-2","74"
"191","118","161","112","112","46","10","-40","-46","10","-40","65","120","15","0","1","-2","74"
"192","115","162","112","112","47","9","-40","-47","9","-40","65","120","15","0","1","-2","74"
"193","112","162","113","113","48","9","-41","-48","9","-41","65","120","15","0","1","-2","74"
"194","109","164","115","115","48","8","-44","-48","8","-44","65","120","15","0","1","-2","74"
"195","109","164","115","115","48","8","-44","-48","8","-44","65","120","15","0","1","-2","74"
"196","108","164","114","114","48","8","-42","-48","8","-42","65","120","15","0","1","-2","74"
"197","106","166","110","110","50","8","-38","-50","8","-38","65","120","15","0","1","-2","74"
"198","102","167","113","113","51","7","-41","-51","7","-41","65","120","15","0","1","-2","74"
"199","102","169","112","112","51","6","-40","-51","6","-40","65","120","15","0","1","-2","74"
"200","100","168","114","114","51","6","-42","-51","6","-42","65","120","15","0","1","-2","74"
"201","99","169","114","114","51","6","-42","-51","6","-42","65","120","15","0","1","-2","74"
"202","99","170","114","114","51","5","-42","-51","5","-42","65","120","15","0","1","-2","74"
"203","99","171","112","112","52","5","-40","-52","5","-40","65","120","15","0","1","-2","74"
"204","98","171","113","113","52","5","-41","-52","5","-41","65","120","15","0","1","-2","74"
"205","97","170","113","113","52","6","-41","-52","6","-41","65","120","15","0","1","-2","74"
"206","97","170","115","115","52","5","-44","-52","5","-44","65","120","15","0","1","-2","74"
"207","99","171","111","111","52","6","-39","-52","6","-39","65","120","15","0","1","-2","74"
"208","98","168","114","114","52","6","-42","-52","6","-42","65","120","15","0","1","-2","74"
"209","99","169","111","111","52","7","-39","-52","7","-39","65","120","15","0","1","-2","74"
"210","96","167","115","115","52","7","-44","-52","7","-44","65","120","15","0","1","-2","74"
"211","98","168","114","114","52","6","-42","-52","6","-42","65","120","15","0","1","-2","74"
"212","97","167","116","116","52","6","-45","-52","6","-45","65","120","15","0","1","-2","74"
"213","97","167","116","116","52","6","-45","-52","6","-45","65","120","15","0","1","-2","74.5"
"214","98","167","114","114","52","7","-42","-52","7","-42","65","120","15","0","1","-2","74.5"
"215","101","168","112","112","51","7","-40","-51","7","-40","65","120","15","0","1","-2","74.5"
"216","101","168","112","112","51","7","-40","-51","7","-40","65","120","15","0","1","-2","74.5"
"217","101","167","112","112","51","7","-40","-51","7","-40","65","120","15","0","1","-2","74.5"
"218","103","169","109","109","51","7","-36","-51","7","-36","65","120","15","0","1","-2","74.5"
"219","104","169","110","110","50","7","-38","-50","7","-38","65","120","15","0","1","-2","74.5"
"220","104","168","110","110","50","7","-38","-50","7","-38","65","120","16","0","1","-2","74.5"
"221","104","168","109","109","51","8","-36","-51","8","-36","65","120","16","0","1","-2","74.5"
"222","104","167","110","110","50","8","-38","-50","8","-38","65","120","16","0","1","-2","74.5"
"223","104","167","110","110","50","8","-38","-50","8","-38","65","120","16","0","1","-2","74.5"
"224","104","167","111","111","50","8","-39","-50","8","-39","65","120","16","0","1","-2","74.5"
"225","102","164","114","114","50","8","-42","-50","8","-42","65","120","16","0","1","-2","74.5"
"226","101","163","117","117","50","8","-46","-50","8","-46","65","120","16","0","1","-2","74.5"
"227","102","163","116","116","50","8","-45","-50","8","-45","65","120","16","0","1","-2","74.5"
"228","103","163","115","115","50","8","-44","-50","8","-44","65","120","16","0","1","-2","74.5"
"229","103","163","115","115","50","8","-44","-50","8","-44","65","120","16","0","1","-2","74.5"
"230","103","163","115","115","50","8","-44","-50","8","-44","65","120","16","0","1","-2","74.5"
"231","102","163","115","115","50","8","-44","-50","8","-44","65","120","16","0","1","-2","74.5"
"232","103","163","113","113","50","9","-41","-50","9","-41","65","120","16","0","1","-2","74.5"
"233","104","163","113","113","50","9","-41","-50","9","-41","65","120","16","0","1","-2","74.5"
"234","106","164","111","111","50","9","-39","-50","9","-39","65","120","16","0","1","-2","74.5"
"235","104","163","114","114","50","8","-42","-50","8","-42","65","120","16","0","1","-2","74.5"
"236","105","163","112","112","50","9","-40","-50","9","-40","64","120","16","0","1","-2","74.5"
"237","105","162","113","113","50","9","-41","-50","9","-41","64","120","16","0","1","-2","74.5"
"238","105","162","115","115","49","9","-44","-49","9","-44","64","120","16","0","1","-2","74.5"
"239","105","161","114","114","49","9","-42","-49","9","-42","64","120","16","0","1","-2","74.5"
"240","107","162","115","115","49","9","-44","-49","9","-44","64","120","16","0","1","-2","74.5"
"241","109","163","113","113","48","9","-41","-48","9","-41","64","120","16","0","1","-2","74.5"
"242","108","161","117","117","48","9","-46","-48","9","-46","64","120","16","0","1","-2","74.5"
"243","108","161","118","118","48","8","-48","-48","8","-48","64","120","16","0","1","-2","74.5"
"244","113","162","114","114","47","9","-42","-47","9","-42","64","120","16","0","1","-2","74.5"
"245","113","162","114","114","47","9","-42","-47","9","-42","64","120","16","0","1","-2","75"
"246","114","162","116","116","46","8","-45","-46","8","-45","64","120","16","0","1","-2","75"
"247","117","161","116","116","45","9","-45","-45","9","-45","64","120","16","0","1","-2","75"
"248","117","161","115","115","46","9","-44","-46","9","-44","64","120","16","0","1","-2","75"
"249","117","161","115","115","46","9","-44","-46","9","-44","64","120","17","0","1","-2","75"
"250","120","160","116","116","44","9","-45","-44","9","-45","64","120","17","0","1","-2","75"
"251","120","159","118","118","44","9","-48","-44","9","-48","64","120","17","0","1","-2","75"
"252","121","158","120","120","43","9","-50","-43","9","-50","64","120","17","0","1","-2","75"
"253","124","158","118","118","43","10","-48","-43","10","-48","64","120","17","0","1","-2","75"
"254","124","157","119","119","43","10","-49","-43","10","-49","64","120","17","0","1","-2","75"
"255","128","159","116","116","42","10","-45","-42","10","-45","64","120","17","0","1","-2","75"
"256","128","157","118","118","42","10","-48","-42","10","-48","64","120","17","0","1","-2","75"
"257","128","155","123","123","41","10","-54","-41","10","-54","64","120","17","0","1","-2","75"
"258","131","157","120","120","40","10","-50","-40","10","-50","64","120","17","0","1","-2","75"
"259","132","156","120","120","40","10","-50","-40","10","-50","64","120","17","0","1","-2","75"
"260","134","156","119","119","40","10","-49","-40","10","-49","64","120","17","0","1","-2","75"
"261","136","156","119","119","39","10","-49","-39","10","-49","64","120","17","0","1","-2","75"
"262","137","156","118","118","39","10","-48","-39","10","-48","64","120","17","0","1","-2","75"
"263","137","154","120","120","38","11","-50","-38","11","-50","64","120","17","0","1","-2","75"
"264","136","152","122","122","38","11","-52","-38","11","-52","64","120","17","0","1","-2","75"
"265","138","151","121","121","38","12","-51","-38","12","-51","64","120","17","0","1","-2","75"
"266","139","151","121","121","38","12","-51","-38","12","-51","64","120","17","0","1","-2","75"
"267","141","152","117","117","38","12","-46","-38","12","-46","64","120","17","0","1","-2","75"
"268","142","153","114","114","38","12","-42","-38","12","-42","64","120","17","0","1","-2","75"
"269","141","150","116","116","38","13","-45","-38","13","-45","64","120","17","0","1","-2","75"
"270","141","150","116","116","38","13","-45","-38","13","-45","64","120","17","0","1","-2","75"
"271","141","150","118","118","38","13","-48","-38","13","-48","64","120","17","0","1","-2","75"
"272","141","150","118","118","38","13","-48","-38","13","-48","64","120","17","0","1","-2","75"
"273","139","149","121","121","38","13","-51","-38","13","-51","64","120","17","0","1","-2","75"
"274","139","149","122","122","38","12","-52","-38","12","-52","64","120","17","0","1","-2","75"
"275","138","150","121","121","38","12","-51","-38","12","-51","64","120","17","0","1","-2","75"
"276","139","150","121","121","38","12","-51","-38","12","-51","64","120","17","0","1","-2","74.5"
"277","139","149","121","121","38","13","-51","-38","13","-51","64","120","17","0","1","-2","74.5"
"278","141","156","114","114","38","11","-42","-38","11","-42","64","120","17","0","1","-2","74.5"
"279","141","156","114","114","38","11","-42","-38","11","-42","64","120","18","0","1","-2","74.5"
"280","139","156","118","118","38","10","-48","-38","10","-48","64","120","18","0","1","-2","74.5"
"281","140","160","115","115","38","10","-44","-38","10","-44","64","120","18","0","1","-2","74.5"
"282","136","160","121","121","39","8","-51","-39","8","-51","64","120","18","0","1","-2","74.5"
"283","138","164","116","116","39","8","-45","-39","8","-45","64","120","18","0","1","-2","74.5"
"284","136","165","116","116","39","7","-45","-39","7","-45","64","120","18","0","1","-2","74.5"
"285","137","166","114","114","39","7","-42","-39","7","-42","64","120","18","0","1","-2","74.5"
"286","138","167","112","112","39","7","-40","-39","7","-40","64","120","18","0","1","-2","74.5"
"287","135","165","118","118","39","7","-48","-39","7","-48","64","120","18","0","1","-2","74.5"
"288","137","168","113","113","40","7","-41","-40","7","-41","64","120","18","0","1","-2","74.5"
"289","137","168","111","111","40","7","-39","-40","7","-39","64","120","18","0","1","-2","74.5"
"290","136","170","110","110","40","6","-38","-40","6","-38","64","120","18","0","1","-2","74.5"
"291","131","166","117","117","41","7","-46","-41","7","-46","64","120","18","0","1","-2","74.5"
"292","131","166","117","117","41","7","-46","-41","7","-46","64","120","18","0","1","-2","74.5"
"293","134","166","113","113","41","8","-41","-41","8","-41","64","120","18","0","1","-2","74.5"
"294","134","162","112","112","41","9","-40","-41","9","-40","64","120","18","0","1","-2","74.5"
"295","131","157","118","118","41","10","-48","-41","10","-48","64","120","18","0","1","-2","74.5"
"296","130","155","115","115","42","12","-44","-42","12","-44","64","120","18","0","1","-2","74.5"
"297","129","152","117","117","42","12","-46","-42","12","-46","64","120","18","0","1","-2","74.5"
"298","128","150","118","118","42","13","-48","-42","13","-48","63","120","18","0","1","-2","74.5"
"299","126","148","121","121","42","13","-51","-42","13","-51","63","120","18","0","1","-2","74.5"
"300","126","150","117","117","42","13","-46","-42","13","-46","63","120","18","0","1","-2","74.5"
"301","126","150","113","113","43","14","-41","-43","14","-41","63","120","18","0","1","-2","74.5"
"302","126","149","115","115","43","14","-44","-43","14","-44","63","120","18","0","1","-2","74.5"
"303","125","148","116","116","43","14","-45","-43","14","-45","63","120","18","0","1","-2","74.5"
"304","124","148","117","117","43","14","-46","-43","14","-46","63","120","18","0","1","-2","74.5"
"305","126","151","112","112","43","14","-40","-43","14","-40","63","120","18","0","1","-2","74.5"
"306","123","149","116","116","43","14","-45","-43","14","-45","63","120","18","0","1","-2","74.5"
"307","123","150","115","115","44","14","-44","-44","14","-44","63","120","18","0","1","-2","75"
"308","124","152","113","113","44","13","-41","-44","13","-41","63","120","18","0","1","-2","75"
"309","122","154","116","116","44","12","-45","-44","12","-45","63","120","18","0","1","-2","75"
"310","122","154","116","116","44","12","-45","-44","12","-45","63","120","19","0","1","-2","75"
"311","123","155","115","115","44","12","-44","-44","12","-44","63","120","19","0","1","-2","75"
"312","124","156","112","112","44","12","-40","-44","12","-40","63","120","19","0","1","-2","75"
"313","122","157","114","114","44","11","-42","-44","11","-42","63","120","19","0","1","-2","75"
"314","123","159","115","115","44","10","-44","-44","10","-44","63","120","19","0","1","-2","75"
"315","124","160","113","113","44","10","-41","-44","10","-41","63","120","19","0","1","-2","75"
"316","123","160","114","114","44","10","-42","-44","10","-42","63","120","19","0","1","-2","75"
"317","121","158","117","117","44","10","-46","-44","10","-46","63","120","19","0","1","-2","75"
"318","592","44","47","47","-92","72","41","92","72","41","63","120","19","0","1","-2","75"
"319","120","157","119","119","44","10","-49","-44","10","-49","63","120","19","0","1","-2","75"
"320","589","44","48","48","-92","72","40","92","72","40","63","120","19","0","1","-2","75"
"321","121","160","116","116","44","9","-45","-44","9","-45","63","120","19","0","1","-2","75"
"322","583","46","50","50","-90","70","38","90","70","38","63","120","19","0","1","-2","75"
"323","120","162","116","116","44","8","-45","-44","8","-45","63","120","19","0","1","-2","75"
"324","578","45","52","52","-89","70","35","89","70","35","63","120","19","0","1","-2","75"
"325","120","163","115","115","45","8","-44","-45","8","-44","63","120","19","0","1","-2","75"
"326","576","46","51","51","-88","70","36","88","70","36","63","120","19","0","2","-4","75"
"327","121","165","113","113","45","8","-41","-45","8","-41","63","120","19","0","2","-4","75"
"328","572","46","51","51","-87","70","36","87","70","36","63","120","19","0","2","-4","75"
"329","121","164","115","115","44","8","-44","-44","8","-44","63","120","19","0","2","-4","75"
"330","569","46","51","51","-86","70","36","86","70","36","63","120","19","0","2","-4","75"
"331","121","165","114","114","44","8","-42","-44","8","-42","63","120","19","0","2","-4","75"
"332","564","46","52","52","-84","70","35","84","70","35","63","120","19","0","3","-7","75"
"333","119","165","116","116","45","7","-45","-45","7","-45","63","120","19","0","3","-7","75"
"334","563","46","51","51","-84","70","36","84","70","36","63","120","19","0","3","-7","75"
"335","120","165","116","116","44","7","-45","-44","7","-45","63","120","19","0","3","-7","75"
"336","568","46","51","51","-85","70","36","85","70","36","63","120","19","0","3","-7","75"
"337","129","165","115","115","42","8","-44","-42","8","-44","63","120","19","0","3","-7","75"
"338","585","46","50","50","-91","70","38","91","70","38","63","120","19","0","4","-9","75"
"339","150","166","112","112","36","8","-40","-36","8","-40","63","120","19","0","4","-9","75"
"340","585","46","50","50","-91","70","38","91","70","38","63","120","19","0","4","-9","75"
"341","150","166","112","112","36","8","-40","-36","8","-40","63","120","19","0","4","-9","75"
"342","160","165","114","114","32","8","-42","-32","8","-42","63","120","19","0","4","-9","75"
"343","176","167","108","108","28","8","-35","-28","8","-35","63","120","19","0","5","-12","75"
"344","185","168","111","111","25","7","-39","-25","7","-39","63","120","19","0","5","-12","75"
"345","195","171","112","112","22","5","-40","-22","5","-40","63","120","19","0","5","-12","75"
"346","207","173","110","110","18","5","-38","-18","5","-38","63","120","19","0","5","-15","75"
"347","219","174","107","107","15","5","-34","-15","5","-34","63","120","19","0","5","-15","75"
"348","230","174","109","109","11","5","-36","-11","5","-36","63","120","19","0","5","-15","75"
"349","242","175","107","107","8","5","-34","-8","5","-34","63","120","19","0","4","-17","75"
"350","260","173","109","109","2","5","-36","-2","5","-36","63","120","19","0","4","-17","75"
"351","260","173","109","109","2","5","-36","-2","5","-36","63","120","19","0","4","-17","75"
"352","270","173","105","105","-1","6","-31","0","6","-31","63","120","20","0","4","-18","75"
"353","279","172","104","104","-3","7","-30","3","7","-30","63","120","20","0","4","-18","75"
"354","283","170","107","107","-5","7","-34","5","7","-34","63","120","20","0","4","-18","75"
"355","293","170","100","100","-7","8","-25","7","8","-25","63","120","20","0","3","-19","75"
"356","297","170","100","100","-8","8","-25","8","8","-25","63","120","20","0","3","-19","75"
"357","302","170","99","99","-10","9","-24","10","9","-24","63","120","20","0","3","-19","75"
"358","305","168","99","99","-11","10","-24","11","10","-24","63","120","20","0","3","-19","75"
"359","308","168","99","99","-12","10","-24","12","10","-24","63","120","20","0","3","-19","75"
"360","310","168","98","98","-12","10","-22","12","10","-22","63","120","20","0","3","-19","75"
"361","313","170","94","94","-12","10","-18","12","10","-18","63","120","20","0","3","-19","75"
"362","314","169","94","94","-13","10","-18","13","10","-18","63","120","20","0","2","-19","75"
"363","314","169","94","94","-13","10","-18","13","10","-18","63","120","20","0","2","-19","75"
"364","315","168","94","94","-13","10","-18","13","10","-18","63","120","20","0","2","-19","75"
"365","316","167","94","94","-13","11","-18","13","11","-18","63","120","20","0","2","-19","75"
"366","317","167","92","92","-13","11","-15","13","11","-15","63","120","20","0","2","-19","75"
"367","318","167","91","91","-13","12","-14","13","12","-14","63","120","20","0","2","-19","75"
"368","318","166","92","92","-14","12","-15","14","12","-15","63","120","20","0","1","-18","75"
"369","318","165","92","92","-14","12","-15","14","12","-15","63","120","20","0","1","-18","75"
"370","318","164","93","93","-14","12","-16","14","12","-16","63","120","20","0","1","-18","75"
"371","320","163","90","90","-14","13","-12","14","13","-12","62","120","20","0","0","-18","75"
"372","318","161","94","94","-14","13","-18","14","13","-18","62","120","20","0","0","-18","75"
"373","320","162","88","88","-14","14","-10","14","14","-10","62","120","20","0","0","-18","75"
"374","321","161","89","89","-14","15","-11","14","15","-11","62","120","20","0","0","-17","75"
"375","322","161","88","88","-14","15","-10","14","15","-10","62","120","20","0","0","-17","75"
"376","322","161","87","87","-14","15","-9","14","15","-9","62","120","20","0","0","-17","75"
"377","323","162","85","85","-14","15","-6","14","15","-6","62","120","20","0","0","-17","75"
"378","323","162","85","85","-14","15","-6","14","15","-6","62","120","20","0","0","-17","75"
"379","324","161","83","83","-14","16","-4","14","16","-4","62","120","20","0","0","-17","75"
"380","324","161","83","83","-14","16","-4","14","16","-4","62","120","20","0","0","-17","75"
"381","325","160","85","85","-15","16","-6","15","16","-6","62","120","20","0","0","-16","75"
"382","325","160","85","85","-15","16","-6","15","16","-6","62","120","20","0","0","-16","75"
"383","594","67","43","43","-92","63","46","92","63","46","62","120","20","0","0","-16","75"
"384","324","161","82","82","-14","16","-2","14","16","46","62","120","20","0","0","-16","75"
"385","588","65","47","47","-91","63","41","91","63","41","62","120","21","0","0","-16","75"
"386","325","162","80","80","-14","16","0","14","16","41","62","120","21","0","0","-16","75"
"387","583","67","47","47","-89","62","41","89","62","41","62","120","21","0","0","-16","75"
"388","324","162","79","79","-13","16","1","13","16","41","62","120","21","0","0","-16","75"
"389","577","67","47","47","-88","62","41","88","62","41","62","120","21","0","0","-16","75"
"390","322","163","79","79","-13","16","1","13","16","41","62","120","21","0","0","-16","75"
"391","570","68","45","45","-85","62","44","85","62","44","62","120","21","0","0","-15","75"
"392","320","162","80","80","-12","16","0","12","16","44","62","120","21","0","0","-15","75"
"393","563","68","46","46","-83","62","42","83","62","42","62","120","21","0","0","-15","75"
"394","318","163","80","80","-12","15","0","12","15","42","62","120","21","0","0","-15","75"
"395","548","69","47","47","-78","62","41","78","62","41","62","120","21","0","0","-15","75"
"396","314","164","79","79","-10","15","1","10","15","41","62","120","21","0","0","-15","75"
"397","542","70","44","44","-76","62","45","76","62","45","62","120","21","0","0","-15","75"
"398","313","166","78","78","-10","15","2","10","15","2","62","120","21","0","0","-15","75"
"399","534","71","46","46","-74","61","42","74","61","42","62","120","21","0","0","-15","75"
"400","311","166","77","77","-9","15","4","9","15","4","62","120","21","0","0","-15","75"
"401","526","72","44","44","-71","61","45","71","61","45","62","120","21","0","0","-15","75"
"402","309","168","76","76","-8","14","5","8","14","5","62","120","21","0","0","-15","75"
"403","518","72","46","46","-69","60","42","69","60","42","62","120","21","0","-1","-14","75"
"404","307","167","78","78","-8","14","2","8","14","2","62","120","21","0","-1","-14","75"
"405","511","74","44","44","-67","60","45","67","60","45","62","120","21","0","-3","-14","75"
"406","305","168","77","77","-7","14","4","7","14","4","62","120","21","0","-3","-14","75"
"407","504","74","44","44","-64","60","45","64","60","45","62","120","21","0","-3","-14","75"
"408","305","170","73","73","-7","14","9","7","14","9","62","120","21","0","-3","-14","75"
"409","497","76","44","44","-62","59","45","62","59","45","62","120","21","0","-3","-14","75"
"410","302","170","75","75","-6","14","6","6","14","6","62","120","21","0","-3","-14","75"
"411","490","78","43","43","-60","59","46","60","59","46","62","120","21","0","-2","-13","75"
"412","299","170","77","77","-5","13","4","5","13","4","62","120","21","0","-2","-13","75"
"413","482","78","44","44","-57","58","45","57","58","45","62","120","21","0","-2","-13","75"
"414","298","171","77","77","-5","13","4","5","13","4","62","120","21","0","-2","-13","75"
"415","477","79","41","41","-55","59","49","55","59","49","62","120","21","0","-2","-13","75"
"416","297","172","76","76","-5","12","5","5","12","5","62","120","21","0","-2","-13","75"
"417","470","80","41","41","-53","58","49","53","58","49","62","120","21","0","0","-13","75"
"418","298","175","73","73","-4","12","9","4","12","9","62","120","21","0","0","-13","75"
"419","464","80","41","41","-51","58","49","51","58","49","62","120","21","0","0","-13","75"
"420","295","175","74","74","-4","12","8","4","12","8","62","120","21","0","0","-13","75"
"421","458","80","42","42","-50","58","48","50","58","48","62","120","21","0","0","-13","75"
"422","294","175","76","76","-4","11","5","4","11","5","62","120","21","0","0","-13","75"
"423","447","81","42","42","-46","57","48","46","57","48","62","120","21","0","0","-13","75"
"424","292","177","75","75","-3","11","6","3","11","6","62","120","21","0","0","-13","75"
"425","447","81","42","42","-46","57","48","46","57","48","62","120","21","0","0","-13","75"
"426","292","177","75","75","-3","11","6","3","11","6","62","120","21","0","0","-13","75"
"427","435","80","43","43","-42","58","46","42","58","46","62","120","21","0","0","-13","75"
"428","291","179","74","74","-2","10","8","42","10","8","62","120","21","0","0","-13","75"
"429","435","80","43","43","-42","58","46","42","58","46","62","120","21","0","0","-13","75"
"430","291","179","74","74","-2","10","8","42","10","8","62","120","21","0","0","-13","75"
"431","432","81","42","42","-42","57","48","42","57","48","62","120","21","0","0","-13","75"
"432","290","180","75","75","-2","10","6","42","10","6","62","120","21","0","0","-13","75"
"433","427","82","41","41","-40","57","49","40","57","49","62","120","21","0","0","-13","75"
"434","290","182","73","73","-2","9","9","40","9","9","62","120","21","0","0","-13","75"
"435","422","81","43","43","-38","57","46","38","57","46","62","120","21","0","0","-13","75"
"436","288","182","77","77","-2","8","4","38","8","4","62","120","21","0","0","-13","75"
"437","413","83","43","43","-36","57","46","36","57","46","62","130","21","0","0","-13","75.5"
"438","286","183","79","79","-2","8","1","36","8","46","62","130","21","0","0","-13","75.5"
"439","413","83","43","43","-36","57","46","36","57","46","62","130","21","0","0","-13","75.5"
"440","286","183","79","79","-2","8","1","36","8","46","62","130","21","0","0","-13","75.5"
"441","409","84","43","43","-34","56","46","34","56","46","62","130","21","0","0","-13","75.5"
"442","287","185","78","78","-2","7","2","34","7","2","62","130","21","0","0","-13","75.5"
"443","406","86","40","40","-33","56","50","33","56","50","62","130","22","0","1","-11","75.5"
"444","287","186","79","79","-2","6","1","33","6","50","62","130","22","0","1","-11","75.5"
"445","399","86","43","43","-31","55","46","31","55","46","62","130","22","0","1","-11","75.5"
"446","288","187","76","76","-2","6","5","31","6","5","62","130","22","0","1","-11","75.5"
"447","387","89","41","41","-27","55","49","27","55","49","62","130","22","0","0","-9","75.5"
"448","284","189","76","76","-1","5","5","27","5","5","62","130","22","0","0","-9","75.5"
"449","275","189","77","77","2","5","4","-2","5","4","62","130","22","0","0","-9","75.5"
"450","267","191","76","76","5","5","5","-5","5","5","62","130","22","0","0","-9","75.5"
"451","267","191","76","76","5","5","5","-5","5","5","62","130","22","0","0","-7","75.5"
"452","260","191","75","75","7","5","6","-7","5","6","62","130","22","0","0","-7","75.5"
"453","250","191","79","79","10","4","1","-10","4","0","62","130","22","0","0","-7","75.5"
"454","243","191","79","79","12","4","1","-12","4","0","62","130","22","0","0","-5","75.5"
"455","237","192","78","78","14","4","2","-14","4","2","62","130","22","0","0","-5","75.5"
"456","229","193","79","79","16","3","1","-16","3","0","62","130","22","0","0","-5","75.5"
"457","222","193","81","81","18","3","-1","-18","3","0","62","130","22","0","0","-4","75.5"
"458","216","193","82","82","20","2","-2","-20","2","0","62","130","22","0","0","-4","75.5"
"459","269","88","42","42","9","55","48","-9","55","48","62","130","22","0","0","-4","75.5"
"460","210","193","84","84","21","2","-5","-21","2","-5","62","130","22","0","0","-4","75.5"
"461","263","88","40","40","12","55","50","-12","55","50","61","130","22","0","0","-5","75.5"
"462","208","194","83","83","22","2","-4","-22","2","-4","61","130","22","0","0","-5","75.5"
"463","257","88","41","41","13","55","49","-13","55","49","61","130","22","0","0","-5","75.5"
"464","206","194","85","85","22","2","-6","-22","2","-6","61","130","22","0","0","-5","75.5"
"465","252","88","40","40","15","55","50","-15","55","50","61","130","22","0","0","-5","75.5"
"466","205","194","85","85","23","2","-6","-23","2","-6","61","130","22","0","0","-5","75.5"
"467","248","88","40","40","16","55","50","-16","55","50","61","130","22","0","1","-5","75.5"
"468","204","194","88","88","22","1","-10","-22","55","-10","61","130","22","0","1","-5","75.5"
"469","205","194","87","87","22","1","-9","-22","0","-9","61","130","22","0","1","-5","75.5"
"470","206","195","87","87","22","1","-9","-22","0","-9","61","130","22","0","1","-5","75.5"
"471","208","197","85","85","22","0","-6","-22","0","-6","61","130","22","0","1","-5","75.5"
"472","230","88","39","39","22","55","51","-22","55","51","61","130","22","0","1","-6","75.5"
"473","209","198","85","85","22","0","-6","-22","55","-6","61","130","22","0","1","-6","75.5"
"474","225","88","39","39","24","55","51","-24","55","51","61","130","22","0","1","-6","75.5"
"475","210","201","86","86","21","-2","-8","-21","55","-8","61","130","22","0","1","-6","75.5"
"476","211","202","87","87","21","-2","-9","-21","0","-9","61","130","22","0","1","-6","75.5"
"477","211","202","87","87","21","-2","-9","-21","0","-9","61","130","22","0","1","-7","75.5"
"478","214","204","87","87","20","-3","-9","-20","-3","-9","61","130","22","0","1","-7","75.5"
"479","216","204","88","88","19","-3","-10","-19","-3","-10","61","130","22","0","1","-7","75.5"
"480","222","205","86","86","17","-3","-8","-17","-3","-8","61","130","22","0","2","-8","74.5"
"481","235","204","88","88","13","-3","-10","-13","-3","-10","61","130","22","0","2","-8","74.5"
"482","235","204","88","88","13","-3","-10","-13","-3","-10","61","130","22","0","2","-8","74.5"
"483","242","201","89","89","11","-2","-11","-11","0","-11","61","130","22","0","2","-8","74.5"
"484","254","201","82","82","8","-1","-2","-8","0","0","61","130","23","0","2","-9","74.5"
"485","264","201","81","81","5","0","-1","-5","0","0","61","130","23","0","2","-9","74.5"
"486","264","201","81","81","5","0","-1","-5","0","0","61","130","23","0","2","-9","74.5"
"487","269","202","81","81","3","-1","-1","-3","0","0","61","130","23","0","2","-10","74.5"
"488","432","224","84","84","-48","-11","-5","48","-11","-5","61","130","23","0","1","-10","75"
"489","432","224","84","84","-48","-11","-5","48","-11","-5","61","130","23","0","1","-10","75"
"490","73","90","41","41","71","54","49","-71","54","49","61","130","24","0","1","-8","75"
"491","32","50","94","94","75","60","-18","-75","60","-18","61","130","24","0","1","-8","75"
"492","69","90","40","40","72","54","50","-72","54","50","61","130","24","0","1","-8","75"
"493","28","51","94","94","77","59","-18","-77","59","-18","61","130","24","0","1","-8","75"
"494","26","52","90","90","78","60","-12","-78","60","-12","61","130","24","0","1","-8","75"
"495","27","55","88","88","78","59","-10","-78","59","-10","61","130","24","0","1","-8","75"
"496","42","89","44","44","80","54","45","-80","54","45","60","130","24","0","1","-10","75"
"497","94","96","37","37","65","52","54","-65","52","54","60","130","24","0","1","-17","75"
"498","71","102","39","39","72","50","51","-72","50","51","60","130","25","0","1","-17","76"
"499","68","101","40","40","72","50","50","-72","50","50","60","130","25","0","1","-17","76"
"500","64","102","37","37","74","50","54","-74","50","54","60","130","25","0","1","-17","76"
"501","60","102","37","37","76","50","54","-76","50","54","60","130","25","0","1","-17","76"
"502","57","103","37","37","77","50","54","-77","50","54","60","130","25","0","0","-18","76"
"503","53","102","37","37","78","50","54","-78","50","54","60","130","25","0","0","-18","76"
"504","189","108","37","37","35","48","54","-35","48","54","60","140","26","0","1","-28","75"
"505","201","108","36","36","32","48","55","-32","48","55","59","140","27","0","1","-28","75.5"
"506","204","108","35","35","31","48","56","-31","48","56","59","140","27","0","1","-28","75.5"
"507","207","108","36","36","30","48","55","-30","48","55","59","140","27","0","1","-28","75.5"
"508","537","307","101","101","-83","-49","-26","83","-49","-26","57","140","32","0","0","-29","76.5"
"509","535","306","101","101","-83","-48","-26","83","-48","-26","57","140","32","0","0","-29","76.5"
"510","528","304","105","105","-81","-48","-31","81","-48","-31","57","140","32","0","0","-29","76.5"
"511","526","303","106","106","-81","-48","-32","81","-48","-32","57","140","32","0","0","-29","76.5"
"512","523","303","107","107","-80","-48","-34","80","-48","-34","57","140","32","0","0","-29","76.5"
"513","520","303","108","108","-79","-49","-35","79","-49","-35","57","140","32","0","0","-29","76.5"
"514","519","304","105","105","-78","-48","-31","78","-48","-31","57","140","32","0","0","-29","76.5"
"515","513","302","109","109","-77","-48","-36","77","-48","-36","57","140","32","0","0","-29","76.5"
"516","513","304","104","104","-77","-48","-30","77","-48","-30","57","140","32","0","1","-23","76.5"
"517","509","305","102","102","-75","-48","-28","75","-48","-28","57","140","32","0","1","-23","76.5"
"518","498","303","102","102","-72","-48","-28","72","-48","-28","57","140","32","0","1","-23","76.5"
"519","469","301","99","99","-62","-46","-24","62","-46","-24","56","140","32","0","2","-17","76.5"
"520","439","297","99","99","-52","-44","-24","52","-44","-24","56","140","32","0","2","-17","76.5"
"521","412","293","98","98","-44","-42","-22","44","-42","-22","56","140","32","0","2","-17","76.5"
"522","412","293","98","98","-44","-42","-22","44","-42","-22","56","140","32","0","3","-10","76.5"
"523","381","290","99","99","-34","-41","-24","34","-41","-24","56","140","32","0","3","-10","76.5"
"524","352","287","96","96","-25","-40","-20","25","-40","-20","56","140","32","0","3","-10","76.5"
"525","321","285","94","94","-15","-38","-18","15","-38","-18","56","140","32","0","3","-10","76.5"
"526","292","284","93","93","-6","-38","-16","6","-38","-16","56","130","32","0","3","-5","76.5"
"527","292","284","93","93","-6","-38","-16","6","-38","-16","56","130","32","0","3","-5","76.5"
"528","261","280","94","94","4","-36","-18","-4","-36","-18","56","130","32","0","3","-5","76.5"
"529","230","276","94","94","13","-35","-18","-13","-35","-18","56","130","32","0","3","-5","76.5"
"530","176","267","97","97","30","-31","-21","-30","-31","-21","56","130","32","0","3","-2","76.5"
"531","176","267","97","97","30","-31","-21","-30","-31","-21","56","130","32","0","3","-2","76.5"
"532","176","267","97","97","30","-31","-21","-30","-31","-21","56","130","32","0","3","-2","76.5"
"533","154","262","96","96","37","-29","-20","-37","-29","-20","56","130","32","0","3","-2","76.5"
"534","136","256","95","95","43","-26","-19","-43","-26","-19","56","130","33","0","2","-1","76"
"535","136","256","95","95","43","-26","-19","-43","-26","-19","56","130","33","0","2","-1","76"
"536","117","247","98","98","48","-23","-22","-48","-23","-22","56","130","33","0","2","-1","76"
"537","105","240","97","97","52","-20","-21","-52","-20","-21","56","130","33","0","2","-1","76"
"538","105","240","97","97","52","-20","-21","-52","-20","-21","56","130","33","0","1","-2","76"
"539","94","231","99","99","55","-17","-24","-55","-17","-24","56","130","33","0","1","-2","76"
"540","87","222","99","99","57","-13","-24","-57","-13","-24","56","130","33","0","1","-2","76"
"541","81","214","100","100","59","-10","-25","-59","-10","-25","56","130","33","0","1","-2","76"
"542","76","206","100","100","61","-7","-25","-61","-7","-25","56","120","33","0","1","-4","76"
"543","76","206","100","100","61","-7","-25","-61","-7","-25","56","120","33","0","1","-4","76"
"544","72","197","102","102","62","-3","-28","-62","-3","-28","56","120","33","0","1","-4","76"
"545","69","189","104","104","62","0","-30","-62","0","-30","56","120","33","0","1","-4","76"
"546","68","182","106","106","62","2","-32","-62","2","-32","56","120","33","0","1","-8","76"
"547","82","181","100","100","59","4","-25","-59","4","-25","56","120","33","0","1","-8","76"
"548","82","181","100","100","59","4","-25","-59","4","-25","56","120","33","0","1","-8","76"
"549","96","176","102","102","54","5","-28","-54","5","-28","56","120","33","0","1","-8","76"
"550","111","173","103","103","49","7","-29","-49","7","-29","56","120","33","0","1","-12","76"
"551","133","173","101","101","43","7","-26","-43","7","-26","56","120","33","0","1","-12","76"
"552","154","174","98","98","37","7","-22","-37","7","-22","56","120","33","0","1","-12","76"
"553","154","174","98","98","37","7","-22","-37","7","-22","56","120","33","0","1","-12","76"
"554","175","171","99","99","30","8","-24","-30","8","-24","56","120","33","0","2","-17","76"
"555","196","167","101","101","23","10","-26","-23","10","-26","56","120","33","0","2","-17","76"
"556","216","164","100","100","17","11","-25","-17","11","-25","56","120","33","0","2","-17","76"
"557","238","162","97","97","11","12","-21","-11","12","-21","56","120","33","0","2","-17","76"
"558","238","162","97","97","11","12","-21","-11","12","-21","56","120","33","0","2","-21","76"
"559","259","160","96","96","4","13","-20","-4","13","-20","56","120","33","0","2","-21","76"
"560","295","155","97","97","-7","15","-21","7","15","-21","56","120","33","0","2","-21","76"
"561","295","155","97","97","-7","15","-21","7","15","-21","56","120","33","0","2","-24","76"
"562","312","156","93","93","-12","16","-16","12","16","-16","56","120","33","0","2","-24","76"
"563","326","157","91","91","-16","16","-14","16","16","-14","56","120","33","0","2","-24","76"
"564","337","156","93","93","-20","16","-16","20","16","-16","56","120","33","0","2","-26","76"
"565","347","159","89","89","-22","15","-11","22","15","-11","56","120","33","0","2","-26","76"
"566","353","159","91","91","-24","15","-14","24","15","-14","56","120","33","0","2","-26","76"
"567","364","162","90","90","-28","14","-12","28","14","-12","56","120","33","0","1","-26","76"
"568","364","162","90","90","-28","14","-12","28","14","-12","56","120","33","0","1","-26","76"
"569","367","162","91","91","-29","14","-14","29","14","-14","56","120","33","0","1","-26","76"
"570","374","165","90","90","-31","12","-12","31","12","-12","56","120","34","0","1","-26","76"
"571","377","165","91","91","-32","12","-14","32","12","-14","56","120","34","0","1","-26","76"
"572","384","168","87","87","-33","12","-9","33","12","-9","56","120","34","0","1","-25","76"
"573","393","168","85","85","-36","12","-6","36","12","-6","56","120","34","0","1","-25","76"
"574","403","169","84","84","-39","12","-5","39","12","-5","56","120","34","0","1","-25","76"
"575","412","167","82","82","-42","13","-2","42","13","0","56","120","34","0","0","-24","76"
"576","421","166","78","78","-44","15","2","44","15","2","56","120","34","0","0","-24","76"
"577","431","164","76","76","-47","16","5","47","16","5","56","120","34","0","0","-24","76"
"578","439","162","75","75","-49","17","6","49","17","6","56","120","34","0","0","-22","76"
"579","443","161","73","73","-50","18","9","50","18","9","56","120","34","0","0","-22","76"
"580","446","159","71","71","-50","19","11","50","19","11","56","120","34","0","0","-22","76"
"581","447","157","68","68","-50","20","15","50","20","15","56","120","34","0","0","-19","76"
"582","446","155","66","66","-50","22","18","50","22","18","56","120","34","0","0","-19","76"
"583","442","151","69","69","-49","23","14","49","23","14","55","120","34","0","0","-17","76"
"584","441","151","64","64","-48","24","20","48","24","20","55","120","34","0","0","-17","76"
"585","441","151","64","64","-48","24","20","48","24","20","55","120","34","0","0","-17","76"
"586","427","148","66","66","-44","25","18","44","25","18","55","120","34","0","0","-13","76"
"587","427","148","66","66","-44","25","18","44","25","18","55","120","34","0","0","-13","76"
"588","419","147","65","65","-41","25","19","41","25","19","55","120","34","0","0","-13","76"
"589","410","145","64","64","-38","26","20","38","26","20","55","120","34","0","0","-9","76"
"590","399","145","61","61","-34","27","24","34","27","24","55","120","34","0","0","-9","76"
"591","387","144","61","61","-30","28","24","30","28","24","55","120","34","0","0","-9","76"
"592","373","143","62","62","-26","28","22","26","28","22","55","120","34","0","0","-9","76"
"593","360","143","63","63","-22","28","21","22","28","21","55","120","34","0","-1","-6","76"
"594","360","143","63","63","-22","28","21","22","28","21","55","120","34","0","-1","-6","76"
"595","346","143","63","63","-18","28","21","18","28","21","55","120","34","0","-1","-6","76"
"596","333","144","63","63","-14","27","21","14","27","21","55","120","34","0","-1","-3","76"
"597","305","146","61","61","-5","27","24","5","27","24","55","120","34","0","-1","-3","76"
"598","305","146","61","61","-5","27","24","5","27","24","55","120","34","0","-1","-3","76"
"599","291","147","63","63","-1","26","21","0","26","21","55","120","34","0","-1","-3","76"
"600","291","147","63","63","-1","26","21","0","26","21","55","120","34","0","-1","-3","76"
"601","278","149","62","62","3","25","22","-3","25","22","55","120","34","0","-1","-3","76"
"602","264","148","67","67","7","25","16","-7","25","16","55","120","35","0","-1","-1","76"
"603","284","303","72","72","0","-41","10","-7","-41","10","55","120","35","0","-1","-1","76"
"604","253","150","68","68","10","23","15","-10","23","15","55","120","35","0","-1","-1","76"
"605","243","151","68","68","13","23","15","-13","23","15","55","120","35","0","-1","0","76"
"606","234","152","70","70","16","22","12","-16","22","12","55","120","35","0","-1","0","76"
"607","234","152","70","70","16","22","12","-16","22","12","55","120","35","0","-1","0","76"
"608","228","154","66","66","18","22","18","-18","22","18","55","120","35","0","-1","0","76"
"609","221","155","68","68","20","21","15","-20","21","15","55","130","35","0","-1","0","76"
"610","217","156","66","66","22","21","18","-22","21","18","55","130","35","0","-1","0","76"
"611","217","156","66","66","22","21","18","-22","21","18","55","130","35","0","-1","0","76"
"612","212","157","68","68","23","20","15","-23","20","15","55","130","35","0","0","0","76"
"613","207","161","69","69","25","19","14","-25","19","14","55","130","35","0","0","0","76"
"614","205","162","68","68","25","18","15","-25","18","15","55","130","35","0","0","0","76"
"615","205","162","68","68","25","18","15","-25","18","15","55","130","35","0","0","-1","76"
"616","205","162","69","69","25","18","14","-25","18","14","55","130","35","0","0","-1","76"
"617","203","162","71","71","26","18","11","-26","18","11","55","130","35","0","0","-1","76"
"618","204","164","71","71","25","17","11","-25","17","11","55","130","35","0","0","-1","76"
"619","205","166","68","68","25","17","15","-25","17","15","55","130","35","0","0","-2","76"
"620","205","165","70","70","25","17","12","-25","17","12","55","130","35","0","0","-2","76"
"621","205","165","70","70","25","17","12","-25","17","12","55","130","35","0","0","-2","76"
"622","206","167","70","70","25","16","12","-25","16","12","55","130","35","0","0","-2","76"
"623","205","167","72","72","25","15","10","-25","15","10","55","130","35","0","0","-3","76"
"624","207","170","71","71","24","15","11","-24","15","11","55","130","35","0","0","-3","76"
"625","208","171","70","70","24","14","12","-24","14","12","55","130","35","0","0","-3","76"
"626","208","171","70","70","24","14","12","-24","14","12","55","130","35","0","0","-3","76"
"627","211","172","70","70","23","14","12","-23","14","12","55","130","35","0","0","-4","76"
"628","215","172","72","72","22","13","10","-22","13","10","55","130","35","0","0","-4","76"
"629","223","176","67","67","20","13","16","-20","13","16","55","130","35","0","0","-4","76"
"630","223","176","67","67","20","13","16","-20","13","16","55","130","35","0","0","-4","76"
"631","228","176","71","71","18","12","11","-18","12","11","55","130","35","0","0","-5","76"
"632","233","177","70","70","16","12","12","-16","12","12","55","130","35","0","0","-5","76"
"633","241","180","68","68","14","11","15","-14","11","15","55","130","35","0","0","-5","76"
"634","241","180","68","68","14","11","15","-14","11","15","55","130","35","0","0","-5","76"
"635","249","181","75","75","11","9","6","-11","9","6","55","130","35","0","0","-6","76"
"636","249","181","75","75","11","9","6","-11","9","6","55","130","35","0","0","-6","76"
"637","249","181","75","75","11","9","6","-11","9","6","55","130","35","0","0","-6","76"
"638","255","184","73","73","9","8","9","-9","8","9","55","130","35","0","0","-6","76"
"639","261","186","73","73","7","8","9","-7","8","9","55","130","36","0","0","-7","76.5"
"640","267","190","70","70","6","6","12","-6","6","12","55","130","36","0","0","-7","76.5"
"641","267","190","70","70","6","6","12","-6","6","12","55","130","36","0","0","-7","76.5"
"642","274","195","67","67","4","5","16","-4","5","16","55","130","36","0","0","-7","76.5"
"643","277","196","69","69","3","4","14","-3","4","14","55","130","36","0","0","-8","76.5"
"644","279","198","71","71","2","3","11","-2","3","11","55","130","36","0","0","-8","76.5"
"645","279","198","71","71","2","3","11","-2","3","11","55","130","36","0","0","-8","76.5"
"646","283","201","70","70","1","2","12","0","2","12","55","130","36","0","0","-8","76.5"
"647","287","204","66","66","0","1","18","0","0","18","55","130","36","0","0","-8","76.5"
"648","288","204","69","69","-1","1","14","0","0","14","55","130","36","0","0","-8","76.5"
"649","288","204","69","69","-1","1","14","0","0","14","55","130","36","0","0","-8","76.5"
"650","292","207","67","67","-2","0","16","0","0","16","55","130","36","0","0","-8","76.5"
"651","293","208","66","66","-2","0","18","0","0","18","55","130","36","0","0","-8","76.5"
"652","291","205","74","74","-2","-1","8","0","0","8","55","130","36","0","0","-8","76.5"
"653","291","205","74","74","-2","-1","8","0","0","8","55","130","36","0","0","-8","76.5"
"654","294","208","70","70","-3","-1","12","3","0","12","55","130","36","0","0","-8","76.5"
"655","296","211","68","68","-3","-2","15","3","0","15","55","130","36","0","0","-8","76.5"
"656","295","211","71","71","-3","-2","11","3","0","11","55","130","36","0","0","-8","76.5"
"657","295","212","69","69","-3","-2","14","3","0","14","55","130","36","0","0","-8","76.5"
"658","295","212","69","69","-3","-2","14","3","0","14","55","130","36","0","0","-8","76.5"
"0","309","150","89","89","-10","19","-11","10","19","-11","47","40","46","0","0","-7","80.5"
"1","310","148","89","89","-11","20","-11","11","20","-11","47","40","46","0","0","-7","80.5"
"2","310","148","89","89","-11","20","-11","11","20","-11","47","40","46","0","0","-7","80.5"
"3","309","151","88","88","-10","19","-10","10","19","-10","47","40","46","0","0","-7","80.5"
"4","308","150","90","90","-10","19","-12","10","19","-12","47","40","46","0","0","-7","80.5"
"5","309","150","91","91","-11","19","-14","11","19","-14","47","40","46","0","0","-7","80.5"
"6","310","153","85","85","-10","19","-6","10","19","-6","47","40","46","0","0","-7","80.5"
"7","307","150","90","90","-10","19","-12","10","19","-12","47","40","46","0","0","-7","80.5"
"8","309","151","89","89","-10","19","-11","10","19","-11","47","40","46","0","0","-7","80.5"
"9","309","152","87","87","-10","19","-9","10","19","-9","47","40","46","0","0","-7","80"
"10","308","151","89","89","-10","19","-11","10","19","-11","47","40","46","0","0","-7","80"
"11","307","150","92","92","-10","18","-15","10","18","-15","47","40","46","0","0","-7","80"
"12","308","153","84","84","-9","19","-5","9","19","-5","47","40","46","0","0","-7","80"
"13","308","153","84","84","-9","19","-5","9","19","-5","47","40","46","0","0","-7","80"
"14","304","148","90","90","-9","20","-12","9","20","-12","47","40","46","0","0","-7","80"
"15","300","145","94","94","-8","20","-18","8","20","-18","47","40","46","0","0","-7","80"
"16","296","143","96","96","-8","20","-20","8","20","-20","47","40","47","0","0","-7","80"
"17","293","139","102","102","-8","21","-28","8","21","-28","47","40","47","0","0","-7","80"
"18","292","139","102","102","-7","21","-28","7","21","-28","47","40","47","0","0","-7","80"
"19","293","141","100","100","-7","20","-25","7","20","-25","47","40","47","0","0","-7","80"
"20","292","142","101","101","-7","20","-26","7","20","-26","47","40","47","0","0","-7","80"
"21","297","146","95","95","-8","20","-19","8","20","-19","47","40","47","0","0","-7","80"
"22","301","149","93","93","-8","19","-16","8","19","-16","47","40","47","0","0","-7","80"
"23","303","151","92","92","-9","18","-15","9","18","-15","47","40","47","0","0","-7","80"
"24","307","154","89","89","-10","18","-11","10","18","-11","47","40","47","0","0","-7","80"
"25","307","154","89","89","-10","18","-11","10","18","-11","47","40","47","0","0","-7","80"
"26","307","153","94","94","-11","17","-18","11","17","-18","47","40","47","0","0","-7","80"
"27","312","158","82","82","-10","17","-2","10","17","0","47","40","47","0","0","-7","80"
"28","311","158","85","85","-10","17","-6","10","17","-6","47","40","47","0","0","-7","80"
"29","311","157","88","88","-11","16","-10","11","16","-10","47","40","47","0","0","-7","80"
"30","317","166","79","79","-11","15","1","11","15","0","47","40","47","0","0","-7","80"
"31","317","166","79","79","-11","15","1","11","15","0","47","40","47","0","0","-7","80"
"32","311","162","86","86","-11","15","-8","11","15","-8","47","40","47","0","0","-7","80"
"33","316","172","81","81","-11","12","-1","11","12","0","47","40","47","0","0","-7","80"
"34","316","167","86","86","-12","12","-8","12","12","-8","47","40","47","0","0","-7","80"
"35","316","168","84","84","-12","12","-5","12","12","-5","47","40","47","0","0","-7","80"
"36","314","164","91","91","-12","13","-14","12","13","-14","47","40","47","0","0","-7","80"
"37","314","164","91","91","-12","13","-14","12","13","-14","47","40","47","0","0","-7","80"
"38","311","167","89","89","-11","12","-11","11","12","-11","47","40","48","0","0","-7","80"
"39","312","166","88","88","-11","12","-10","11","12","-10","47","40","48","0","0","-7","80"
"40","314","165","88","88","-12","13","-10","12","13","-10","47","40","48","0","0","-7","80"
"41","308","163","91","91","-10","13","-14","10","13","-14","47","40","48","0","0","-7","80"
"42","308","163","90","90","-10","13","-12","10","13","-12","47","40","48","0","0","-7","80"
"43","307","161","93","93","-10","14","-16","10","14","-16","47","40","48","0","0","-7","80"
"44","302","159","96","96","-9","14","-20","9","14","-20","47","40","48","0","1","-7","80"
"45","302","160","95","95","-9","14","-19","9","14","-19","47","40","48","0","1","-7","80"
"46","303","161","93","93","-9","14","-16","9","14","-16","47","40","48","0","1","-7","80"
"47","301","159","95","95","-9","14","-19","9","14","-19","47","40","48","0","1","-7","80"
"48","301","159","95","95","-9","14","-19","9","14","-19","47","40","48","0","1","-7","80"
"49","301","158","95","95","-9","15","-19","9","15","-19","47","40","48","0","1","-7","80"
"50","301","158","95","95","-9","15","-19","9","15","-19","47","40","48","0","1","-7","80"
"51","295","154","100","100","-8","15","-25","8","15","-25","47","40","48","0","1","-7","80"
"52","291","148","106","106","-8","16","-32","8","16","-32","47","40","48","0","1","-7","80"
"53","285","142","107","107","-6","19","-34","6","19","-34","47","40","48","0","1","-7","80"
"54","285","142","107","107","-6","19","-34","6","19","-34","47","40","48","0","1","-7","80"
"55","282","139","109","109","-5","20","-36","5","20","-36","47","40","48","0","1","-7","80"
"56","278","137","112","112","-4","20","-40","4","20","-40","47","40","48","0","1","-7","80"
"57","278","137","112","112","-4","20","-40","4","20","-40","47","40","48","0","1","-7","80"
"58","277","137","110","110","-4","20","-38","4","20","-38","47","40","48","0","1","-7","80"
"59","279","138","106","106","-4","20","-32","4","20","-32","47","40","48","0","1","-7","80"
"60","277","136","108","108","-3","21","-35","3","21","-35","47","40","48","0","1","-7","80"
"61","275","134","108","108","-3","22","-35","3","22","-35","47","40","48","0","1","-7","80"
"62","277","135","104","104","-3","22","-30","3","22","-30","47","40","48","0","1","-7","80"
"63","277","135","102","102","-2","22","-28","0","22","-28","47","40","48","0","1","-7","80"
"64","274","132","107","107","-2","23","-34","0","23","-34","47","40","48","0","1","-7","80"
"65","274","132","105","105","-2","23","-31","0","23","-31","47","40","48","0","1","-7","80"
"66","272","130","109","109","-2","23","-36","0","23","-36","47","40","48","0","1","-7","80"
"67","271","129","108","108","-2","24","-35","0","24","-35","47","40","48","0","1","-7","80"
"68","269","128","110","110","-1","24","-38","0","24","-38","47","40","49","0","1","-7","80"
"69","272","129","105","105","-1","25","-31","0","25","-31","47","40","49","0","1","-7","80"
"70","271","128","107","107","-1","25","-34","0","25","-34","47","40","49","0","1","-7","80"
"71","271","128","107","107","-1","25","-34","0","25","-34","47","40","49","0","1","-7","80"
"72","272","128","103","103","-1","25","-29","0","25","-29","47","40","49","0","1","-7","80"
"73","272","128","103","103","-1","25","-29","0","25","-29","47","40","49","0","1","-7","80"
"74","270","126","107","107","-1","25","-34","0","25","-34","47","40","49","0","1","-7","80"
"75","270","126","106","106","-1","25","-32","0","25","-32","47","40","49","0","1","-7","80"
"76","271","125","106","106","-1","26","-32","0","26","-32","47","40","49","0","1","-7","80"
"77","271","125","105","105","-1","26","-31","0","26","-31","47","40","49","0","1","-7","80"
"78","271","125","106","106","-1","26","-32","0","26","-32","47","40","49","0","1","-7","80"
"79","272","124","106","106","-2","26","-32","0","26","-32","47","40","49","0","1","-7","80"
"80","271","125","107","107","-1","26","-34","0","26","-34","47","40","49","0","1","-7","80"
"81","272","127","105","105","-1","25","-31","0","25","-31","47","40","49","0","1","-7","80"
"82","271","125","109","109","-2","25","-36","0","25","-36","47","40","49","0","1","-7","80"
"83","273","127","108","108","-2","25","-35","0","25","-35","47","40","49","0","1","-7","80"
"84","274","127","107","107","-2","25","-34","0","25","-34","47","40","49","0","1","-7","80"
"85","272","126","110","110","-2","25","-38","0","25","-38","47","40","49","0","1","-7","80"
"86","272","126","110","110","-2","25","-38","0","25","-38","47","40","49","0","1","-7","80"
"87","272","126","110","110","-2","25","-38","0","25","-38","47","40","49","0","1","-7","80"
"88","271","125","111","111","-2","25","-39","0","25","-39","47","40","49","0","1","-7","80"
"89","271","126","110","110","-2","25","-38","0","25","-38","47","40","49","0","1","-7","80"
"90","271","126","111","111","-2","25","-39","0","25","-39","47","40","49","0","1","-7","80"
"91","273","128","105","105","-2","25","-31","0","25","-31","47","40","49","0","1","-7","80"
"92","274","128","104","104","-2","25","-30","0","25","-30","47","40","49","0","1","-7","80"
"93","274","128","104","104","-2","25","-30","0","25","-30","47","40","49","0","1","-7","80"
"94","273","128","103","103","-1","25","-29","0","25","-29","47","40","49","0","1","-7","80"
"95","273","128","103","103","-1","25","-29","0","25","-29","47","40","49","0","1","-7","80"
"96","272","127","105","105","-1","25","-31","0","25","-31","47","40","49","0","1","-7","80"
"97","272","127","105","105","-1","25","-31","0","25","-31","47","40","49","0","1","-7","80"
"98","270","123","108","108","-1","26","-35","0","26","-35","47","40","49","0","1","-7","80.5"
"99","269","121","109","109","-1","27","-36","0","27","-36","47","40","49","0","1","-7","80.5"
"100","269","120","106","106","-1","28","-32","0","28","-32","47","40","49","0","1","-7","80.5"
"101","269","119","108","108","-1","28","-35","0","28","-35","47","40","50","0","1","-7","80.5"
"102","268","119","106","106","0","28","-32","0","28","-32","47","40","50","0","1","-7","80.5"
"103","266","116","108","108","0","29","-35","0","29","-35","47","40","50","0","1","-7","80.5"
"104","267","118","102","102","1","30","-28","0","30","-28","47","40","50","0","1","-7","80.5"
"105","264","114","107","107","1","30","-34","0","30","-34","47","40","50","0","1","-7","80.5"
"106","257","111","112","112","2","30","-40","-2","30","-40","47","40","50","0","1","-7","80.5"
"107","261","114","103","103","2","31","-29","-2","31","-29","47","40","50","0","1","-7","80.5"
"108","261","114","103","103","2","31","-29","-2","31","-29","47","40","50","0","1","-7","80.5"
"109","259","115","100","100","3","31","-25","-3","31","-25","47","40","50","0","1","-7","80.5"
"110","255","113","104","104","4","31","-30","-4","31","-30","47","40","50","0","1","-7","80.5"
"111","256","115","99","99","5","32","-24","-5","32","-24","47","40","50","0","1","-7","80.5"
"112","250","112","107","107","5","31","-34","-5","31","-34","47","40","50","0","1","-7","80.5"
"113","248","112","107","107","6","31","-34","-6","31","-34","47","40","50","0","1","-7","80.5"
"114","247","113","104","104","7","31","-30","-7","31","-30","47","40","50","0","1","-7","80.5"
"115","247","113","102","102","7","32","-28","-7","32","-28","47","40","50","0","1","-7","80.5"
"116","247","113","102","102","7","32","-28","-7","32","-28","47","40","50","0","1","-7","80.5"
"117","244","112","104","104","8","32","-30","-8","32","-30","47","40","50","0","1","-7","80.5"
"118","245","114","101","101","8","32","-26","-8","32","-26","47","40","50","0","1","-7","80.5"
"119","241","112","106","106","8","31","-32","-8","31","-32","47","40","50","0","1","-7","80.5"
"120","241","112","106","106","8","31","-32","-8","31","-32","47","40","50","0","1","-7","80.5"
"121","241","112","103","103","9","32","-29","-9","32","-29","47","40","50","0","1","-7","80.5"
"122","240","108","109","109","8","32","-36","-8","32","-36","47","40","50","0","1","-7","80.5"
"123","242","110","103","103","8","33","-29","-8","33","-29","47","40","50","0","1","-7","80.5"
"124","243","108","103","103","8","34","-29","-8","34","-29","47","40","50","0","1","-7","80.5"
"125","242","106","106","106","8","34","-32","-8","34","-32","47","40","50","0","1","-7","80.5"
"126","240","104","109","109","8","34","-36","-8","34","-36","47","40","50","0","1","-7","80.5"
"127","238","107","108","108","9","33","-35","-9","33","-35","47","40","50","0","1","-7","80.5"
"128","239","109","106","106","9","32","-32","-9","32","-32","47","40","50","0","1","-7","80.5"
"129","237","109","108","108","9","32","-35","-9","32","-35","47","40","50","0","1","-7","80.5"
"130","234","110","113","113","9","31","-41","-9","31","-41","47","40","50","0","1","-7","80.5"
"131","234","110","113","113","9","31","-41","-9","31","-41","47","40","50","0","1","-7","80.5"
"132","234","114","110","110","10","30","-38","-10","30","-38","47","40","50","0","1","-7","80.5"
"133","235","115","110","110","9","29","-38","-9","29","-38","47","40","51","0","1","-7","80.5"
"134","238","119","108","108","9","28","-35","-9","28","-35","47","40","51","0","1","-7","80.5"
"135","238","120","113","113","8","27","-41","-8","27","-41","47","40","51","0","1","-7","80.5"
"136","245","125","108","108","7","25","-35","-7","25","-35","47","40","51","0","1","-7","80.5"
"137","248","127","108","108","6","25","-35","-6","25","-35","47","40","51","0","1","-7","80.5"
"138","252","126","112","112","4","24","-40","-4","24","-40","47","40","51","0","1","-7","80.5"
"139","257","127","113","113","2","24","-41","-2","24","-41","47","40","51","0","1","-7","80.5"
"140","265","129","107","107","1","24","-34","0","24","-34","47","40","51","0","1","-7","80.5"
"141","273","130","106","106","-2","24","-32","0","24","-32","47","40","51","0","1","-7","80.5"
"142","283","132","102","102","-4","24","-28","4","24","-28","47","40","51","0","1","-7","80.5"
"143","293","131","104","104","-8","24","-30","8","24","-30","47","40","51","0","1","-7","80.5"
"144","306","133","101","101","-11","24","-26","11","24","-26","47","40","51","0","1","-7","80.5"
"145","306","133","101","101","-11","24","-26","11","24","-26","47","40","51","0","1","-7","80.5"
"146","321","134","99","99","-16","24","-24","16","24","-24","47","40","51","0","1","-7","80.5"
"147","336","135","100","100","-21","23","-25","21","23","-25","47","40","51","0","1","-7","80.5"
"148","350","135","99","99","-25","23","-24","25","23","-24","47","40","51","0","1","-7","80.5"
"149","455","302","55","55","-51","-37","31","51","-37","31","47","40","51","0","1","-7","80.5"
"150","364","132","101","101","-29","24","-26","29","24","-26","47","40","51","0","1","-7","80.5"
"151","393","125","95","95","-38","28","-19","38","28","-19","47","40","51","0","1","-7","80.5"
"152","393","125","95","95","-38","28","-19","38","28","-19","47","40","51","0","1","-7","80.5"
"153","404","117","101","101","-42","30","-26","42","30","-26","47","40","51","0","1","-7","80.5"
"154","404","117","101","101","-42","30","-26","42","30","-26","47","40","51","0","1","-7","80.5"
"155","418","113","99","99","-46","32","-24","46","32","-24","47","40","51","0","1","-7","80.5"
"156","430","109","102","102","-50","33","-28","50","33","-28","47","40","51","0","1","-7","80.5"
"157","444","107","98","98","-54","35","-22","54","35","-22","47","40","51","0","1","-7","80.5"
"158","457","106","96","96","-58","36","-20","58","36","-20","47","40","51","0","1","-7","80.5"
"159","467","101","101","101","-62","37","-26","62","37","-26","47","40","51","0","1","-7","80.5"
"160","477","99","99","99","-64","38","-24","64","38","-24","47","40","51","0","1","-7","80.5"
"161","488","97","103","103","-68","38","-29","68","38","-29","47","40","51","0","1","-7","80.5"
"162","500","96","100","100","-72","39","-25","72","39","-25","47","40","51","0","1","-7","80.5"
"163","500","96","100","100","-72","39","-25","72","39","-25","47","40","51","0","1","-7","80"
"164","509","95","102","102","-75","39","-28","75","39","-28","47","40","51","0","1","-7","80"
"165","519","93","103","103","-78","40","-29","78","40","-29","47","40","51","0","1","-7","80"
"166","529","96","101","101","-81","39","-26","81","39","-26","47","40","51","0","1","-7","80"
"167","529","96","101","101","-81","39","-26","81","39","-26","47","40","52","0","1","-7","80"
"168","540","97","95","95","-83","40","-19","83","40","-19","47","40","52","0","1","-7","80"
"169","546","97","92","92","-85","40","-15","85","40","-15","47","40","52","0","1","-7","80"
"170","546","97","92","92","-85","40","-15","85","40","-15","47","40","52","0","1","-7","80"
"171","540","96","94","94","-83","40","-18","83","40","-18","47","40","52","0","1","-7","80"
"172","533","94","97","97","-82","41","-21","82","41","-21","47","40","52","0","1","-7","80"
"173","533","94","97","97","-82","41","-21","82","41","-21","47","40","52","0","1","-7","80"
"174","526","94","99","99","-80","40","-24","80","40","-24","47","40","52","0","1","-7","80"
"175","519","92","103","103","-78","40","-29","78","40","-29","47","40","52","0","1","-7","80"
"176","519","92","103","103","-78","40","-29","78","40","-29","47","40","52","0","1","-7","80"
"177","515","92","102","102","-77","40","-28","77","40","-28","47","40","52","0","1","-7","80"
"178","509","94","104","104","-75","39","-30","75","39","-30","47","40","52","0","1","-7","80"
"179","506","95","101","101","-74","40","-26","74","40","-26","47","40","52","0","1","-7","80"
"180","500","95","103","103","-72","39","-29","72","39","-29","47","40","52","0","1","-7","80"
"181","500","95","103","103","-72","39","-29","72","39","-29","47","40","52","0","1","-7","80"
"182","496","95","104","104","-71","39","-30","71","39","-30","47","40","52","0","1","-7","80"
"183","494","98","101","101","-70","38","-26","70","38","-26","47","40","52","0","1","-7","80"
"184","488","96","106","106","-69","38","-32","69","38","-32","47","40","53","0","1","-7","80"
"185","486","99","102","102","-68","38","-28","68","38","-28","47","40","53","0","1","-7","80"
"186","486","99","102","102","-68","38","-28","68","38","-28","47","40","53","0","1","-7","80"
"187","483","102","101","101","-67","37","-26","67","37","-26","47","40","53","0","1","-7","80"
"188","479","102","102","102","-66","36","-28","66","36","-28","47","40","53","0","1","-7","80"
"189","475","104","105","105","-65","35","-31","65","35","-31","47","40","53","0","1","-7","80"
"190","473","107","104","104","-64","34","-30","64","34","-30","47","40","53","0","1","-7","80"
"191","473","107","104","104","-64","34","-30","64","34","-30","47","40","53","0","1","-7","80"
"192","473","110","98","98","-63","34","-22","63","34","-22","47","40","53","0","1","-7","80"
"193","470","109","103","103","-63","33","-29","63","33","-29","47","40","53","0","1","-7","80"
"194","470","112","99","99","-62","33","-24","62","33","-24","47","40","53","0","1","-7","80"
"195","470","113","97","97","-62","33","-21","62","33","-21","47","40","53","0","1","-7","80"
"196","470","113","97","97","-62","33","-21","62","33","-21","47","40","53","0","1","-7","80"
"197","466","113","99","99","-61","32","-24","61","32","-24","47","40","53","0","1","-7","80"
"198","466","113","100","100","-61","32","-25","61","32","-25","47","40","53","0","1","-7","80"
"199","464","113","100","100","-61","32","-25","61","32","-25","47","40","53","0","1","-7","80"
"200","465","116","96","96","-60","32","-20","60","32","-20","47","40","53","0","1","-7","80"
"201","465","116","96","96","-60","32","-20","60","32","-20","47","40","53","0","1","-7","80"
"202","465","112","99","99","-61","33","-24","61","33","-24","47","40","53","0","1","-7","80"
"203","461","105","101","101","-60","35","-26","60","35","-26","47","40","53","0","1","-7","80"
"204","461","105","101","101","-60","35","-26","60","35","-26","47","40","53","0","1","-7","80"
"205","461","102","100","100","-60","37","-25","60","37","-25","47","40","53","0","1","-7","80"
"206","461","102","100","100","-60","37","-25","60","37","-25","47","40","53","0","1","-7","80"
"207","463","101","98","98","-60","38","-22","60","38","-22","47","40","53","0","1","-7","80"
"208","462","99","100","100","-60","38","-25","60","38","-25","47","40","53","0","1","-7","80"
"209","465","99","98","98","-61","38","-22","61","38","-22","47","40","53","0","1","-7","80"
"210","465","99","98","98","-61","38","-22","61","38","-22","47","40","53","0","1","-7","80"
"211","464","98","100","100","-61","38","-25","61","38","-25","47","40","53","0","1","-7","80"
"212","466","97","100","100","-61","39","-25","61","39","-25","47","40","53","0","1","-7","80"
"213","467","99","99","99","-61","38","-24","61","38","-24","47","40","53","0","1","-7","80"
"214","467","99","99","99","-61","38","-24","61","38","-24","47","40","53","0","1","-7","80"
"215","470","99","98","98","-62","38","-22","62","38","-22","47","40","53","0","1","-7","80"
"216","470","98","100","100","-62","38","-25","62","38","-25","47","40","53","0","1","-7","80"
"217","472","99","98","98","-63","38","-22","63","38","-22","47","40","53","0","1","-7","80"
"218","471","97","103","103","-63","38","-29","63","38","-29","47","40","53","0","1","-7","80"
"219","474","99","98","98","-63","38","-22","63","38","-22","47","40","53","0","1","-5","80"
"220","474","99","98","98","-63","38","-22","63","38","-22","47","40","53","0","1","-5","80"
"221","474","99","101","101","-64","38","-26","64","38","-26","47","40","53","0","1","-5","80"
"222","476","99","101","101","-64","38","-26","64","38","-26","47","40","54","0","2","-1","80"
"223","468","98","99","99","-62","39","-24","62","39","-24","47","40","54","0","2","-1","80"
"224","453","99","99","99","-57","38","-24","57","38","-24","47","40","54","0","2","-1","80"
"225","437","100","96","96","-52","38","-20","52","38","-20","47","50","54","0","2","2","80"
"226","420","101","95","95","-46","38","-19","46","38","-19","47","50","54","0","2","2","80"
"227","420","101","95","95","-46","38","-19","46","38","-19","47","50","54","0","2","2","80"
"228","403","103","97","97","-41","37","-21","41","37","-21","47","50","54","0","2","2","80"
"229","388","106","93","93","-36","37","-16","36","37","-16","47","50","54","0","2","7","80"
"230","369","107","93","93","-30","36","-16","30","36","-16","47","50","54","0","2","7","80"
"231","351","108","96","96","-25","35","-20","25","35","-20","47","50","54","0","2","7","80"
"232","351","108","96","96","-25","35","-20","25","35","-20","47","50","54","0","2","7","80"
"233","335","112","95","95","-19","34","-19","19","34","-19","47","50","54","0","2","12","80"
"234","318","115","92","92","-14","33","-15","14","33","-15","47","50","54","0","2","12","80"
"235","302","117","93","93","-9","32","-16","9","32","-16","47","50","54","0","2","12","80"
"236","302","117","93","93","-9","32","-16","9","32","-16","47","50","54","0","2","12","80"
"237","287","122","89","89","-3","31","-11","3","31","-11","47","50","54","0","2","14","80"
"238","273","125","89","89","1","30","-11","0","30","-11","47","50","54","0","2","14","80"
"239","260","127","93","93","4","28","-16","-4","28","-16","47","50","54","0","2","14","80"
"240","251","131","91","91","8","27","-14","-8","27","-14","47","50","54","0","2","14","80"
"241","244","135","91","91","10","25","-14","-10","25","-14","47","50","54","0","2","16","80"
"242","244","135","91","91","10","25","-14","-10","25","-14","47","50","54","0","2","16","80"
"243","237","140","91","91","12","23","-14","-12","23","-14","47","50","54","0","2","16","80"
"244","232","143","91","91","13","22","-14","-13","22","-14","47","50","54","0","2","16","80"
"245","232","143","91","91","13","22","-14","-13","22","-14","47","60","54","0","1","17","80"
"246","229","149","89","89","15","20","-11","-15","20","-11","47","60","54","0","1","17","80"
"247","225","153","91","91","16","18","-14","-16","18","-14","47","60","54","0","1","17","80"
"248","224","155","93","93","16","16","-16","-16","16","-16","47","60","54","0","1","17","80"
"249","225","160","89","89","16","15","-11","-16","15","-11","47","60","54","0","1","17","80"
"250","225","160","89","89","16","15","-11","-16","15","-11","47","60","54","0","1","17","80"
"251","225","164","88","88","16","13","-10","-16","13","-10","47","60","54","0","1","17","80"
"252","225","168","87","87","16","12","-9","-16","12","-9","47","60","54","0","1","17","80"
"253","224","170","90","90","16","10","-12","-16","10","-12","47","60","54","0","1","16","80"
"254","224","170","90","90","16","10","-12","-16","10","-12","47","60","54","0","1","16","80"
"255","225","173","89","89","16","10","-11","-16","10","-11","47","60","54","0","1","16","80"
"256","226","175","90","90","15","8","-12","-15","8","-12","47","60","54","0","1","16","80"
"257","226","179","90","90","15","7","-12","-15","7","-12","47","60","54","0","1","16","80"
"258","227","183","88","88","15","5","-10","-15","5","-10","47","60","54","0","1","16","80"
"259","228","184","88","88","15","5","-10","-15","5","-10","47","60","54","0","1","16","80"
"260","228","184","88","88","15","5","-10","-15","5","-10","47","60","55","0","1","15","80"
"261","228","187","90","90","15","3","-12","-15","3","-12","47","60","55","0","1","15","80"
"262","231","190","86","86","14","3","-8","-14","3","-8","47","60","55","0","1","14","80"
"263","231","191","87","87","14","2","-9","-14","2","-9","47","60","55","0","1","14","80"
"264","230","191","91","91","14","2","-14","-14","2","-14","47","60","55","0","1","14","80"
"265","230","191","91","91","14","2","-14","-14","2","-14","47","60","55","0","1","14","80"
"266","231","192","91","91","14","1","-14","-14","0","-14","47","70","55","0","1","14","80"
"267","234","196","87","87","13","0","-9","-13","0","-9","47","70","55","0","1","14","80"
"268","236","197","89","89","12","0","-11","-12","0","-11","47","70","55","0","1","14","80"
"269","240","198","86","86","12","0","-8","-12","0","-8","47","70","55","0","1","14","80"
"270","240","198","86","86","12","0","-8","-12","0","-8","47","70","55","0","1","13","80"
"271","243","199","86","86","11","-1","-8","-11","0","-8","47","70","55","0","1","13","80"
"272","245","199","88","88","10","-1","-10","-10","0","-10","47","70","55","0","1","13","80"
"273","248","200","87","87","9","-1","-9","-9","0","-9","47","70","55","0","1","13","80"
"274","248","200","87","87","9","-1","-9","-9","0","-9","47","70","55","0","1","12","80"
"275","253","201","84","84","8","-1","-5","-8","0","-5","47","70","55","0","1","12","80"
"276","255","201","86","86","7","-2","-8","-7","0","-8","47","70","55","0","1","12","80"
"277","257","200","91","91","6","-2","-14","-6","0","-14","47","70","55","0","1","12","80"
"278","257","200","91","91","6","-2","-14","-6","0","-14","47","70","55","0","1","12","80"
"279","262","201","90","90","4","-2","-12","-4","0","-12","47","70","55","0","1","12","80"
"280","262","201","90","90","4","-2","-12","-4","0","-12","47","70","55","0","1","12","80"
"281","265","199","91","91","3","-2","-14","-3","0","-14","47","70","55","0","1","12","80"
"282","267","200","90","90","2","-2","-12","-2","0","-12","47","70","55","0","1","12","80"
"283","267","200","90","90","2","-2","-12","-2","0","-12","47","70","55","0","1","12","80"
"284","270","200","90","90","2","-2","-12","-2","0","-12","47","70","55","0","1","12","80"
"285","272","200","90","90","1","-2","-12","0","0","-12","47","70","55","0","1","12","80"
"286","275","201","88","88","0","-2","-10","0","0","-10","47","70","55","0","1","11","80"
"287","275","201","88","88","0","-2","-10","0","0","-10","47","70","55","0","1","11","80"
"288","278","202","86","86","0","-2","-8","0","0","-8","47","70","55","0","1","11","80"
"289","279","201","87","87","-1","-2","-9","0","0","-9","47","70","55","0","1","11","80"
"290","281","201","87","87","-1","-2","-9","0","0","-9","47","70","55","0","1","11","80"
"291","281","201","87","87","-1","-2","-9","0","0","-9","47","70","55","0","1","11","80"
"292","281","198","90","90","-2","-1","-12","0","0","-12","47","70","55","0","1","11","80"
"293","283","200","88","88","-2","-2","-10","0","0","-10","47","70","55","0","1","11","80"
"294","285","201","86","86","-2","-2","-8","0","0","-8","47","70","55","0","1","11","80"
"295","285","200","88","88","-3","-2","-10","3","0","-10","47","70","55","0","1","11","80"
"296","285","200","88","88","-3","-2","-10","3","0","-10","47","70","55","0","1","11","80"
"297","285","199","91","91","-3","-2","-14","3","0","-14","47","70","55","0","1","11","80"
"298","286","199","91","91","-3","-2","-14","3","0","-14","47","70","56","0","1","11","80"
"299","289","200","86","86","-4","-1","-8","4","0","-8","47","70","56","0","1","11","80"
"300","290","201","85","85","-4","-1","-6","4","0","-6","47","70","56","0","1","11","80"
"301","290","201","85","85","-4","-1","-6","4","0","-6","47","70","56","0","1","11","80"
"302","290","201","85","85","-4","-1","-6","4","0","-6","47","70","56","0","1","11","80"
"303","291","202","85","85","-4","-2","-6","4","0","-6","47","70","56","0","1","11","80"
"304","290","200","88","88","-4","-2","-10","4","0","-10","47","70","56","0","1","11","80"
"305","292","201","85","85","-4","-1","-6","4","0","-6","47","70","56","0","1","11","80"
"306","292","201","85","85","-4","-1","-6","4","0","-6","47","70","56","0","1","11","80"
"307","294","201","85","85","-5","-1","-6","5","0","-6","47","70","56","0","1","11","80"
"308","294","200","86","86","-5","-1","-8","5","0","-8","47","70","56","0","1","11","80"
"309","293","199","89","89","-5","-1","-11","5","0","-11","47","70","56","0","1","11","80"
"310","294","199","88","88","-6","-1","-10","6","0","-10","47","70","56","0","1","11","80"
"311","294","199","88","88","-6","-1","-10","6","0","-10","47","70","56","0","1","11","80"
"312","295","200","86","86","-6","-1","-8","6","0","-8","47","70","56","0","1","11","80"
"313","295","200","86","86","-6","-1","-8","6","0","-8","47","70","56","0","1","11","80"
"314","296","199","88","88","-6","-1","-10","6","0","-10","47","70","56","0","1","11","80"
"315","296","198","88","88","-6","-1","-10","6","0","-10","47","70","56","0","1","11","80"
"316","296","198","88","88","-6","-1","-10","6","0","-10","47","70","56","0","1","11","80"
"317","297","199","88","88","-7","-1","-10","7","0","-10","47","70","56","0","1","11","80"
"318","297","199","88","88","-7","-1","-10","7","0","-10","47","70","56","0","1","11","80"
"319","299","201","86","86","-7","-2","-8","7","0","-8","47","70","56","0","1","11","80"
"320","299","201","86","86","-7","-2","-8","7","0","-8","47","70","56","0","1","11","80"
"321","300","202","84","84","-7","-2","-5","7","0","-5","47","70","56","0","1","11","80"
"322","299","201","86","86","-7","-2","-8","7","0","-8","47","70","56","0","1","11","80"
"323","299","200","89","89","-7","-2","-11","7","0","-11","47","70","56","0","1","11","80"
"324","299","200","89","89","-7","-2","-11","7","0","-11","47","70","56","0","1","11","80"
"325","299","201","89","89","-7","-2","-11","7","0","-11","47","70","56","0","1","11","80"
"326","299","200","90","90","-8","-2","-12","8","0","-12","47","70","56","0","1","11","80"
"327","298","201","89","89","-7","-2","-11","7","0","-11","47","70","56","0","1","11","80"
"328","299","202","89","89","-7","-2","-11","7","0","-11","47","70","56","0","1","11","80"
"329","299","202","89","89","-7","-2","-11","7","0","-11","47","70","56","0","1","12","80"
"330","300","204","87","87","-7","-3","-9","7","-3","-9","47","70","56","0","1","12","80"
"331","301","204","86","86","-8","-3","-8","8","-3","-8","47","70","56","0","1","12","80"
"332","302","205","86","86","-8","-3","-8","8","-3","-8","47","70","56","0","1","12","80"
"333","304","205","84","84","-8","-3","-5","8","-3","-5","47","70","56","0","1","12","80"
"334","304","205","84","84","-8","-3","-5","8","-3","-5","47","70","56","0","1","12","80"
"335","304","205","85","85","-8","-3","-6","8","-3","-6","47","70","56","0","1","12","80"
"336","304","206","84","84","-8","-3","-5","8","-3","-5","47","70","56","0","1","12","80"
"337","304","204","87","87","-8","-3","-9","8","-3","-9","47","70","57","0","1","12","80"
"338","304","204","87","87","-8","-3","-9","8","-3","-9","47","70","57","0","1","12","80"
"339","305","206","85","85","-8","-3","-6","8","-3","-6","47","70","57","0","1","12","80"
"340","302","203","91","91","-8","-3","-14","8","-3","-14","47","70","57","0","1","12","80"
"341","305","205","86","86","-9","-3","-8","9","-3","-8","47","70","57","0","1","12","80"
"342","305","205","86","86","-9","-3","-8","9","-3","-8","47","70","57","0","1","12","80"
"343","306","205","86","86","-9","-3","-8","9","-3","-8","47","70","57","0","1","12","80"
"344","306","205","86","86","-9","-3","-8","9","-3","-8","47","70","57","0","1","12","80"
"345","306","205","87","87","-9","-3","-9","9","-3","-9","47","70","57","0","1","12","80"
"346","306","205","87","87","-9","-3","-9","9","-3","-9","47","70","57","0","1","12","80"
"347","306","205","87","87","-9","-3","-9","9","-3","-9","47","70","57","0","1","12","80"
"348","306","205","87","87","-9","-3","-9","9","-3","-9","47","70","57","0","1","13","80"
"349","306","204","89","89","-9","-3","-11","9","-3","-11","47","70","57","0","1","13","80"
"350","307","204","86","86","-9","-3","-8","9","-3","-8","47","70","57","0","1","13","80"
"351","308","204","86","86","-10","-3","-8","10","-3","-8","47","70","57","0","1","13","80"
"352","308","204","85","85","-9","-2","-6","9","0","-6","47","70","57","0","1","13","80"
"353","308","203","88","88","-10","-3","-10","10","-3","-10","47","70","57","0","1","13","80"
"354","308","203","88","88","-10","-3","-10","10","-3","-10","47","70","57","0","1","13","80"
"355","307","203","89","89","-10","-3","-11","10","-3","-11","47","70","57","0","1","13","80"
"356","307","203","89","89","-10","-3","-11","10","-3","-11","47","70","57","0","1","13","80"
"357","308","203","87","87","-10","-2","-9","10","0","-9","47","70","57","0","1","13","80"
"358","307","203","87","87","-9","-2","-9","9","0","-9","47","70","57","0","1","13","80"
"359","307","203","87","87","-9","-2","-9","9","0","-9","47","70","57","0","1","13","80"
"360","305","202","90","90","-9","-3","-12","9","-3","-12","47","70","57","0","1","14","80"
"361","304","203","88","88","-9","-3","-10","9","-3","-10","47","70","57","0","1","14","80"
"362","303","203","88","88","-8","-3","-10","8","-3","-10","47","70","57","0","1","14","80"
"363","303","203","88","88","-8","-3","-10","8","-3","-10","47","70","57","0","1","14","80"
"364","299","201","90","90","-8","-2","-12","8","0","-12","47","70","57","0","1","14","80"
"365","299","201","90","90","-8","-2","-12","8","0","-12","47","70","57","0","1","14","80"
"366","297","203","89","89","-7","-3","-11","7","-3","-11","47","70","57","0","1","14","80"
"367","294","204","86","86","-5","-3","-8","5","-3","-8","47","70","57","0","1","14","80"
"368","290","204","88","88","-4","-3","-10","4","-3","-10","47","70","57","0","1","15","80"
"369","286","205","84","84","-2","-3","-5","0","-3","-5","47","70","57","0","1","15","80"
"370","280","205","87","87","-1","-3","-9","0","-3","-9","47","70","57","0","1","15","80"
"371","280","205","87","87","-1","-3","-9","0","-3","-9","47","70","57","0","1","15","80"
"372","277","207","83","83","1","-3","-4","0","-3","-4","47","70","57","0","1","15","80.5"
"373","270","206","86","86","2","-4","-8","-2","-4","-8","47","70","57","0","1","15","80.5"
"374","270","206","86","86","2","-4","-8","-2","-4","-8","47","70","57","0","1","15","80.5"
"375","268","207","83","83","3","-3","-4","-3","-3","-4","47","70","57","0","1","15","80.5"
"376","261","206","85","85","5","-3","-6","-5","-3","-6","47","70","58","0","1","15","80.5"
"377","256","207","85","85","7","-4","-6","-7","-4","-6","47","70","58","0","1","15","80.5"
"378","256","207","85","85","7","-4","-6","-7","-4","-6","47","70","58","0","1","15","80.5"
"379","250","208","87","87","8","-5","-9","-8","-5","-9","47","70","58","0","1","15","80.5"
"380","245","210","84","84","10","-5","-5","-10","-5","-5","47","70","58","0","1","15","80.5"
"381","238","209","87","87","12","-5","-9","-12","-5","-9","47","70","58","0","1","15","80.5"
"382","233","211","87","87","14","-6","-9","-14","-6","-9","47","70","58","0","1","15","80.5"
"383","233","211","87","87","14","-6","-9","-14","-6","-9","47","70","58","0","1","15","80.5"
"384","228","214","85","85","16","-7","-6","-16","-7","-6","47","70","58","0","1","15","80.5"
"385","219","214","90","90","18","-8","-12","-18","-8","-12","47","70","58","0","1","15","80.5"
"386","215","218","85","85","20","-8","-6","-20","-8","-6","47","70","58","0","1","15","80.5"
"387","215","218","85","85","20","-8","-6","-20","-8","-6","47","70","58","0","1","15","80.5"
"388","208","217","87","87","22","-8","-9","-22","-8","-9","47","70","58","0","0","15","80.5"
"389","202","220","87","87","23","-10","-9","-23","-10","-9","47","70","58","0","0","15","80.5"
"390","195","219","90","90","25","-10","-12","-25","-10","-12","47","70","58","0","0","15","80.5"
"391","195","219","90","90","25","-10","-12","-25","-10","-12","47","70","58","0","0","15","80.5"
"392","190","219","90","90","27","-10","-12","-27","-10","-12","47","70","58","0","1","15","80.5"
"393","184","219","92","92","28","-10","-15","-28","-10","-15","47","70","58","0","1","15","80.5"
"394","178","220","91","91","30","-10","-14","-30","-10","-14","47","70","58","0","1","14","80.5"
"395","171","219","93","93","32","-10","-16","-32","-10","-16","47","70","58","0","1","14","80.5"
"396","171","219","93","93","32","-10","-16","-32","-10","-16","47","70","58","0","1","14","80.5"
"397","166","222","92","92","34","-12","-15","-34","-12","-15","47","70","58","0","1","14","80.5"
"398","158","221","96","96","36","-12","-20","-36","-12","-20","47","70","58","0","1","13","80.5"
"399","158","221","96","96","36","-12","-20","-36","-12","-20","47","70","58","0","1","13","80.5"
"400","153","221","95","95","38","-12","-19","-38","-12","-19","47","70","58","0","1","13","80.5"
"401","148","221","96","96","39","-12","-20","-39","-12","-20","47","70","58","0","1","13","80.5"
"402","148","221","96","96","39","-12","-20","-39","-12","-20","47","70","58","0","1","12","80.5"
"403","141","218","99","99","41","-11","-24","-41","-11","-24","47","70","58","0","1","12","80.5"
"404","137","219","100","100","42","-12","-25","-42","-12","-25","47","70","58","0","1","12","80.5"
"405","136","217","100","100","42","-11","-25","-42","-11","-25","47","70","58","0","1","12","80.5"
"406","135","211","104","104","42","-10","-30","-42","-10","-30","47","70","58","0","1","10","80.5"
"407","135","211","104","104","42","-10","-30","-42","-10","-30","47","70","58","0","1","10","80.5"
"408","138","210","101","101","41","-8","-26","-41","-8","-26","47","70","58","0","1","10","80.5"
"409","136","204","104","104","41","-7","-30","-41","-7","-30","47","70","58","0","1","10","80.5"
"410","138","201","100","100","41","-5","-25","-41","-5","-25","47","70","58","0","1","8","80"
"411","136","195","106","106","41","-3","-32","-41","-3","-32","47","70","58","0","1","8","80"
"412","136","195","106","106","41","-3","-32","-41","-3","-32","47","70","58","0","1","8","80"
"413","139","192","101","101","41","-1","-26","-41","0","-26","47","70","58","0","1","8","80"
"414","138","188","101","101","41","1","-26","-41","0","-26","47","70","59","0","2","5","80"
"415","136","183","106","106","41","2","-32","-41","2","-32","47","70","59","0","2","5","80"
"416","138","180","103","103","41","4","-29","-41","4","-29","47","70","59","0","2","5","80"
"417","136","176","107","107","41","5","-34","-41","5","-34","47","70","59","0","2","5","80"
"418","136","176","107","107","41","5","-34","-41","5","-34","47","70","59","0","2","3","80"
"419","141","177","99","99","41","6","-24","-41","6","-24","47","70","59","0","2","3","80"
"420","141","176","100","100","40","6","-25","-40","6","-25","47","70","59","0","2","3","80"
"421","142","176","101","101","40","6","-26","-40","6","-26","47","70","59","0","3","0","80"
"422","217","261","55","55","24","-20","31","-24","-20","31","47","70","59","0","3","0","80"
"423","146","175","98","98","39","7","-22","-39","7","-22","47","70","59","0","3","0","80"
"424","146","175","98","98","39","7","-22","-39","7","-22","47","70","59","0","3","0","80"
"425","152","173","97","97","38","8","-21","-38","8","-21","47","70","59","0","3","0","80"
"426","156","167","99","99","36","10","-24","-36","10","-24","47","70","59","0","3","-2","80"
"427","159","159","100","100","35","13","-25","-35","13","-25","47","70","59","0","3","-2","80"
"428","164","151","101","101","33","16","-26","-33","16","-26","47","70","59","0","3","-2","80"
"429","164","151","101","101","33","16","-26","-33","16","-26","47","70","59","0","3","-2","80"
"430","170","142","103","103","31","20","-29","-31","20","-29","47","70","59","0","3","-4","80"
"431","180","134","100","100","28","23","-25","-28","23","-25","47","70","59","0","3","-4","80"
"432","189","126","101","101","25","27","-26","-25","27","-26","47","70","59","0","3","-4","80"
"433","209","111","102","102","19","32","-28","-19","32","-28","47","70","59","0","3","-4","80"
"434","209","111","102","102","19","32","-28","-19","32","-28","47","70","59","0","2","-6","80"
"435","209","111","102","102","19","32","-28","-19","32","-28","47","70","59","0","2","-6","80"
"436","221","106","99","99","16","35","-24","-16","35","-24","47","70","59","0","2","-6","80"
"437","234","99","99","99","12","38","-24","-12","38","-24","47","70","59","0","2","-8","80"
"438","246","95","98","98","8","40","-22","-8","40","-22","47","70","59","0","2","-8","80"
"439","260","91","95","95","4","42","-19","-4","42","-19","47","70","59","0","2","-8","80"
"440","269","84","97","97","1","45","-21","0","45","-21","47","70","59","0","2","-10","80"
"441","281","80","95","95","-2","47","-19","0","47","-19","47","70","59","0","2","-10","80"
"442","288","73","98","98","-5","49","-22","5","49","-22","47","70","59","0","2","-10","80"
"443","298","72","93","93","-8","51","-16","8","51","-16","47","70","59","0","2","-10","80"
"444","305","69","92","92","-10","52","-15","10","52","-15","47","70","59","0","2","-10","80"
"445","309","65","92","92","-11","54","-15","11","54","-15","47","70","59","0","2","-10","80"
"446","311","61","94","94","-12","55","-18","12","55","-18","47","70","59","0","2","-11","80"
"447","315","59","91","91","-12","57","-14","12","57","-14","47","70","59","0","2","-11","80"
"448","317","57","89","89","-13","58","-11","13","58","-11","47","70","59","0","2","-11","80"
"449","314","54","92","92","-12","58","-15","12","58","-15","47","70","60","0","2","-11","80"
"450","314","54","89","89","-12","59","-11","12","59","-11","47","70","60","0","2","-11","80"
"451","312","55","90","90","-12","58","-12","12","58","-12","47","70","60","0","2","-11","80"
"452","311","58","85","85","-10","58","-6","10","58","-6","47","70","60","0","1","-11","80"
"453","307","61","85","85","-9","57","-6","9","57","-6","47","70","60","0","1","-11","80"
"454","303","63","84","84","-8","56","-5","8","56","-5","47","70","60","0","1","-11","80"
"455","300","64","84","84","-7","56","-5","7","56","-5","47","70","60","0","1","-10","80"
"456","298","67","81","81","-6","55","-1","6","55","0","47","70","60","0","1","-10","80"
"457","296","68","79","79","-5","55","1","5","55","0","47","70","60","0","1","-10","80"
"458","295","68","80","80","-5","55","0","5","55","0","47","70","60","0","1","-10","80"
"459","293","69","77","77","-3","55","4","3","55","4","47","80","60","0","0","-10","80"
"460","290","70","79","79","-3","55","1","3","55","0","47","80","60","0","0","-10","80"
"461","289","69","79","79","-2","55","1","0","55","0","47","80","60","0","0","-10","80"
"462","288","71","78","78","-2","54","2","0","54","2","47","80","60","0","0","-10","80"
"463","287","73","80","80","-2","53","0","0","53","0","47","80","60","0","0","-10","80"
"464","289","79","76","76","-2","51","5","0","51","5","47","80","60","0","0","-10","80"
"465","289","79","76","76","-2","51","5","0","51","5","47","90","60","0","0","-9","80"
"466","289","81","76","76","-2","50","5","0","50","5","47","90","60","0","0","-9","80"
"467","287","82","78","78","-2","50","2","0","50","2","47","90","60","0","0","-9","80"
"468","287","83","77","77","-2","50","4","0","50","4","47","90","60","0","0","-10","80"
"469","287","85","75","75","-1","49","6","0","49","6","47","90","60","0","0","-10","80"
"470","287","86","74","74","-1","49","8","0","49","8","47","90","60","0","0","-10","80"
"471","286","85","76","76","-1","49","5","0","49","5","47","90","60","0","0","-10","80"
"472","287","86","73","73","-1","49","9","0","49","9","47","90","60","0","0","-10","80"
"473","286","85","73","73","-1","50","9","0","50","9","47","90","60","0","0","-10","80"
"474","285","86","74","74","-1","49","8","0","49","8","47","100","60","0","0","-10","80"
"475","284","86","74","74","0","49","8","0","49","8","47","100","60","0","0","-10","80"
"476","282","85","78","78","0","48","2","0","48","2","47","100","60","0","0","-10","80"
"477","283","87","75","75","0","48","6","0","48","6","47","100","60","0","0","-10","79.5"
"478","282","87","76","76","0","48","5","0","48","5","47","100","60","0","0","-10","79.5"
"479","280","86","77","77","1","48","4","0","48","4","47","100","60","0","0","-10","79.5"
"480","281","87","75","75","1","48","6","0","48","6","47","110","61","0","0","-10","79.5"
"481","279","86","77","77","1","48","4","0","48","4","47","110","61","0","0","-10","79.5"
"482","279","86","76","76","1","48","5","0","48","5","47","110","61","0","0","-10","79.5"
"483","278","86","75","75","2","49","6","-2","49","6","47","110","61","0","0","-10","79.5"
"484","278","85","73","73","2","50","9","-2","50","9","47","110","61","0","0","-10","79.5"
"485","277","85","73","73","2","50","9","-2","50","9","47","110","61","0","0","-10","79.5"
"486","277","85","73","73","2","50","9","-2","50","9","47","110","61","0","0","-10","79.5"
"487","277","83","74","74","2","50","8","-2","50","8","47","110","61","0","0","-10","79.5"
"488","276","84","74","74","2","50","8","-2","50","8","47","110","61","0","0","-10","79.5"
"489","276","83","74","74","2","50","8","-2","50","8","47","110","61","0","0","-10","79.5"
"490","277","83","74","74","2","50","8","-2","50","8","47","120","61","0","0","-10","79.5"
"491","278","83","73","73","2","50","9","-2","50","9","47","120","61","0","0","-10","79.5"
"492","277","82","75","75","2","50","6","-2","50","6","47","120","61","0","0","-10","79.5"
"493","279","82","74","74","1","50","8","0","50","8","47","120","61","0","0","-10","79.5"
"494","280","82","74","74","1","50","8","0","50","8","47","120","61","0","0","-10","79.5"
"495","286","85","70","70","0","50","12","0","50","12","47","120","61","0","0","-10","79.5"
"496","286","85","70","70","0","50","12","0","50","12","47","120","61","0","0","-10","79.5"
"497","288","86","70","70","-1","50","12","0","50","12","47","120","61","0","0","-9","79.5"
"498","290","89","67","67","-1","49","16","0","49","16","47","120","61","0","0","-9","79.5"
"499","292","91","70","70","-2","48","12","0","48","12","47","120","61","0","0","-9","79.5"
"500","293","94","69","69","-2","47","14","0","47","14","47","130","61","0","0","-9","79.5"
"501","293","94","69","69","-2","47","14","0","47","14","47","130","61","0","0","-9","79.5"
"502","295","97","70","70","-3","45","12","3","45","12","47","130","61","0","0","-9","79.5"
"503","297","100","68","68","-3","44","15","3","44","15","47","130","61","0","0","-9","79.5"
"504","298","104","70","70","-4","42","12","4","42","12","47","130","61","0","0","-9","79.5"
"505","301","107","69","69","-5","41","14","5","41","14","47","130","61","0","0","-9","79.5"
"506","303","111","68","68","-5","40","15","5","40","15","47","130","61","0","0","-9","79.5"
"507","304","115","67","67","-5","38","16","5","38","16","47","140","61","0","0","-9","79.5"
"508","306","120","66","66","-6","36","18","6","36","18","47","140","61","0","0","-9","79.5"
"509","308","124","66","66","-7","35","18","7","35","18","47","140","61","0","0","-9","79.5"
"510","309","128","68","68","-7","32","15","7","32","15","47","140","61","0","0","-9","80"
"511","309","128","68","68","-7","32","15","7","32","15","47","140","61","0","0","-9","80"
"512","310","133","68","68","-8","30","15","8","30","15","47","140","61","0","0","-9","80"
"513","311","138","68","68","-8","28","15","8","28","15","47","140","61","0","0","-9","80"
"514","312","143","66","66","-8","27","18","8","27","18","47","140","62","0","0","-9","80"
"515","312","148","66","66","-8","25","18","8","25","18","47","140","62","0","0","-9","80"
"516","310","150","69","69","-8","23","14","8","23","14","47","150","62","0","0","-9","80"
"517","310","155","67","67","-7","22","16","7","22","16","47","150","62","0","0","-9","80"
"518","310","158","67","67","-7","20","16","7","20","16","47","150","62","0","0","-9","80"
"519","308","162","67","67","-7","19","16","7","19","16","47","150","62","0","0","-9","80"
"520","308","162","67","67","-7","19","16","7","19","16","47","150","62","0","0","-9","80"
"521","307","164","67","67","-6","18","16","6","18","16","47","150","62","0","0","-9","80"
"522","307","168","67","67","-6","16","16","6","16","16","47","150","62","0","0","-9","80"
"523","304","169","70","70","-6","15","12","6","15","12","47","150","62","0","0","-9","80"
"524","304","173","69","69","-6","14","14","6","14","14","47","150","62","0","0","-9","80"
"525","304","173","69","69","-6","14","14","6","14","14","47","150","62","0","0","-9","80"
"526","302","176","69","69","-5","12","14","5","12","14","47","150","62","0","0","-9","80"
"527","300","179","70","70","-5","11","12","5","11","12","47","150","62","0","0","-9","80"
"528","299","182","69","69","-4","10","14","4","10","14","47","150","62","0","0","-9","80"
"529","295","189","70","70","-3","7","12","3","7","12","47","150","62","0","0","-9","80"
"530","295","189","70","70","-3","7","12","3","7","12","47","150","62","0","0","-8","80"
"531","293","192","70","70","-2","5","12","0","5","12","47","150","62","0","0","-8","80"
"532","293","192","70","70","-2","5","12","0","5","12","47","150","62","0","0","-8","80"
"533","291","194","70","70","-2","5","12","0","5","12","47","160","62","0","0","-8","80"
"534","290","196","70","70","-2","4","12","0","4","12","47","160","62","0","0","-8","80"
"535","288","198","72","72","-1","2","10","0","2","10","47","160","62","0","0","-8","80"
"536","288","202","71","71","-1","1","11","0","0","11","47","160","62","0","0","-8","80"
"537","285","203","74","74","-1","0","8","0","0","8","47","160","62","0","0","-8","80"
"538","286","207","71","71","0","-1","11","0","0","11","47","160","62","0","0","-8","80"
"539","283","209","73","73","0","-2","9","0","0","9","47","160","62","0","0","-8","80"
"540","282","210","76","76","0","-3","5","0","-3","5","47","160","62","0","0","-8","80"
"541","282","210","76","76","0","-3","5","0","-3","5","47","160","62","0","0","-8","80"
"542","283","215","73","73","0","-5","9","0","-5","9","47","160","62","0","0","-8","80"
"543","283","218","73","73","0","-6","9","0","-6","9","47","160","62","0","0","-8","80"
"544","285","222","71","71","0","-7","11","0","-7","11","47","160","63","0","0","-8","80"
"545","287","228","66","66","0","-9","18","0","-9","18","47","160","63","0","0","-8","80"
"546","287","228","66","66","0","-9","18","0","-9","18","47","160","63","0","0","-8","80"
"547","286","227","72","72","-1","-10","10","0","-10","10","47","160","63","0","0","-8","80"
"548","285","228","73","73","0","-10","9","0","-10","9","47","160","63","0","1","-8","80"
"549","287","232","69","69","0","-11","14","0","-11","14","47","160","63","0","1","-8","80"
"550","288","232","70","70","-1","-11","12","0","-11","12","47","160","63","0","1","-8","80"
"551","288","232","70","70","-1","-11","12","0","-11","12","47","160","63","0","1","-8","80"
"552","287","233","70","70","-1","-12","12","0","-12","12","47","160","63","0","0","-8","80"
"553","289","237","66","66","-1","-12","18","0","-12","18","47","160","63","0","0","-8","80"
"554","288","235","70","70","-1","-12","12","0","-12","12","47","160","63","0","0","-8","80"
"555","288","235","70","70","-1","-12","12","0","-12","12","47","160","63","0","0","-8","80"
"556","289","235","71","71","-1","-12","11","0","-12","11","47","160","63","0","0","-8","80"
"557","289","236","70","70","-1","-13","12","0","-13","12","47","160","63","0","0","-8","80"
"558","287","233","75","75","-1","-12","6","0","-12","6","47","160","63","0","0","-8","80"
"559","287","233","75","75","-1","-12","6","0","-12","6","47","160","63","0","0","-8","80"
"560","288","233","74","74","-2","-12","8","0","-12","8","47","160","63","0","0","-8","80"
"561","287","233","77","77","-2","-13","4","0","-13","4","47","160","63","0","0","-8","80"
"562","289","235","74","74","-2","-13","8","0","-13","8","47","160","63","0","0","-8","80"
"563","289","235","74","74","-2","-13","8","0","-13","8","47","160","63","0","0","-8","80"
"564","289","235","75","75","-2","-13","6","0","-13","6","47","160","63","0","0","-8","80"
"565","290","236","75","75","-2","-14","6","0","-14","6","47","160","63","0","0","-8","80"
"566","289","235","78","78","-2","-14","2","0","-14","2","47","160","63","0","0","-8","80"
"567","289","236","76","76","-2","-14","5","0","-14","5","47","160","63","0","0","-8","80"
"568","289","236","76","76","-2","-14","5","0","-14","5","47","160","63","0","1","-8","80"
"569","286","235","82","82","-2","-15","-2","0","-15","0","47","160","63","0","1","-8","80"
"570","289","237","77","77","-2","-15","4","0","-15","4","47","160","63","0","1","-8","80"
"571","289","237","77","77","-2","-15","4","0","-15","4","47","160","63","0","1","-8","80"
"572","289","236","80","80","-3","-15","0","3","-15","0","47","160","63","0","1","-8","80"
"573","288","236","82","82","-3","-15","-2","3","-15","0","47","160","63","0","1","-8","80"
"574","290","239","77","77","-2","-15","4","0","-15","4","47","160","63","0","1","-8","80"
"575","290","239","77","77","-2","-15","4","0","-15","4","47","160","63","0","1","-8","80"
"576","285","235","86","86","-2","-16","-8","0","-16","-8","47","160","63","0","1","-8","80"
"577","287","238","82","82","-2","-16","-2","0","-16","0","47","160","63","0","1","-8","80"
"578","288","240","81","81","-2","-17","-1","0","-17","0","47","160","63","0","1","-8","80"
"579","289","241","80","80","-3","-17","0","3","-17","0","47","160","63","0","1","-8","80"
"580","289","242","80","80","-3","-18","0","3","-18","0","47","160","63","0","1","-8","80"
"581","289","242","80","80","-3","-18","0","3","-18","0","47","160","63","0","1","-8","80"
"582","286","240","87","87","-3","-18","-9","3","-18","-9","47","160","63","0","1","-8","80"
"583","286","242","84","84","-2","-18","-5","0","-18","-5","47","160","63","0","1","-8","80"
"584","288","244","80","80","-2","-18","0","0","-18","0","47","160","64","0","1","-8","80"
"585","288","244","80","80","-2","-18","0","0","-18","0","47","160","64","0","1","-8","80"
"586","288","244","82","82","-3","-19","-2","3","-19","0","47","160","64","0","1","-8","80"
"587","290","247","79","79","-3","-19","1","3","-19","0","47","160","64","0","1","-8","80"
"588","290","248","79","79","-3","-20","1","3","-20","0","47","160","64","0","1","-8","80"
"589","288","247","81","81","-2","-20","-1","0","-20","0","47","160","64","0","1","-8","80"
"590","288","247","81","81","-2","-20","-1","0","-20","0","47","160","64","0","1","-8","80"
"591","290","251","78","78","-3","-21","2","3","-21","2","47","160","64","0","1","-8","80"
"592","290","250","79","79","-3","-20","1","3","-20","0","47","160","64","0","1","-8","80"
"593","291","253","76","76","-3","-21","5","3","-21","5","47","160","64","0","1","-8","80"
"594","292","254","76","76","-3","-22","5","3","-22","5","47","160","64","0","1","-8","80"
"595","292","254","76","76","-3","-22","5","3","-22","5","47","160","64","0","1","-8","80"
"596","293","255","75","75","-3","-22","6","3","-22","6","47","160","64","0","1","-8","80"
"597","292","254","77","77","-3","-22","4","3","-22","4","47","160","64","0","1","-8","80"
"598","290","253","77","77","-2","-21","4","0","-21","4","47","160","64","0","1","-8","80"
"599","290","252","77","77","-2","-21","4","0","-21","4","47","160","64","0","1","-8","80"
"600","287","246","83","83","-2","-20","-4","0","-20","-4","47","160","64","0","1","-8","80"
"601","287","245","82","82","-2","-19","-2","0","-19","0","47","160","64","0","1","-8","80"
"602","287","245","82","82","-2","-19","-2","0","-19","0","47","160","64","0","1","-8","80"
"603","280","237","91","91","-2","-18","-14","0","-18","-14","47","160","64","0","1","-8","80"
"604","276","231","97","97","-1","-16","-21","0","-16","-21","47","160","64","0","1","-8","80"
"605","276","227","97","97","-1","-15","-21","0","-15","-21","47","160","64","0","1","-8","80"
"606","275","226","97","97","-1","-14","-21","0","-14","-21","47","160","64","0","1","-8","80"
"607","275","226","97","97","-1","-14","-21","0","-14","-21","47","160","64","0","1","-8","80"
"608","273","223","97","97","0","-13","-21","0","-13","-21","47","160","64","0","1","-8","80"
"609","273","225","92","92","0","-13","-15","0","-13","-15","47","160","64","0","1","-8","80"
"610","269","221","98","98","1","-12","-22","0","-12","-22","47","160","64","0","1","-8","80"
"611","268","221","96","96","1","-12","-20","0","-12","-20","47","160","64","0","1","-8","80"
"612","268","221","96","96","1","-12","-20","0","-12","-20","47","160","64","0","1","-8","80"
"613","266","220","96","96","2","-12","-20","-2","-12","-20","47","150","65","0","1","-8","80.5"
"614","264","221","95","95","3","-12","-19","-3","-12","-19","47","150","65","0","1","-8","80.5"
"615","260","219","96","96","4","-11","-20","-4","-11","-20","47","150","65","0","1","-8","80.5"
"616","260","221","93","93","4","-11","-16","-4","-11","-16","47","150","65","0","1","-8","80.5"
"617","260","221","93","93","4","-11","-16","-4","-11","-16","47","150","65","0","2","-8","80.5"
"618","256","219","96","96","5","-11","-20","-5","-11","-20","47","150","65","0","2","-8","80.5"
"619","252","216","100","100","6","-11","-25","-6","-11","-25","47","150","65","0","2","-8","80.5"
"620","251","218","96","96","7","-11","-20","-7","-11","-20","47","150","65","0","3","-8","80.5"
"621","249","216","97","97","7","-10","-21","-7","-10","-21","47","150","65","0","3","-8","80.5"
"622","247","216","96","96","8","-10","-20","-8","-10","-20","47","150","65","0","3","-8","80.5"
"623","247","216","96","96","8","-10","-20","-8","-10","-20","47","150","65","0","3","-8","80.5"
"624","247","216","96","96","8","-10","-20","-8","-10","-20","47","150","65","0","3","-8","80.5"
"625","246","214","97","97","8","-9","-21","-8","-9","-21","47","150","65","0","3","-8","80.5"
"626","245","215","96","96","8","-10","-20","-8","-10","-20","47","150","65","0","3","-8","80.5"
"627","243","212","102","102","8","-10","-28","-8","-10","-28","47","150","65","0","3","-8","80.5"
"628","243","212","102","102","8","-10","-28","-8","-10","-28","47","150","65","0","3","-9","80.5"
"629","243","211","103","103","8","-9","-29","-8","-9","-29","47","150","65","0","3","-9","80.5"
"630","246","213","99","99","8","-9","-24","-8","-9","-24","47","150","65","0","3","-9","80.5"
"631","245","210","104","104","7","-9","-30","-7","-9","-30","47","150","65","0","3","-9","80.5"
"632","249","208","103","103","6","-8","-29","-6","-8","-29","47","150","65","0","3","-9","80.5"
"633","249","208","103","103","6","-8","-29","-6","-8","-29","47","150","65","0","3","-9","80.5"
"634","249","208","103","103","6","-8","-29","-6","-8","-29","47","150","65","0","3","-9","80.5"
"635","253","210","100","100","5","-8","-25","-5","-8","-25","47","150","65","0","3","-9","80.5"
"636","255","211","97","97","5","-8","-21","-5","-8","-21","47","150","65","0","3","-9","80.5"
"637","257","210","98","98","4","-8","-22","-4","-8","-22","47","150","65","0","3","-9","80.5"
"638","258","208","102","102","3","-8","-28","-3","-8","-28","47","150","65","0","3","-9","80.5"
"639","259","208","101","101","3","-8","-26","-3","-8","-26","47","150","65","0","3","-10","80.5"
"640","259","208","101","101","3","-8","-26","-3","-8","-26","47","150","65","0","3","-10","80.5"
"641","264","206","98","98","2","-6","-22","-2","-6","-22","47","150","65","0","3","-10","80.5"
"642","265","206","99","99","2","-6","-24","-2","-6","-24","47","150","65","0","3","-10","80.5"
"643","268","205","99","99","1","-6","-24","0","-6","-24","47","150","65","0","4","-10","80.5"
"644","271","205","98","98","0","-6","-22","0","-6","-22","47","150","65","0","4","-10","80.5"
"645","271","205","98","98","0","-6","-22","0","-6","-22","47","150","65","0","4","-10","80.5"
"646","274","204","99","99","-1","-5","-24","0","-5","-24","47","150","65","0","4","-10","80.5"
"647","278","206","94","94","-2","-5","-18","0","-5","-18","47","150","65","0","3","-10","80.5"
"648","278","203","98","98","-2","-5","-22","0","-5","-22","47","150","65","0","3","-10","80.5"
"649","280","202","97","97","-2","-4","-21","0","-4","-21","47","150","65","0","3","-10","80.5"
"650","284","204","92","92","-3","-4","-15","3","-4","-15","47","150","66","0","3","-11","80"
"651","284","204","92","92","-3","-4","-15","3","-4","-15","47","150","66","0","3","-11","80"
"652","286","204","91","91","-3","-4","-14","3","-4","-14","47","150","66","0","3","-11","80"
"653","287","200","95","95","-4","-3","-19","4","-3","-19","47","150","66","0","3","-11","80"
"654","287","200","95","95","-4","-3","-19","4","-3","-19","47","150","66","0","3","-11","80"
"655","290","201","93","93","-5","-3","-16","5","-3","-16","47","150","66","0","3","-11","80"
"656","292","200","89","89","-5","-2","-11","5","0","-11","47","150","66","0","3","-11","80"
"657","292","198","93","93","-6","-2","-16","6","0","-16","47","150","66","0","2","-11","80"
"658","295","199","88","88","-6","-1","-10","6","0","-10","47","150","66","0","2","-11","80"
"659","295","199","88","88","-6","-1","-10","6","0","-10","47","150","66","0","2","-11","80"
"660","297","195","90","90","-7","0","-12","7","0","-12","47","150","66","0","2","-11","80"
"661","297","195","90","90","-7","0","-12","7","0","-12","47","150","66","0","2","-11","80"
"662","298","195","88","88","-7","0","-10","7","0","-10","47","150","66","0","2","-11","80"
"663","299","194","90","90","-8","0","-12","8","0","-12","47","150","66","0","2","-11","80"
"664","302","196","86","86","-8","0","-8","8","0","-8","47","150","66","0","2","-11","80"
"665","302","196","86","86","-8","0","-8","8","0","-8","47","150","66","0","1","-11","80"
"666","302","196","85","85","-8","1","-6","8","0","-6","47","150","66","0","1","-11","80"
"667","304","197","83","83","-8","1","-4","8","0","-4","47","150","66","0","1","-11","80"
"668","303","197","85","85","-8","0","-6","8","0","-6","47","150","66","0","1","-11","80"
"669","303","197","85","85","-8","0","-6","8","0","-6","47","150","66","0","1","-11","80"
"670","303","197","85","85","-8","0","-6","8","0","-6","47","150","66","0","1","-11","80"
"671","305","198","82","82","-8","0","-2","8","0","0","47","150","66","0","1","-11","80"
"672","303","197","85","85","-8","0","-6","8","0","-6","47","150","66","0","0","-11","80"
"673","304","197","83","83","-8","1","-4","8","0","-4","47","150","66","0","0","-11","80"
"674","304","197","83","83","-8","1","-4","8","0","-4","47","150","66","0","0","-11","80"
"675","303","197","85","85","-8","0","-6","8","0","-6","47","150","66","0","0","-11","80"
"676","304","198","83","83","-8","0","-4","8","0","-4","47","150","66","0","0","-11","80"
"677","304","198","80","80","-8","1","0","8","0","0","47","150","66","0","0","-11","80"
"678","304","198","80","80","-8","1","0","8","0","0","47","150","66","0","0","-11","80"
"679","304","199","81","81","-8","0","-1","8","0","0","47","150","66","0","0","-11","80"
"680","304","199","80","80","-8","0","0","8","0","0","47","150","66","0","0","-11","80"
"681","303","198","82","82","-8","0","-2","8","0","0","47","150","66","0","0","-11","80"
"682","303","199","81","81","-7","0","-1","7","0","0","47","150","66","0","0","-11","80"
"683","303","200","79","79","-7","0","1","7","0","0","47","150","66","0","0","-11","80"
"684","303","200","79","79","-7","0","1","7","0","0","47","150","66","0","0","-10","80"
"685","304","201","77","77","-7","0","4","7","0","4","47","150","66","0","0","-10","80"
"686","305","202","74","74","-7","0","8","7","0","8","47","150","66","0","0","-10","80"
"687","305","201","74","74","-7","1","8","7","0","8","47","150","66","0","0","-10","80"
"688","303","199","78","78","-7","1","2","7","0","2","47","150","67","0","0","-10","80.5"
"689","303","199","78","78","-7","1","2","7","0","2","47","150","67","0","0","-10","80.5"
"690","303","200","76","76","-7","1","5","7","0","5","47","150","67","0","0","-10","80.5"
"691","304","200","76","76","-7","1","5","7","0","5","47","150","67","0","0","-10","80.5"
"692","304","200","76","76","-7","1","5","7","0","5","47","150","67","0","0","-10","80.5"
"693","304","200","76","76","-7","1","5","7","0","5","47","150","67","0","0","-10","80.5"
"694","303","199","75","75","-6","2","6","6","2","6","47","150","67","0","0","-10","80.5"
"695","305","200","73","73","-7","2","9","7","2","9","47","150","67","0","0","-10","80.5"
"696","304","199","74","74","-7","2","8","7","2","8","47","150","67","0","0","-10","80.5"
"697","304","199","74","74","-7","2","8","7","2","8","47","150","67","0","0","-10","80.5"
"698","304","199","74","74","-7","2","8","7","2","8","47","150","67","0","0","-10","80.5"
"699","304","199","73","73","-6","2","9","6","2","9","47","150","67","0","0","-10","80.5"
"700","305","199","72","72","-7","2","10","7","2","10","47","150","67","0","0","-10","80.5"
"701","304","199","72","72","-6","2","10","6","2","10","47","150","67","0","0","-9","80.5"
"702","304","198","75","75","-7","2","6","7","2","6","47","150","67","0","0","-9","80.5"
"703","304","199","71","71","-6","2","11","6","2","11","47","150","67","0","0","-9","80.5"
"704","303","197","74","74","-6","2","8","6","2","8","47","150","67","0","0","-9","80.5"
"705","303","197","74","74","-6","2","8","6","2","8","47","150","67","0","0","-9","80.5"
"706","302","196","75","75","-6","3","6","6","3","6","47","150","67","0","0","-9","80.5"
"707","302","196","75","75","-6","3","6","6","3","6","47","150","67","0","0","-9","80.5"
"708","304","197","72","72","-6","3","10","6","3","10","47","150","67","0","0","-9","80.5"
"709","304","197","72","72","-6","3","10","6","3","10","47","150","67","0","0","-9","80.5"
"710","304","197","71","71","-6","3","11","6","3","11","47","150","67","0","0","-9","80.5"
"711","304","197","70","70","-6","3","12","6","3","12","47","150","67","0","0","-9","80.5"
"712","303","196","71","71","-6","4","11","6","4","11","47","150","67","0","0","-9","80.5"
"713","303","196","71","71","-6","4","11","6","4","11","47","150","67","0","0","-9","80.5"
"714","303","195","72","72","-6","4","10","6","4","10","47","150","67","0","0","-9","80.5"
"715","303","194","74","74","-6","4","8","6","4","8","47","150","67","0","0","-9","80.5"
"716","303","195","72","72","-6","4","10","6","4","10","47","150","67","0","0","-9","80.5"
"717","303","195","72","72","-6","4","10","6","4","10","47","150","67","0","0","-9","80.5"
"718","301","193","74","74","-6","4","8","6","4","8","47","150","67","0","0","-9","80.5"
"719","302","195","69","69","-5","5","14","5","5","14","47","150","67","0","0","-9","80.5"
"720","301","195","71","71","-5","4","11","5","4","11","47","150","67","0","0","-9","80.5"
"721","301","193","73","73","-5","5","9","5","5","9","47","150","67","0","0","-9","80.5"
"722","301","193","73","73","-5","5","9","5","5","9","47","150","67","0","0","-9","80.5"
"723","301","193","73","73","-5","5","9","5","5","9","47","150","67","0","0","-9","80.5"
"724","300","193","74","74","-5","4","8","5","4","8","47","150","67","0","0","-9","80.5"
"725","301","194","72","72","-5","4","10","5","4","10","47","150","68","0","0","-9","80"
"726","300","193","72","72","-5","5","10","5","5","10","47","150","68","0","0","-9","80"
"727","300","193","72","72","-5","5","10","5","5","10","47","150","68","0","0","-9","80"
"728","300","194","73","73","-5","4","9","5","4","9","46","150","68","0","0","-9","80"
"729","300","193","73","73","-5","5","9","5","5","9","46","150","68","0","0","-9","80"
"730","300","193","73","73","-5","5","9","5","5","9","46","150","68","0","0","-9","80"
"731","300","193","73","73","-5","5","9","5","5","9","46","150","68","0","0","-9","80"
"732","300","193","73","73","-5","5","9","5","5","9","46","150","68","0","0","-9","80"
"733","300","193","73","73","-5","5","9","5","5","9","46","150","68","0","0","-9","80"
"734","300","194","71","71","-5","5","11","5","5","11","46","150","68","0","0","-9","80"
"735","299","194","74","74","-5","4","8","5","4","8","46","150","68","0","0","-9","80"
"736","299","194","74","74","-5","4","8","5","4","8","46","150","68","0","0","-9","80"
"737","299","194","74","74","-5","4","8","5","4","8","46","150","68","0","0","-9","80"
"738","299","194","74","74","-5","4","8","5","4","8","46","150","68","0","0","-9","80"
"739","299","194","74","74","-5","4","8","5","4","8","46","150","68","0","0","-9","80"
"740","299","194","72","72","-5","4","10","5","4","10","46","150","68","0","0","-9","80"
"741","298","193","75","75","-5","4","6","5","4","6","46","150","68","0","0","-9","80"
"742","298","193","75","75","-5","4","6","5","4","6","46","150","68","0","0","-9","80"
"743","298","193","75","75","-5","4","6","5","4","6","46","150","68","0","0","-9","80"
"744","298","193","75","75","-5","4","6","5","4","6","46","150","68","0","0","-9","80"
"745","296","193","76","76","-4","4","5","4","4","5","46","150","68","0","0","-9","80"
"746","296","193","76","76","-4","4","5","4","4","5","46","150","68","0","0","-9","80"
"747","296","193","76","76","-4","4","5","4","4","5","46","150","68","0","0","-9","80"
"748","296","193","76","76","-4","4","5","4","4","5","46","150","68","0","0","-9","80"
"749","297","194","74","74","-4","4","8","4","4","8","46","150","68","0","0","-9","80"
"750","296","192","77","77","-4","4","4","4","4","4","46","150","68","0","0","-9","80"
"751","296","192","77","77","-4","4","4","4","4","4","46","150","68","0","0","-9","80"
"752","296","194","74","74","-4","4","8","4","4","8","46","150","68","0","0","-9","80"
"753","297","193","75","75","-4","4","6","4","4","6","46","150","68","0","0","-9","80"
"754","296","192","76","76","-4","4","5","4","4","5","46","150","68","0","0","-9","80"
"755","295","192","77","77","-4","4","4","4","4","4","46","150","68","0","0","-9","80"
"756","295","192","77","77","-4","4","4","4","4","4","46","150","68","0","0","-9","80"
"757","294","192","77","77","-4","4","4","4","4","4","46","150","68","0","0","-9","80"
"758","295","192","77","77","-4","4","4","4","4","4","46","150","68","0","0","-9","80"
"759","295","192","78","78","-4","4","2","4","4","2","46","150","68","0","0","-9","80"
"760","295","192","77","77","-4","4","4","4","4","4","46","150","68","0","0","-9","80"
"761","295","192","77","77","-4","4","4","4","4","4","46","150","68","0","0","-9","80"
"762","295","192","77","77","-4","4","4","4","4","4","46","150","68","0","0","-9","80"
"763","294","192","77","77","-4","4","4","4","4","4","46","150","69","0","0","-9","80"
"764","294","193","75","75","-3","4","6","3","4","6","46","150","69","0","0","-9","80"
"765","293","191","78","78","-4","4","2","4","4","2","46","150","69","0","0","-9","80"
"766","293","191","78","78","-4","4","2","4","4","2","46","150","69","0","0","-9","80"
"767","293","192","77","77","-3","4","4","3","4","4","46","150","69","0","1","-9","80"
"768","293","193","74","74","-3","4","8","3","4","8","46","150","69","0","1","-9","80"
"769","293","192","77","77","-3","4","4","3","4","4","46","150","69","0","1","-9","80"
"770","293","192","77","77","-3","4","4","3","4","4","46","150","69","0","1","-9","80"
"771","292","192","77","77","-3","4","4","3","4","4","46","150","69","0","1","-8","80"
"772","291","192","78","78","-3","4","2","3","4","2","46","150","69","0","1","-8","80"
"773","291","191","79","79","-3","4","1","3","4","0","46","150","69","0","1","-8","80"
"774","289","191","81","81","-3","4","-1","3","4","0","46","150","69","0","1","-8","80"
"775","289","191","81","81","-3","4","-1","3","4","0","46","150","69","0","1","-8","80"
"776","290","192","78","78","-3","4","2","3","4","2","46","150","69","0","1","-8","80"
"777","289","192","79","79","-2","4","1","0","4","0","46","150","69","0","1","-8","80"
"778","287","190","83","83","-2","4","-4","0","4","-4","46","150","69","0","1","-8","80"
"779","289","193","79","79","-2","3","1","0","3","0","46","150","69","0","1","-8","80"
"780","289","193","79","79","-2","3","1","0","3","0","46","150","69","0","1","-8","80"
"781","287","191","83","83","-2","3","-4","0","3","-4","46","150","69","0","1","-8","80"
"782","287","192","81","81","-2","3","-1","0","3","0","46","150","69","0","1","-8","80"
"783","287","192","81","81","-2","3","-1","0","3","0","46","150","69","0","1","-8","80"
"784","287","192","81","81","-2","3","-1","0","3","0","46","150","69","0","1","-8","80"
"785","287","193","81","81","-2","3","-1","0","3","0","46","150","69","0","1","-8","80"
"786","288","194","82","82","-3","2","-2","3","2","0","46","150","69","0","1","-8","80"
"787","288","194","82","82","-3","2","-2","3","2","0","46","150","69","0","1","-8","80"
"788","289","196","81","81","-3","2","-1","3","2","0","46","150","69","0","1","-8","80"
"789","288","196","82","82","-3","1","-2","3","0","0","46","150","69","0","1","-8","80"
"790","288","196","82","82","-3","1","-2","3","0","0","46","150","69","0","1","-8","80"
"791","289","198","80","80","-3","1","0","3","0","0","46","150","69","0","1","-8","80"
"792","295","207","70","70","-3","-1","12","3","0","12","46","150","69","0","1","-8","80"
"793","292","204","76","76","-3","-1","5","3","0","5","46","150","69","0","1","-8","80"
"794","292","204","76","76","-3","-1","5","3","0","5","46","150","69","0","1","-8","80"
"795","291","205","77","77","-3","-1","4","3","0","4","46","150","69","0","1","-8","80"
"796","294","207","73","73","-3","-1","9","3","0","9","46","150","69","0","1","-8","80"
"797","293","207","74","74","-3","-2","8","3","0","8","46","150","69","0","1","-8","80"
"798","293","205","77","77","-3","-1","4","3","0","4","46","150","69","0","1","-8","80"
"799","293","205","77","77","-3","-1","4","3","0","4","46","150","69","0","1","-8","80"
"800","294","205","77","77","-4","-1","4","4","0","4","46","150","69","0","1","-8","80"
"801","294","205","77","77","-4","-1","4","4","0","4","46","150","69","0","1","-8","80"
"802","293","206","76","76","-3","-2","5","3","0","5","46","150","70","0","1","-8","80.5"
"803","292","205","77","77","-3","-1","4","3","0","4","46","150","70","0","1","-8","80.5"
"804","292","205","77","77","-3","-1","4","3","0","4","46","150","70","0","1","-8","80.5"
"805","292","205","77","77","-3","-1","4","3","0","4","46","150","70","0","1","-8","80.5"
"806","292","205","77","77","-3","-1","4","3","0","4","46","150","70","0","1","-8","80.5"
"807","292","205","77","77","-3","-1","4","3","0","4","46","150","70","0","1","-8","80.5"
"808","292","205","77","77","-3","-1","4","3","0","4","46","150","70","0","1","-8","80.5"
"809","286","199","83","83","-2","0","-4","0","0","-4","45","150","70","0","0","-8","80.5"
"810","286","196","85","85","-2","1","-6","0","0","-6","45","150","70","0","0","-8","80.5"
"811","286","196","85","85","-2","1","-6","0","0","-6","45","150","70","0","0","-8","80.5"
"812","286","196","85","85","-2","1","-6","0","0","-6","45","150","70","0","0","-8","80.5"
"813","286","196","85","85","-2","1","-6","0","0","-6","45","150","70","0","0","-8","80.5"
"814","286","196","85","85","-2","1","-6","0","0","-6","45","150","70","0","0","-8","80.5"
"815","286","197","83","83","-2","1","-4","0","0","-4","45","150","70","0","0","-8","80.5"
"816","285","199","82","82","-2","0","-2","0","0","0","45","150","70","0","0","-8","80.5"
"817","285","199","82","82","-2","0","-2","0","0","0","45","150","70","0","0","-8","80.5"
"818","285","199","82","82","-2","0","-2","0","0","0","45","150","70","0","0","-8","80.5"
"819","282","197","86","86","-2","0","-8","0","0","-8","45","150","70","0","0","-8","80.5"
"820","282","196","85","85","-1","1","-6","0","0","-6","45","150","70","0","0","-8","80.5"
"821","282","197","84","84","-1","0","-5","0","0","-5","45","150","70","0","0","-8","80.5"
"822","282","197","84","84","-1","0","-5","0","0","-5","45","150","70","0","0","-8","80.5"
"823","282","197","84","84","-1","0","-5","0","0","-5","45","150","70","0","0","-8","80.5"
"824","282","197","84","84","-1","0","-5","0","0","-5","45","150","70","0","0","-8","80.5"
"825","282","197","84","84","-1","0","-5","0","0","-5","45","150","70","0","0","-8","80.5"
"826","280","196","88","88","-1","0","-10","0","0","-10","45","150","70","0","0","-8","80.5"
"827","283","197","82","82","-1","1","-2","0","0","0","45","150","70","0","1","-8","80.5"
"828","283","197","83","83","-1","1","-4","0","0","-4","45","150","70","0","1","-8","80.5"
"829","283","197","83","83","-1","1","-4","0","0","-4","45","150","70","0","1","-8","80.5"
"830","282","196","83","83","-1","1","-4","0","0","-4","45","150","70","0","1","-8","80.5"
"831","280","195","83","83","0","2","-4","0","2","-4","45","150","70","0","1","-8","80.5"
"832","279","194","85","85","0","2","-6","0","2","-6","45","150","70","0","1","-8","80.5"
"833","279","194","85","85","0","2","-6","0","2","-6","45","150","70","0","1","-8","80.5"
"834","281","194","83","83","-1","2","-4","0","2","-4","45","150","70","0","1","-8","80.5"
"835","282","194","81","81","-1","2","-1","0","2","0","45","150","70","0","1","-8","80.5"
"836","282","194","81","81","-1","2","-1","0","2","0","45","150","70","0","1","-8","80.5"
"837","282","193","83","83","-1","2","-4","0","2","-4","45","150","70","0","1","-8","80.5"
"838","284","193","83","83","-2","2","-4","0","2","-4","45","150","70","0","1","-8","80.5"
"839","284","192","86","86","-2","2","-8","0","2","-8","45","150","71","0","1","-8","80.5"
"840","290","194","82","82","-3","2","-2","3","2","0","45","150","71","0","1","-8","80.5"
"841","291","192","85","85","-4","2","-6","4","2","-6","45","150","71","0","1","-8","80.5"
"842","291","192","85","85","-4","2","-6","4","2","-6","45","150","71","0","1","-8","80.5"
"843","294","192","86","86","-5","2","-8","5","2","-8","45","150","71","0","1","-8","80.5"
"844","301","193","83","83","-7","2","-4","7","2","-4","45","150","71","0","1","-8","80.5"
"845","306","193","83","83","-8","2","-4","8","2","-4","45","150","71","0","1","-8","80.5"
"846","306","193","83","83","-8","2","-4","8","2","-4","45","150","71","0","1","-8","80.5"
"847","310","192","86","86","-10","2","-8","10","2","-8","45","150","71","0","1","-8","80.5"
"848","315","193","88","88","-12","1","-10","12","0","-10","45","150","71","0","1","-8","80.5"
"849","321","194","86","86","-14","1","-8","14","0","-8","45","150","71","0","1","-8","80.5"
"850","329","194","85","85","-16","2","-6","16","2","-6","45","150","71","0","0","-8","80.5"
"851","335","192","90","90","-19","1","-12","19","0","-12","45","150","71","0","0","-8","80.5"
"852","335","192","90","90","-19","1","-12","19","0","-12","45","150","71","0","0","-8","80.5"
"853","345","195","86","86","-21","1","-8","21","0","-8","45","150","71","0","0","-8","80.5"
"854","352","194","87","87","-23","1","-9","23","0","-9","45","150","71","0","1","-8","80.5"
"855","361","195","86","86","-26","1","-8","26","0","-8","45","150","71","0","1","-8","80.5"
"856","368","193","87","87","-28","2","-9","28","2","-9","45","150","71","0","1","-8","80.5"
"857","368","193","87","87","-28","2","-9","28","2","-9","45","150","71","0","1","-8","80.5"
"858","375","193","88","88","-31","1","-10","31","0","-10","45","150","71","0","1","-8","80.5"
"859","388","192","88","88","-35","2","-10","35","2","-10","45","150","71","0","1","-8","80.5"
"860","388","192","88","88","-35","2","-10","35","2","-10","45","150","71","0","1","-8","80.5"
"861","388","192","88","88","-35","2","-10","35","2","-10","45","150","71","0","1","-8","80.5"
"862","392","190","89","89","-36","2","-11","36","2","-11","45","150","71","0","1","-7","80.5"
"863","397","190","89","89","-38","2","-11","38","2","-11","45","150","71","0","1","-7","80.5"
"864","397","190","89","89","-38","2","-11","38","2","-11","45","150","71","0","1","-7","80.5"
"865","399","189","89","89","-38","3","-11","38","3","-11","45","150","71","0","1","-7","80.5"
"866","400","189","91","91","-39","2","-14","39","2","-14","45","150","71","0","1","-5","80.5"
"867","400","188","92","92","-39","2","-15","39","2","-15","45","150","71","0","1","-5","80.5"
"868","402","191","86","86","-39","2","-8","39","2","-8","45","150","71","0","1","-5","80.5"
"869","401","191","87","87","-39","2","-9","39","2","-9","45","150","71","0","1","-5","80.5"
"870","401","191","87","87","-39","2","-9","39","2","-9","45","150","71","0","1","-3","80.5"
"871","396","189","90","90","-38","2","-12","38","2","-12","45","150","71","0","1","-3","80.5"
"872","392","189","94","94","-37","2","-18","37","2","-18","45","150","71","0","1","-3","80.5"
"873","389","191","89","89","-35","2","-11","35","2","-11","45","150","71","0","1","-3","80.5"
"874","381","192","88","88","-33","2","-10","33","2","-10","45","150","71","0","1","-1","80.5"
"875","375","191","91","91","-31","2","-14","31","2","-14","45","150","71","0","1","-1","80.5"
"876","367","190","89","89","-28","2","-11","28","2","-11","45","150","71","0","1","-1","80.5"
"877","367","190","89","89","-28","2","-11","28","2","-11","45","150","72","0","1","0","81"
"878","361","191","87","87","-26","2","-9","26","2","-9","45","150","72","0","1","0","81"
"879","352","189","89","89","-24","3","-11","24","3","-11","45","150","72","0","1","0","81"
"880","343","189","89","89","-21","3","-11","21","3","-11","45","150","72","0","1","0","81"
"881","336","189","89","89","-19","3","-11","19","3","-11","45","150","72","0","1","3","81"
"882","336","189","89","89","-19","3","-11","19","3","-11","45","150","72","0","1","3","81"
"883","329","190","87","87","-16","3","-9","16","3","-9","45","150","72","0","1","3","81"
"884","321","191","85","85","-13","3","-6","13","3","-6","45","150","72","0","1","3","81"
"885","314","191","86","86","-12","2","-8","12","2","-8","45","150","72","0","1","5","81"
"886","314","191","86","86","-12","2","-8","12","2","-8","45","150","72","0","1","5","81"
"887","308","190","88","88","-10","2","-10","10","2","-10","45","150","72","0","1","5","81"
"888","304","192","83","83","-8","3","-4","8","3","-4","45","150","72","0","1","5","81"
"889","298","191","87","87","-7","2","-9","7","2","-9","45","150","72","0","1","6","81"
"890","298","191","87","87","-7","2","-9","7","2","-9","45","150","72","0","1","6","81"
"891","295","191","87","87","-6","2","-9","6","2","-9","45","150","72","0","1","6","81"
"892","292","191","88","88","-5","2","-10","5","2","-10","45","150","72","0","1","6","81"
"893","290","192","88","88","-4","2","-10","4","2","-10","45","150","72","0","1","7","81"
"894","290","192","88","88","-4","2","-10","4","2","-10","45","150","72","0","1","7","81"
"895","289","192","88","88","-4","2","-10","4","2","-10","45","150","72","0","1","7","81"
"896","290","193","87","87","-4","2","-9","4","2","-9","45","150","72","0","1","7","81"
"897","292","193","88","88","-5","1","-10","5","0","-10","45","150","72","0","1","7","81"
"898","294","194","86","86","-5","1","-8","5","0","-8","45","150","72","0","1","7","81"
"899","294","194","86","86","-5","1","-8","5","0","-8","45","150","72","0","1","7","81"
"900","296","194","85","85","-6","2","-6","6","2","-6","45","150","72","0","1","7","81"
"901","296","194","85","85","-6","2","-6","6","2","-6","45","150","72","0","1","7","81"
"902","298","193","86","86","-7","2","-8","7","2","-8","45","150","72","0","1","8","81"
"903","301","193","88","88","-8","1","-10","8","0","-10","45","150","72","0","1","8","81"
"904","306","195","86","86","-9","1","-8","9","0","-8","45","150","72","0","1","8","81"
"905","306","195","86","86","-9","1","-8","9","0","-8","45","150","72","0","1","8","81"
"906","310","193","88","88","-11","1","-10","11","0","-10","45","150","72","0","1","8","81"
"907","315","194","88","88","-12","1","-10","12","0","-10","45","150","72","0","1","8","81"
"908","315","194","88","88","-12","1","-10","12","0","-10","45","150","72","0","1","8","81"
"909","319","194","87","87","-13","1","-9","13","0","-9","45","150","72","0","1","8","81"
"910","324","195","87","87","-15","1","-9","15","0","-9","45","150","72","0","1","8","81"
"911","324","195","87","87","-15","1","-9","15","0","-9","45","150","72","0","1","8","81"
"912","329","196","86","86","-16","0","-8","16","0","-8","45","150","72","0","1","8","81"
"913","331","196","89","89","-17","0","-11","17","0","-11","45","150","72","0","1","8","81"
"914","337","197","85","85","-18","0","-6","18","0","-6","45","150","72","0","1","8","81"
"915","337","197","85","85","-18","0","-6","18","0","-6","45","150","72","0","1","8","81"
"916","340","197","86","86","-20","0","-8","20","0","-8","45","150","72","0","1","8","81"
"917","344","198","85","85","-21","0","-6","21","0","-6","45","150","72","0","1","8","81"
"918","347","198","84","84","-22","0","-5","22","0","-5","45","150","73","0","1","8","80.5"
"919","347","198","86","86","-22","0","-8","22","0","-8","45","150","73","0","1","8","80.5"
"920","347","198","86","86","-22","0","-8","22","0","-8","45","150","73","0","1","8","80.5"
"921","349","197","88","88","-23","0","-10","23","0","-10","45","150","73","0","1","8","80.5"
"922","350","198","87","87","-23","0","-9","23","0","-9","45","150","73","0","1","8","80.5"
"923","350","198","87","87","-23","0","-9","23","0","-9","44","150","73","0","1","9","80.5"
"924","349","197","89","89","-23","0","-11","23","0","-11","44","150","73","0","1","9","80.5"
"925","350","198","86","86","-23","0","-8","23","0","-8","44","150","73","0","1","9","80.5"
"926","349","198","88","88","-23","-1","-10","23","0","-10","44","150","73","0","1","9","80.5"
"927","349","198","88","88","-23","-1","-10","23","0","-10","44","150","73","0","1","10","80.5"
"928","347","197","87","87","-22","0","-9","22","0","-9","44","150","73","0","1","10","80.5"
"929","345","198","85","85","-21","0","-6","21","0","-6","44","150","73","0","1","10","80.5"
"930","345","198","85","85","-21","0","-6","21","0","-6","44","150","73","0","1","10","80.5"
"931","341","196","88","88","-20","0","-10","20","0","-10","44","150","73","0","1","11","80.5"
"932","339","197","86","86","-19","0","-8","19","0","-8","44","150","73","0","1","11","80.5"
"933","336","196","83","83","-18","1","-4","18","0","-4","44","150","73","0","1","11","80.5"
"934","336","196","83","83","-18","1","-4","18","0","-4","44","150","73","0","1","11","80.5"
"935","333","195","84","84","-17","1","-5","17","0","-5","44","150","73","0","1","11","80.5"
"936","328","193","85","85","-16","2","-6","16","2","-6","44","150","73","0","1","12","80.5"
"937","328","193","85","85","-16","2","-6","16","2","-6","44","150","73","0","1","12","80.5"
"938","325","192","88","88","-15","2","-10","15","2","-10","44","150","73","0","1","12","80.5"
"939","319","191","87","87","-13","2","-9","13","2","-9","44","150","73","0","1","12","80.5"
"940","319","191","87","87","-13","2","-9","13","2","-9","44","150","73","0","1","13","80.5"
"941","319","191","87","87","-13","2","-9","13","2","-9","44","150","73","0","1","13","80.5"
"942","320","191","84","84","-13","3","-5","13","3","-5","44","150","73","0","1","13","80.5"
"943","319","192","83","83","-12","3","-4","12","3","-4","44","150","73","0","1","13","80.5"
"944","317","191","85","85","-12","3","-6","12","3","-6","44","150","73","0","1","14","80.5"
"945","317","191","85","85","-12","3","-6","12","3","-6","44","150","73","0","1","14","80.5"
"946","319","191","85","85","-13","3","-6","13","3","-6","44","150","73","0","1","14","80.5"
"947","319","190","86","86","-13","3","-8","13","3","-8","44","150","73","0","1","14","80.5"
"948","319","190","86","86","-13","3","-8","13","3","-8","44","150","73","0","0","14","80.5"
"949","321","190","87","87","-14","3","-9","14","3","-9","44","150","73","0","0","14","80.5"
"950","326","191","85","85","-15","3","-6","15","3","-6","44","150","73","0","0","14","80.5"
"951","326","191","85","85","-15","3","-6","15","3","-6","44","150","73","0","0","14","80.5"
"952","331","192","84","84","-17","2","-5","17","2","-5","44","150","73","0","0","14","80.5"
"953","335","192","85","85","-18","2","-6","18","2","-6","44","150","73","0","1","15","80.5"
"954","335","192","85","85","-18","2","-6","18","2","-6","44","150","73","0","1","15","80.5"
"955","341","193","86","86","-20","2","-8","20","2","-8","44","150","73","0","1","15","80.5"
"956","348","195","83","83","-22","2","-4","22","2","-4","44","150","73","0","1","15","80.5"
"957","356","196","84","84","-24","1","-5","24","0","-5","44","150","73","0","0","15","80.5"
"958","356","196","84","84","-24","1","-5","24","0","-5","44","150","73","0","0","15","80.5"
"959","363","198","84","84","-27","0","-5","27","0","-5","44","150","73","0","0","15","80.5"
"960","362","197","87","87","-27","0","-9","27","0","-9","44","150","73","0","0","15","80.5"
"961","362","197","87","87","-27","0","-9","27","0","-9","44","150","74","0","0","16","80"
"962","371","197","85","85","-29","0","-6","29","0","-6","44","150","74","0","0","16","80"
"963","380","198","84","84","-32","0","-5","32","0","-5","44","150","74","0","0","16","80"
"964","385","196","88","88","-34","0","-10","34","0","-10","44","150","74","0","0","16","80"
"965","396","197","82","82","-37","1","-2","37","0","0","44","150","74","0","0","16","80"
"966","396","197","82","82","-37","1","-2","37","0","0","44","150","74","0","0","16","80"
"967","398","194","85","85","-38","2","-6","38","2","-6","44","150","74","0","0","16","80"
"968","402","190","89","89","-39","2","-11","39","2","-11","44","150","74","0","0","16","80"
"969","408","192","85","85","-41","2","-6","41","2","-6","44","150","74","0","0","17","80"
"970","408","192","85","85","-41","2","-6","41","2","-6","44","150","74","0","0","17","80"
"971","410","194","80","80","-41","2","0","41","2","0","44","150","74","0","0","19","80"
"972","409","189","87","87","-41","3","-9","41","3","-9","44","150","74","0","0","19","80"
"973","407","188","88","88","-41","3","-10","41","3","-10","44","150","74","0","0","19","80"
"974","409","189","85","85","-41","4","-6","41","4","-6","44","150","74","0","0","19","80"
"975","409","191","81","81","-40","4","-1","40","4","0","44","150","74","0","0","21","80"
"976","446","296","57","57","-48","-35","29","48","-35","29","44","150","74","0","0","21","80"
"977","409","191","81","81","-40","4","-1","40","4","0","44","150","74","0","0","21","80"
"978","446","296","57","57","-48","-35","29","48","-35","29","44","150","74","0","0","21","80"
"979","401","188","79","79","-38","5","1","38","5","0","44","150","74","0","0","21","80"
"980","382","184","88","88","-33","5","-10","33","5","-10","44","150","74","0","0","23","80"
"981","382","184","88","88","-33","5","-10","33","5","-10","44","150","74","0","0","23","80"
"982","382","184","88","88","-33","5","-10","33","5","-10","44","150","74","0","0","23","80"
"983","374","184","88","88","-31","5","-10","31","5","-10","44","150","74","0","0","23","80"
"984","359","183","83","83","-25","7","-4","25","7","-4","44","150","74","0","0","26","80"
"985","359","183","83","83","-25","7","-4","25","7","-4","44","150","74","0","0","26","80"
"986","360","185","77","77","-24","7","4","24","7","4","44","150","74","0","0","26","80"
"987","348","184","78","78","-21","7","2","21","7","2","44","150","74","0","0","28","80"
"988","338","183","78","78","-18","8","2","18","8","2","44","150","74","0","0","28","80"
"989","338","183","78","78","-18","8","2","18","8","2","44","150","74","0","0","28","80"
"990","330","182","79","79","-15","8","1","15","8","0","44","150","74","0","0","28","80"
"991","329","182","78","78","-15","8","2","15","8","2","44","150","74","0","0","30","80"
"992","321","180","80","80","-13","8","0","13","8","0","44","150","74","0","0","30","80"
"993","316","179","81","81","-11","9","-1","11","9","0","44","150","74","0","0","30","80"
"994","316","179","81","81","-11","9","-1","11","9","0","44","150","74","0","0","30","80"
"995","313","180","77","77","-10","9","4","10","9","4","44","150","74","0","0","30","80"
"996","311","180","78","78","-9","9","2","9","9","2","44","150","74","0","0","30","80"
"997","310","181","75","75","-8","9","6","8","9","6","44","150","74","0","0","30","80"
"998","310","181","75","75","-8","9","6","8","9","6","44","150","74","0","0","30","80"
"999","304","178","78","78","-7","10","2","7","10","2","44","150","75","0","0","32","81"
"1000","301","178","78","78","-6","10","2","6","10","2","44","150","75","0","0","32","81"
"1001","296","176","80","80","-5","10","0","5","10","0","44","150","75","0","0","32","81"
"1002","294","176","80","80","-4","10","0","4","10","0","44","150","75","0","0","32","81"
"1003","293","176","78","78","-4","10","2","4","10","2","44","150","75","0","0","32","81"
"1004","293","176","78","78","-4","10","2","4","10","2","44","150","75","0","0","32","81"
"1005","291","176","80","80","-3","10","0","3","10","0","44","150","75","0","0","32","81"
"1006","289","175","79","79","-2","11","1","0","11","0","44","150","75","0","0","32","81"
"1007","288","174","79","79","-2","11","1","0","11","0","44","150","75","0","0","32","81"
"1008","287","175","78","78","-2","11","2","0","11","2","44","150","75","0","0","32","81"
"1009","285","175","80","80","-2","10","0","0","10","0","44","150","75","0","0","32","81"
"1010","285","175","80","80","-2","10","0","0","10","0","44","150","75","0","0","32","81"
"1011","284","175","79","79","-1","11","1","0","11","0","44","150","75","0","0","32","81"
"1012","283","174","80","80","-1","11","0","0","11","0","44","150","75","0","0","32","81"
"1013","281","174","82","82","-1","10","-2","0","10","0","44","150","75","0","0","32","81"
"1014","282","175","79","79","0","11","1","0","11","0","44","150","75","0","0","32","81"
"1015","282","175","79","79","0","11","1","0","11","0","44","150","75","0","0","32","81"
"1016","281","174","82","82","-1","10","-2","0","10","0","44","150","75","0","0","32","81"
"1017","280","176","81","81","0","10","-1","0","10","0","44","150","75","0","0","32","81"
"1018","280","176","81","81","0","10","-1","0","10","0","44","150","75","0","0","32","81"
"1019","280","179","79","79","0","9","1","0","9","0","44","150","75","0","0","32","81"
"1020","278","179","83","83","0","8","-4","0","8","-4","44","150","75","0","0","32","81"
"1021","278","179","83","83","0","8","-4","0","8","-4","44","150","75","0","0","32","81"
"1022","279","184","83","83","0","6","-4","0","6","-4","44","150","75","0","0","32","81"
"1023","279","192","79","79","1","4","1","0","4","0","44","150","75","0","0","32","81"
"1024","277","197","82","82","1","1","-2","0","0","0","44","150","75","0","0","32","81"
"1025","276","205","82","82","1","-2","-2","0","0","0","44","150","75","0","0","32","81"
"1026","275","212","83","83","1","-5","-4","0","-5","-4","44","150","75","0","0","32","81"
"1027","275","212","83","83","1","-5","-4","0","-5","-4","44","150","75","0","0","32","81"
"1028","275","221","83","83","1","-9","-4","0","-9","-4","44","150","75","0","0","32","81"
"1029","275","227","84","84","1","-12","-5","0","-12","-5","44","150","75","0","0","32","81"
"1030","276","234","83","83","1","-15","-4","0","-15","-4","44","150","75","0","0","32","81"
"1031","276","234","83","83","1","-15","-4","0","-15","-4","44","150","75","0","0","32","81"
"1032","273","241","87","87","1","-18","-9","0","-18","-9","44","150","76","0","0","32","81"
"1033","273","247","88","88","1","-21","-10","0","-21","-10","44","150","76","0","0","32","81"
"1034","274","253","88","88","1","-24","-10","0","-24","-10","44","150","76","0","0","32","81"
"1035","274","253","88","88","1","-24","-10","0","-24","-10","44","150","76","0","0","32","81"
"1036","274","260","88","88","1","-27","-10","0","-27","-10","44","150","76","0","0","32","80.5"
"1037","276","267","85","85","1","-29","-6","0","-29","-6","44","150","76","0","0","32","80.5"
"1038","273","273","88","88","1","-32","-10","0","-32","-10","44","150","76","0","0","32","80.5"
"1039","274","280","88","88","1","-35","-10","0","-35","-10","44","150","76","0","0","32","80.5"
"1040","274","280","88","88","1","-35","-10","0","-35","-10","44","150","76","0","1","32","80.5"
"1041","272","288","89","89","1","-38","-11","0","-38","-11","44","150","76","0","1","32","80.5"
"1042","273","297","89","89","1","-42","-11","0","-42","-11","44","150","76","0","1","32","80.5"
"1043","273","297","89","89","1","-42","-11","0","-42","-11","44","150","76","0","1","32","80.5"
"1044","270","304","91","91","2","-45","-14","-2","-45","-14","44","150","76","0","1","32","80.5"
"1045","271","314","88","88","2","-49","-10","-2","-49","-10","44","150","76","0","1","32","80.5"
"1046","271","322","86","86","2","-52","-8","-2","-52","-8","44","150","76","0","1","32","80.5"
"1047","271","322","86","86","2","-52","-8","-2","-52","-8","44","150","76","0","1","32","80.5"
"1048","270","331","86","86","2","-56","-8","-2","-56","-8","44","150","76","0","1","32","80.5"
"1049","269","338","87","87","2","-59","-9","-2","-59","-9","44","150","76","0","1","32","80.5"
"1050","269","338","87","87","2","-59","-9","-2","-59","-9","44","150","76","0","1","32","80.5"
"1051","270","348","85","85","2","-62","-6","-2","-62","-6","44","150","76","0","1","32","80.5"
"1052","270","354","85","85","2","-65","-6","-2","-65","-6","44","150","76","0","1","32","80.5"
"1053","270","354","85","85","2","-65","-6","-2","-65","-6","44","150","76","0","1","32","80.5"
"1054","269","360","85","85","3","-68","-6","-3","-68","-6","44","150","76","0","1","32","80.5"
"1055","269","365","82","82","3","-69","-2","-3","-69","0","44","150","76","0","1","32","80.5"
"1056","269","365","82","82","3","-69","-2","-3","-69","0","44","150","76","0","1","32","80.5"
"1057","271","372","79","79","3","-71","1","-3","-71","0","44","150","76","0","1","32","80.5"
"1058","271","372","79","79","3","-71","1","-3","-71","0","44","150","76","0","1","32","80.5"
"1059","271","372","79","79","3","-71","1","-3","-71","0","44","150","76","0","1","32","80.5"
"1060","270","374","80","80","3","-72","0","-3","-72","0","44","150","76","0","1","32","80.5"
"1061","269","374","82","82","3","-73","-2","-3","-73","0","44","150","76","0","1","32","80.5"
"1062","269","374","82","82","3","-73","-2","-3","-73","0","44","150","76","0","1","32","80.5"
"1063","269","376","79","79","4","-73","1","-4","-73","0","44","140","76","0","1","32","80.5"
"1064","269","376","80","80","3","-73","0","-3","-73","0","44","140","76","0","1","32","80.5"
"1065","269","376","80","80","3","-73","0","-3","-73","0","44","140","76","0","1","32","80.5"
"1066","268","375","81","81","4","-73","-1","-4","-73","0","44","140","76","0","1","32","80.5"
"1067","271","374","76","76","3","-72","5","-3","-72","5","44","140","76","0","0","32","80.5"
"1068","271","374","76","76","3","-72","5","-3","-72","5","44","140","76","0","0","32","80.5"
"1069","271","371","79","79","3","-71","1","-3","-71","0","44","140","76","0","0","32","80.5"
"1070","272","367","79","79","3","-69","1","-3","-69","0","44","140","76","0","0","32","80.5"
"1071","272","367","79","79","3","-69","1","-3","-69","0","44","140","76","0","0","32","80.5"
"1072","272","363","80","80","2","-68","0","-2","-68","0","44","130","76","0","0","32","80.5"
"1073","273","357","80","80","2","-65","0","-2","-65","0","44","130","76","0","0","32","80.5"
"1074","273","357","80","80","2","-65","0","-2","-65","0","44","130","76","0","0","32","80.5"
"1075","274","353","76","76","2","-63","5","-2","-63","5","44","130","76","0","0","32","80.5"
"1076","274","345","79","79","2","-60","1","-2","-60","0","44","130","76","0","0","32","80.5"
"1077","274","345","79","79","2","-60","1","-2","-60","0","44","130","77","0","0","32","80.5"
"1078","276","339","77","77","2","-57","4","-2","-57","4","44","130","77","0","0","32","80.5"
"1079","276","339","77","77","2","-57","4","-2","-57","4","44","130","77","0","0","32","80.5"
"1080","276","332","79","79","2","-55","1","-2","-55","0","44","130","77","0","0","32","80.5"
"1081","276","324","81","81","1","-52","-1","0","-52","0","44","120","77","0","0","32","80.5"
"1082","277","317","79","79","1","-48","1","0","-48","0","44","120","77","0","0","32","80.5"
"1083","277","317","79","79","1","-48","1","0","-48","0","44","120","77","0","0","32","80.5"
"1084","276","310","82","82","1","-46","-2","0","-46","0","44","120","77","0","0","32","80.5"
"1085","278","303","80","80","1","-43","0","0","-43","0","43","120","77","0","0","32","80.5"
"1086","278","297","80","80","1","-40","0","0","-40","0","43","120","77","0","0","32","80.5"
"1087","278","297","80","80","1","-40","0","0","-40","0","43","120","77","0","0","32","80.5"
"1088","277","289","82","82","1","-38","-2","0","-38","0","43","120","77","0","0","32","80.5"
"1089","278","284","79","79","1","-35","1","0","-35","0","43","120","77","0","0","32","80.5"
"1090","278","284","79","79","1","-35","1","0","-35","0","43","110","77","0","0","32","80.5"
"1091","277","277","81","81","1","-32","-1","0","-32","0","43","110","77","0","0","32","80.5"
"1092","277","270","80","80","1","-29","0","0","-29","0","43","110","77","0","0","32","80.5"
"1093","278","266","79","79","1","-27","1","0","-27","0","43","110","77","0","0","32","80.5"
"1094","278","266","79","79","1","-27","1","0","-27","0","43","110","77","0","0","32","80.5"
"1095","279","261","78","78","1","-25","2","0","-25","2","43","110","77","0","0","32","80.5"
"1096","277","254","80","80","1","-22","0","0","-22","0","43","110","77","0","0","32","80.5"
"1097","277","250","79","79","1","-20","1","0","-20","0","43","110","77","0","0","32","80.5"
"1098","277","250","79","79","1","-20","1","0","-20","0","43","100","77","0","0","32","80.5"
"1099","278","245","78","78","1","-18","2","0","-18","2","43","100","77","0","0","32","80.5"
"1100","277","236","79","79","1","-15","1","0","-15","0","43","100","77","0","0","32","80.5"
"1101","277","236","79","79","1","-15","1","0","-15","0","43","100","77","0","0","32","80.5"
"1102","277","236","79","79","1","-15","1","0","-15","0","43","100","77","0","0","32","80.5"
"1103","278","234","76","76","1","-13","5","0","-13","5","43","100","77","0","0","32","80.5"
"1104","278","228","78","78","1","-11","2","0","-11","2","43","100","77","0","0","32","80.5"
"1105","277","224","78","78","1","-10","2","0","-10","2","43","100","77","0","0","32","80.5"
"1106","277","224","78","78","1","-10","2","0","-10","2","43","100","77","0","0","32","80.5"
"1107","274","220","81","81","2","-8","-1","-2","-8","0","43","100","77","0","0","32","80.5"
"1108","273","218","79","79","2","-7","1","-2","-7","0","43","100","77","0","0","32","80.5"
"1109","269","214","80","80","3","-6","0","-3","-6","0","43","100","77","0","0","32","80.5"
"1110","269","214","80","80","3","-6","0","-3","-6","0","43","90","77","0","0","32","80.5"
"1111","267","214","78","78","4","-5","2","-4","-5","2","43","90","77","0","0","32","80.5"
"1112","262","214","77","77","6","-5","4","-6","-5","4","43","90","77","0","0","32","80.5"
"1113","257","214","77","77","8","-5","4","-8","-5","4","43","90","77","0","0","32","80.5"
"1114","252","214","76","76","9","-5","5","-9","-5","5","43","90","77","0","0","32","80.5"
"1115","246","216","77","77","11","-6","4","-11","-6","4","43","90","77","0","0","32","80.5"
"1116","246","216","77","77","11","-6","4","-11","-6","4","43","90","77","0","0","32","80.5"
"1117","240","218","75","75","13","-6","6","-13","-6","6","43","90","78","0","0","32","80.5"
"1118","236","220","74","74","15","-7","8","-15","-7","8","43","90","78","0","0","32","80.5"
"1119","232","221","74","74","16","-8","8","-16","-8","8","43","90","78","0","0","32","80.5"
"1120","230","221","73","73","17","-7","9","-17","-7","9","43","90","78","0","0","32","80.5"
"1121","230","219","73","73","17","-6","9","-17","-6","9","43","90","78","0","0","32","81"
"1122","229","216","74","74","17","-5","8","-17","-5","8","43","90","78","0","0","32","81"
"1123","229","216","74","74","17","-5","8","-17","-5","8","43","90","78","0","0","32","81"
"1124","231","215","72","72","17","-5","10","-17","-5","10","43","90","78","0","0","32","81"
"1125","229","213","75","75","17","-4","6","-17","-4","6","43","90","78","0","0","31","81"
"1126","230","214","72","72","17","-4","10","-17","-4","10","43","90","78","0","0","31","81"
"1127","230","214","73","73","17","-4","9","-17","-4","9","43","90","78","0","0","31","81"
"1128","230","214","73","73","17","-4","9","-17","-4","9","43","90","78","0","0","31","81"
"1129","230","214","74","74","17","-5","8","-17","-5","8","43","90","78","0","0","31","81"
"1130","231","214","74","74","16","-5","8","-16","-5","8","43","90","78","0","0","31","81"
"1131","232","214","76","76","16","-5","5","-16","-5","5","43","90","78","0","0","31","81"
"1132","233","215","77","77","15","-5","4","-15","-5","4","43","90","78","0","0","30","81"
"1133","233","215","77","77","15","-5","4","-15","-5","4","43","90","78","0","0","30","81"
"1134","238","216","74","74","14","-5","8","-14","-5","8","43","90","78","0","0","30","81"
"1135","240","216","75","75","13","-5","6","-13","-5","6","43","90","78","0","0","30","81"
"1136","241","214","78","78","12","-5","2","-12","-5","2","43","90","78","0","0","29","81"
"1137","245","215","76","76","12","-5","5","-12","-5","5","43","90","78","0","0","29","81"
"1138","249","215","77","77","10","-5","4","-10","-5","4","43","90","78","0","0","29","81"
"1139","249","215","77","77","10","-5","4","-10","-5","4","43","90","78","0","0","29","81"
"1140","252","214","79","79","9","-5","1","-9","-5","0","43","90","78","0","0","29","81"
"1141","258","214","77","77","8","-5","4","-8","-5","4","43","90","78","0","0","29","81"
"1142","258","214","77","77","8","-5","4","-8","-5","4","43","90","78","0","0","28","81"
"1143","261","213","78","78","6","-5","2","-6","-5","2","43","90","78","0","0","28","81"
"1144","264","213","78","78","5","-5","2","-5","-5","2","43","90","78","0","0","28","81"
"1145","266","212","80","80","4","-5","0","-4","-5","0","43","90","78","0","0","28","81"
"1146","269","212","81","81","3","-5","-1","-3","-5","0","43","90","78","0","0","28","81"
"1147","269","212","81","81","3","-5","-1","-3","-5","0","43","90","78","0","0","28","81"
"1148","272","212","79","79","3","-5","1","-3","-5","0","43","90","78","0","0","28","81"
"1149","273","211","81","81","2","-5","-1","-2","-5","0","43","90","78","0","0","28","81"
"1150","276","211","79","79","2","-4","1","-2","-4","0","43","90","78","0","0","28","81"
"1151","276","211","80","80","1","-5","0","0","-5","0","43","90","78","0","0","28","81"
"1152","276","211","80","80","1","-5","0","0","-5","0","43","90","78","0","0","28","81"
"1153","276","207","83","83","1","-3","-4","0","-3","-4","43","90","78","0","0","28","81"
"1154","277","205","83","83","1","-2","-4","0","0","-4","43","90","79","0","0","28","81"
"1155","277","201","86","86","0","-2","-8","0","0","-8","43","90","79","0","0","28","81"
"1156","275","195","89","89","0","0","-11","0","0","-11","43","90","79","0","0","28","81"
"1157","276","188","87","87","0","4","-9","0","4","-9","43","90","79","0","0","28","80"
"1158","276","188","87","87","0","4","-9","0","4","-9","43","90","79","0","0","28","80"
"1159","277","180","88","88","0","7","-10","0","7","-10","43","90","79","0","0","28","80"
"1160","275","167","91","91","0","12","-14","0","12","-14","43","90","79","0","0","28","80"
"1161","277","157","87","87","0","17","-9","0","17","-9","43","90","79","0","0","28","80"
"1162","278","144","88","88","-1","22","-10","0","22","-10","43","90","79","0","0","28","80"
"1163","278","144","88","88","-1","22","-10","0","22","-10","43","90","79","0","0","28","80"
"1164","277","131","89","89","0","27","-11","0","27","-11","43","90","79","0","0","28","80"
"1165","277","119","89","89","0","32","-11","0","32","-11","43","90","79","0","1","28","80"
"1166","275","104","91","91","0","38","-14","0","38","-14","43","90","79","0","1","28","80"
"1167","273","89","94","94","0","43","-18","0","43","-18","43","90","79","0","1","28","80"
"1168","272","75","95","95","0","49","-19","0","49","-19","43","90","79","0","1","28","80"
"1169","272","59","95","95","0","56","-19","0","56","-19","43","90","79","0","1","28","80"
"1170","272","45","94","94","0","62","-18","0","62","-18","43","90","79","0","1","28","80"
"1171","272","29","92","92","1","69","-15","0","69","-15","43","90","79","0","1","28","80"
"1172","271","13","95","95","1","75","-19","0","75","-19","43","90","79","0","1","28","80"
"1173","274","4","85","85","1","81","-6","0","81","-6","43","90","79","0","1","28","80"
"1174","282","2","70","70","1","85","12","0","85","12","43","100","80","0","0","28","81"
"1175","280","2","72","72","1","84","10","0","84","10","43","100","80","0","0","28","81"
"1176","280","2","72","72","1","84","10","0","84","10","43","100","80","0","0","28","81"
"1177","280","2","72","72","1","84","10","0","84","10","43","100","80","0","0","28","81"
"1178","280","3","72","72","1","84","10","0","84","10","43","100","80","0","0","28","81"
"1179","280","3","72","72","1","84","10","0","84","10","43","100","80","0","0","28","81"
"1180","280","2","72","72","1","84","10","0","84","10","43","100","80","0","0","28","81"
"1181","280","2","72","72","1","84","10","0","84","10","43","100","80","0","0","28","81"
"1182","280","2","72","72","1","84","10","0","84","10","43","100","80","0","0","28","81"
"1183","279","2","72","72","2","84","10","-2","84","10","43","100","80","0","0","28","81"
"1184","279","2","72","72","2","84","10","-2","84","10","43","100","80","0","0","28","81"
"1185","280","2","71","71","2","85","11","-2","85","11","43","100","80","0","0","28","81"
"1186","279","1","72","72","2","85","10","-2","85","10","43","110","80","0","0","28","81"
"1187","279","1","70","70","2","85","12","-2","85","12","43","110","80","0","0","28","81"
"1188","279","2","71","71","2","85","11","-2","85","11","43","110","80","0","0","28","81"
"1189","276","3","76","76","2","83","5","-2","83","5","43","110","80","0","0","28","81"
"1190","274","4","79","79","2","82","1","-2","82","0","43","110","80","0","0","28","81"
"1191","274","4","79","79","2","82","1","-2","82","0","43","110","80","0","0","28","81"
"1192","273","7","81","81","2","80","-1","-2","80","0","43","110","80","0","0","28","81"
"1193","273","12","83","83","2","78","-4","-2","78","-4","43","110","80","0","0","28","81"
"1194","270","18","86","86","2","75","-8","-2","75","-8","43","110","80","0","0","28","81"
"1195","271","28","84","84","2","71","-5","-2","71","-5","43","110","80","0","0","28","81"
"1196","271","36","85","85","2","68","-6","-2","68","-6","43","120","81","0","0","28","81"
"1197","271","36","85","85","2","68","-6","-2","68","-6","43","120","81","0","0","28","81"
"1198","270","44","85","85","2","64","-6","-2","64","-6","43","120","81","0","0","28","81"
"1199","272","53","84","84","2","60","-5","-2","60","-5","43","120","81","0","0","28","81"
"1200","273","63","81","81","2","57","-1","-2","57","0","42","120","81","0","0","28","80.5"
"1201","273","71","83","83","2","53","-4","-2","53","-4","42","120","81","0","0","28","80.5"
"1202","272","78","83","83","2","50","-4","-2","50","-4","42","120","81","0","0","28","80.5"
"1203","272","78","83","83","2","50","-4","-2","50","-4","42","120","81","0","0","28","80.5"
"1204","272","87","84","84","2","46","-5","-2","46","-5","42","130","81","0","0","28","80.5"
"1205","272","97","84","84","2","42","-5","-2","42","-5","42","130","81","0","0","28","80.5"
"1206","272","107","82","82","2","38","-2","-2","38","0","42","130","81","0","0","28","80.5"
"1207","272","117","83","83","2","34","-4","-2","34","-4","42","130","81","0","0","28","80.5"
"1208","272","128","83","83","2","30","-4","-2","30","-4","42","140","81","0","1","28","80.5"
"1209","272","128","83","83","2","30","-4","-2","30","-4","42","140","81","0","1","28","80.5"
"1210","271","137","84","84","2","25","-5","-2","25","-5","42","140","81","0","1","28","80.5"
"1211","271","147","84","84","2","21","-5","-2","21","-5","42","140","81","0","1","28","80.5"
"1212","272","157","82","82","2","18","-2","-2","18","0","42","140","81","0","1","28","80.5"
"1213","272","157","82","82","2","18","-2","-2","18","0","42","140","81","0","1","28","80.5"
"1214","270","165","86","86","2","13","-8","-2","13","-8","42","140","81","0","1","28","80.5"
"1215","270","175","86","86","2","9","-8","-2","9","-8","42","150","81","0","1","28","80.5"
"1216","271","195","81","81","3","2","-1","-3","2","0","42","150","81","0","1","28","80.5"
"1217","271","195","81","81","3","2","-1","-3","2","0","42","150","81","0","1","28","80.5"
"1218","271","195","81","81","3","2","-1","-3","2","0","42","150","81","0","1","28","80.5"
"1219","270","202","83","83","3","-1","-4","-3","0","-4","42","160","81","0","1","28","80.5"
"1220","272","210","81","81","2","-4","-1","-2","-4","0","42","160","81","0","1","28","80.5"
"1221","271","218","80","80","3","-8","0","-3","-8","0","42","160","81","0","1","28","80.5"
"1222","271","218","80","80","3","-8","0","-3","-8","0","42","160","81","0","1","28","80.5"
"1223","272","225","79","79","3","-10","1","-3","-10","0","42","160","81","0","1","28","80.5"
"1224","271","231","81","81","3","-13","-1","-3","-13","0","42","160","81","0","1","28","80.5"
"1225","271","231","81","81","3","-13","-1","-3","-13","0","42","160","81","0","1","28","80.5"
"1226","270","236","80","80","3","-15","0","-3","-15","0","42","160","81","0","1","28","80.5"
"1227","271","240","79","79","3","-16","1","-3","-16","0","42","160","81","0","1","28","80.5"
"1228","271","246","79","79","3","-19","1","-3","-19","0","42","160","81","0","1","28","80.5"
"1229","271","246","79","79","3","-19","1","-3","-19","0","42","160","81","0","1","28","80.5"
"1230","270","248","81","81","3","-20","-1","-3","-20","0","42","160","81","0","1","28","80.5"
"1231","270","251","82","82","3","-22","-2","-3","-22","0","42","160","81","0","1","28","80.5"
"1232","268","253","85","85","3","-23","-6","-3","-23","-6","42","170","81","0","0","28","80.5"
"1233","270","256","83","83","3","-24","-4","-3","-24","-4","42","170","81","0","0","28","80.5"
"1234","270","256","83","83","3","-24","-4","-3","-24","-4","42","170","81","0","0","28","80.5"
"1235","268","258","84","84","3","-25","-5","-3","-25","-5","42","170","81","0","0","28","80.5"
"1236","269","260","84","84","3","-26","-5","-3","-26","-5","42","170","82","0","0","28","80.5"
"1237","269","263","83","83","3","-27","-4","-3","-27","-4","42","170","82","0","0","28","80.5"
"1238","269","263","83","83","3","-27","-4","-3","-27","-4","42","170","82","0","0","28","80.5"
"1239","269","263","84","84","3","-27","-5","-3","-27","-5","42","170","82","0","0","28","80.5"
"1240","270","265","81","81","3","-27","-1","-3","-27","0","42","170","82","0","0","28","81"
"1241","269","264","85","85","3","-28","-6","-3","-28","-6","42","170","82","0","0","28","81"
"1242","269","264","85","85","3","-28","-6","-3","-28","-6","42","170","82","0","0","28","81"
"1243","268","263","86","86","3","-28","-8","-3","-28","-8","42","170","82","0","0","28","81"
"1244","269","265","84","84","3","-28","-5","-3","-28","-5","42","170","82","0","0","28","81"
"1245","269","265","84","84","3","-28","-5","-3","-28","-5","42","170","82","0","0","28","81"
"1246","272","269","77","77","3","-28","4","-3","-28","4","42","170","82","0","0","28","81"
"1247","273","270","77","77","3","-28","4","-3","-28","4","42","170","82","0","0","28","81"
"1248","269","268","82","82","3","-29","-2","-3","-29","0","42","170","82","0","0","29","81"
"1249","269","268","82","82","3","-29","-2","-3","-29","0","42","170","82","0","0","29","81"
"1250","271","267","82","82","2","-28","-2","-2","-28","0","42","170","82","0","0","29","81"
"1251","272","267","82","82","2","-28","-2","-2","-28","0","42","170","82","0","0","29","81"
"1252","272","269","80","80","2","-29","0","-2","-29","0","42","170","82","0","0","29","81"
"1253","272","269","80","80","2","-29","0","-2","-29","0","42","170","82","0","0","29","81"
"1254","273","273","74","74","3","-29","8","-3","-29","8","42","170","82","0","0","29","81"
"1255","276","274","71","71","3","-29","11","-3","-29","11","42","160","82","0","0","29","81"
"1256","276","274","71","71","3","-29","11","-3","-29","11","42","160","82","0","0","29","81"
"1257","276","271","72","72","2","-28","10","-2","-28","10","42","160","82","0","0","29","81"
"1258","276","271","72","72","2","-28","10","-2","-28","10","42","160","82","0","0","29","81"
"1259","271","261","77","77","3","-25","4","-3","-25","4","42","160","82","0","0","29","81"
"1260","272","260","74","74","3","-24","8","-3","-24","8","42","160","82","0","0","29","81"
"1261","272","260","74","74","3","-24","8","-3","-24","8","42","160","82","0","0","29","81"
"1262","276","260","68","68","3","-22","15","-3","-22","15","42","160","82","0","0","29","81"
"1263","270","252","78","78","3","-21","2","-3","-21","2","42","160","82","0","0","29","81"
"1264","270","252","78","78","3","-21","2","-3","-21","2","42","160","82","0","0","29","81"
"1265","272","252","72","72","4","-20","10","-4","-20","10","42","160","82","0","0","29","81"
"1266","273","251","68","68","4","-19","15","-4","-19","15","42","160","82","0","0","29","81"
"1267","264","239","83","83","5","-17","-4","-5","-17","-4","42","160","82","0","0","29","81"
"1268","264","239","83","83","5","-17","-4","-5","-17","-4","42","160","82","0","0","29","81"
"1269","264","236","83","83","5","-15","-4","-5","-15","-4","42","160","82","0","0","29","81"
"1270","262","233","84","84","5","-15","-5","-5","-15","-5","42","160","82","0","0","29","81"
"1271","262","233","84","84","5","-15","-5","-5","-15","-5","42","160","83","0","0","29","81"
"1272","263","231","83","83","5","-13","-4","-5","-13","-4","42","160","83","0","0","29","81"
"1273","263","230","80","80","5","-12","0","-5","-12","0","42","160","83","0","0","29","81"
"1274","263","228","82","82","5","-12","-2","-5","-12","0","42","160","83","0","0","29","81"
"1275","261","225","83","83","6","-11","-4","-6","-11","-4","42","160","83","0","0","29","81"
"1276","261","225","83","83","6","-11","-4","-6","-11","-4","42","160","83","0","0","29","81"
"1277","261","225","82","82","6","-11","-2","-6","-11","0","42","160","83","0","0","29","81"
"1278","260","222","83","83","6","-10","-4","-6","-10","-4","42","160","83","0","0","29","81"
"1279","259","222","83","83","6","-10","-4","-6","-10","-4","42","160","83","0","0","29","81"
"1280","259","220","83","83","6","-9","-4","-6","-9","-4","42","160","83","0","0","29","81"
"1281","259","220","83","83","6","-9","-4","-6","-9","-4","42","160","83","0","0","29","81"
"1282","258","218","83","83","7","-8","-4","-7","-8","-4","42","160","83","0","0","29","81"
"1283","257","217","83","83","7","-8","-4","-7","-8","-4","42","150","83","0","0","29","81"
"1284","257","217","83","83","7","-8","-4","-7","-8","-4","42","150","83","0","0","29","81"
"1285","256","215","85","85","7","-7","-6","-7","-7","-6","42","150","83","0","0","29","81"
"1286","257","216","81","81","7","-7","-1","-7","-7","0","42","150","83","0","0","29","81"
"1287","255","213","83","83","8","-6","-4","-8","-6","-4","42","150","83","0","0","29","81"
"1288","255","213","83","83","8","-6","-4","-8","-6","-4","42","150","83","0","0","29","81"
"1289","258","215","79","79","7","-6","1","-7","-6","0","42","150","83","0","0","29","81"
"1290","254","212","84","84","8","-6","-5","-8","-6","-5","42","150","83","0","0","29","81"
"1291","255","211","82","82","8","-5","-2","-8","-5","0","42","150","83","0","0","29","81"
"1292","255","211","82","82","8","-5","-2","-8","-5","0","42","150","83","0","0","29","81"
"1293","253","208","85","85","8","-4","-6","-8","-4","-6","42","150","83","0","0","29","81"
"1294","253","208","85","85","8","-4","-6","-8","-4","-6","42","150","83","0","0","29","81"
"1295","253","208","84","84","8","-4","-5","-8","-4","-5","42","150","83","0","0","29","81"
"1296","253","208","84","84","8","-4","-5","-8","-4","-5","42","150","83","0","0","29","81"
"1297","253","208","83","83","8","-4","-4","-8","-4","-4","42","150","83","0","0","29","81"
"1298","252","208","82","82","8","-4","-2","-8","-4","0","42","150","83","0","0","29","81"
"1299","252","208","82","82","8","-4","-2","-8","-4","0","42","150","83","0","0","29","81"
"1300","251","207","84","84","8","-4","-5","-8","-4","-5","42","150","83","0","0","28","81"
"1301","250","207","83","83","9","-3","-4","-9","-3","-4","42","150","83","0","0","28","81"
"1302","249","208","82","82","9","-4","-2","-9","-4","0","42","150","83","0","0","28","81"
"1303","249","208","82","82","9","-4","-2","-9","-4","0","42","150","83","0","0","28","81"
"1304","246","207","83","83","10","-3","-4","-10","-3","-4","42","150","83","0","0","28","81"
"1305","243","206","86","86","11","-4","-8","-11","-4","-8","42","150","83","0","0","28","81"
"1306","243","206","86","86","11","-4","-8","-11","-4","-8","42","150","83","0","0","28","81"
"1307","240","206","83","83","12","-3","-4","-12","-3","-4","42","150","83","0","0","28","81"
"1308","235","205","86","86","13","-3","-8","-13","-3","-8","42","150","83","0","0","28","81"
"1309","231","206","86","86","14","-4","-8","-14","-4","-8","42","150","83","0","0","28","81"
"1310","231","206","86","86","14","-4","-8","-14","-4","-8","42","150","83","0","0","28","81"
"1311","226","206","85","85","16","-3","-6","-16","-3","-6","42","150","83","0","0","28","81"
"1312","221","206","85","85","18","-3","-6","-18","-3","-6","42","150","84","0","0","28","81"
"1313","214","208","83","83","20","-4","-4","-20","-4","-4","42","150","84","0","0","28","81"
"1314","214","208","83","83","20","-4","-4","-20","-4","-4","42","150","84","0","0","28","81"
"1315","208","210","81","81","22","-4","-1","-22","-4","0","42","150","84","0","0","28","81"
"1316","200","211","82","82","25","-5","-2","-25","-5","0","42","150","84","0","1","27","81"
"1317","192","212","82","82","27","-5","-2","-27","-5","0","42","150","84","0","1","27","81"
"1318","192","212","82","82","27","-5","-2","-27","-5","0","42","150","84","0","1","27","81"
"1319","182","212","85","85","30","-6","-6","-30","-6","-6","42","150","84","0","1","27","81"
"1320","173","215","84","84","33","-7","-5","-33","-7","-5","42","150","84","0","1","27","81"
"1321","162","216","86","86","36","-8","-8","-36","-8","-8","42","150","84","0","1","27","81"
"1322","162","216","86","86","36","-8","-8","-36","-8","-8","42","150","84","0","1","27","81"
"1323","152","218","84","84","39","-8","-5","-39","-8","-5","42","150","84","0","1","27","81"
"1324","141","218","87","87","42","-9","-9","-42","-9","-9","42","150","84","0","1","27","81"
"1325","131","218","87","87","46","-9","-9","-46","-9","-9","42","150","84","0","1","26","81"
"1326","131","218","87","87","46","-9","-9","-46","-9","-9","42","150","84","0","1","26","81"
"1327","121","218","85","85","49","-8","-6","-49","-8","-6","42","150","84","0","1","26","81"
"1328","112","215","89","89","51","-8","-11","-51","-8","-11","42","150","84","0","1","26","81"
"1329","112","215","89","89","51","-8","-11","-51","-8","-11","42","150","84","0","0","24","81"
"1330","107","214","86","86","53","-7","-8","-53","-7","-8","42","150","84","0","0","24","81"
"1331","102","212","86","86","55","-6","-8","-55","-6","-8","42","150","84","0","0","24","81"
"1332","100","211","85","85","56","-5","-6","-56","-5","-6","42","150","84","0","0","24","81"
"1333","100","211","85","85","56","-5","-6","-56","-5","-6","42","150","84","0","1","22","81"
"1334","99","206","86","86","56","-4","-8","-56","-4","-8","42","150","84","0","1","22","81"
"1335","99","206","86","86","56","-4","-8","-56","-4","-8","42","150","84","0","1","22","81"
"1336","103","205","86","86","54","-3","-8","-54","-3","-8","42","150","84","0","1","22","81"
"1337","103","205","86","86","54","-3","-8","-54","-3","-8","42","150","84","0","1","22","81"
"1338","106","204","86","86","53","-3","-8","-53","-3","-8","42","150","84","0","1","19","81"
"1339","114","204","85","85","51","-2","-6","-51","0","-6","42","150","84","0","1","19","81"
"1340","114","204","85","85","51","-2","-6","-51","0","-6","42","150","84","0","1","19","81"
"1341","122","202","85","85","49","-2","-6","-49","0","-6","42","150","84","0","1","19","81"
"1342","132","203","82","82","46","-2","-2","-46","0","0","42","150","84","0","1","15","81"
"1343","132","203","82","82","46","-2","-2","-46","0","0","42","150","84","0","1","15","81"
"1344","143","203","82","82","42","-2","-2","-42","0","0","42","150","84","0","1","15","81"
"1345","155","203","79","79","39","-1","1","-39","0","0","42","150","84","0","1","15","81"
"1346","155","203","79","79","39","-1","1","-39","0","0","42","150","84","0","1","15","81"
"1347","168","202","78","78","35","0","2","-35","0","2","42","150","84","0","1","11","81"
"1348","181","201","79","79","31","0","1","-31","0","0","42","150","84","0","1","11","81"
"1349","181","201","79","79","31","0","1","-31","0","0","42","150","84","0","1","11","81"
"1350","194","199","79","79","27","1","1","-27","0","0","42","150","84","0","1","11","81"
"1351","207","200","78","78","23","0","2","-23","0","2","42","150","84","0","1","8","81"
"1352","207","200","78","78","23","0","2","-23","0","2","42","150","84","0","1","8","81"
"1353","220","200","77","77","19","1","4","-19","0","4","42","150","84","0","1","8","81"
"1354","231","201","78","78","16","0","2","-16","0","2","42","150","84","0","1","8","81"
"1355","244","202","77","77","12","0","4","-12","0","4","42","150","84","0","1","8","81"
"1356","244","202","77","77","12","0","4","-12","0","4","42","150","85","0","0","5","81"
"1357","255","203","74","74","9","0","8","-9","0","8","42","150","85","0","0","5","81"
"1358","263","203","75","75","6","0","6","-6","0","6","42","150","85","0","0","5","81"
"1359","263","203","75","75","6","0","6","-6","0","6","42","150","85","0","0","5","81"
"1360","268","202","79","79","4","0","1","-4","0","0","42","150","85","0","0","3","81"
"1361","276","203","74","74","2","0","8","-2","0","8","42","150","85","0","0","3","81"
"1362","276","203","74","74","2","0","8","-2","0","8","42","150","85","0","0","3","81"
"1363","280","204","75","75","1","0","6","0","0","6","42","150","85","0","0","3","81"
"1364","280","204","75","75","1","0","6","0","0","6","42","150","85","0","0","3","81"
"1365","283","204","74","74","0","0","8","0","0","8","42","150","85","0","1","2","81"
"1366","285","204","73","73","0","0","9","0","0","9","42","150","85","0","1","2","81"
"1367","285","203","74","74","-1","0","8","0","0","8","42","150","85","0","1","2","81"
"1368","285","203","74","74","-1","0","8","0","0","8","42","150","85","0","1","2","81"
"1369","284","203","74","74","0","0","8","0","0","8","42","150","85","0","0","1","81"
"1370","283","203","74","74","0","0","8","0","0","8","42","150","85","0","0","1","81"
"1371","283","203","74","74","0","0","8","0","0","8","42","150","85","0","0","1","81"
"1372","280","204","72","72","1","0","10","0","0","10","42","150","85","0","0","1","81"
"1373","277","205","71","71","2","0","11","-2","0","11","42","150","85","0","0","1","81"
"1374","270","204","75","75","4","0","6","-4","0","6","42","150","85","0","0","1","81"
"1375","270","204","75","75","4","0","6","-4","0","6","42","150","85","0","0","1","81"
"1376","265","206","74","74","6","-1","8","-6","0","8","42","150","85","0","0","1","81"
"1377","258","206","74","74","8","-1","8","-8","0","8","42","150","85","0","0","1","81"
"1378","250","205","77","77","10","-1","4","-10","0","4","42","150","85","0","0","1","81"
"1379","250","205","77","77","10","-1","4","-10","0","4","42","150","85","0","0","1","81"
"1380","243","204","78","78","12","-1","2","-12","0","2","42","150","85","0","0","1","81"
"1381","243","204","78","78","12","-1","2","-12","0","2","42","150","85","0","0","1","81"
"1382","236","205","77","77","14","-1","4","-14","0","4","42","150","85","0","0","1","81"
"1383","228","204","78","78","17","-1","2","-17","0","2","42","150","85","0","0","1","81"
"1384","228","204","78","78","17","-1","2","-17","0","2","42","150","85","0","0","1","81"
"1385","223","205","76","76","18","-1","5","-18","0","5","42","150","85","0","0","1","81"
"1386","216","206","74","74","21","-1","8","-21","0","8","42","150","85","0","0","1","81"
"1387","210","204","74","74","23","0","8","-23","0","8","42","150","85","0","0","1","81"
"1388","210","204","74","74","23","0","8","-23","0","8","42","150","85","0","0","1","81"
"1389","204","202","76","76","24","0","5","-24","0","5","42","150","85","0","0","1","81"
"1390","199","201","76","76","26","0","5","-26","0","5","42","150","85","0","0","1","81"
"1391","199","201","76","76","26","0","5","-26","0","5","42","150","85","0","0","0","81"
"1392","196","201","75","75","27","1","6","-27","0","6","42","150","85","0","0","0","81"
"1393","193","199","76","76","28","1","5","-28","0","5","42","150","85","0","0","0","81"
"1394","193","199","76","76","28","1","5","-28","0","5","42","150","85","0","0","0","81"
"1395","191","199","76","76","28","1","5","-28","0","5","42","150","85","0","0","0","81"
"1396","190","198","76","76","29","2","5","-29","2","5","42","150","85","0","0","0","81"
"1397","190","198","76","76","29","2","5","-29","2","5","42","150","85","0","0","0","81"
"1398","189","197","78","78","29","2","2","-29","2","2","42","150","85","0","0","0","81"
"1399","189","195","79","79","29","2","1","-29","2","0","42","150","85","0","0","0","81"
"1400","190","195","79","79","28","2","1","-28","2","0","42","150","86","0","0","-1","81"
"1401","190","195","79","79","28","2","1","-28","2","0","42","150","86","0","0","-1","81"
"1402","194","197","73","73","28","3","9","-28","3","9","42","150","86","0","0","-1","81"
"1403","195","194","78","78","27","3","2","-27","3","2","42","150","86","0","0","-1","81"
"1404","195","194","78","78","27","3","2","-27","3","2","42","150","86","0","0","-2","81"
"1405","201","194","76","76","25","3","5","-25","3","5","42","150","86","0","0","-2","81"
"1406","206","194","75","75","24","4","6","-24","4","6","42","150","86","0","0","-2","81"
"1407","211","193","76","76","22","4","5","-22","4","5","42","150","86","0","0","-2","81"
"1408","211","193","76","76","22","4","5","-22","4","5","42","150","86","0","0","-4","81"
"1409","215","192","76","76","21","4","5","-21","4","5","42","150","86","0","0","-4","81"
"1410","221","192","75","75","19","5","6","-19","5","6","42","150","86","0","0","-4","81"
"1411","221","192","75","75","19","5","6","-19","5","6","42","150","86","0","0","-4","81"
"1412","227","193","74","74","18","4","8","-18","4","8","42","150","86","0","0","-4","81"
"1413","233","193","73","73","16","5","9","-16","5","9","42","150","86","0","0","-5","81"
"1414","238","192","73","73","14","5","9","-14","5","9","42","150","86","0","0","-5","81"
"1415","238","192","73","73","14","5","9","-14","5","9","42","150","86","0","0","-5","81"
"1416","243","192","74","74","12","5","8","-12","5","8","42","150","86","0","0","-5","81"
"1417","250","193","72","72","11","5","10","-11","5","10","42","150","86","0","0","-7","81"
"1418","253","192","74","74","9","5","8","-9","5","8","42","150","86","0","0","-7","81"
"1419","253","192","74","74","9","5","8","-9","5","8","42","150","86","0","0","-7","81"
"1420","262","193","73","73","7","5","9","-7","5","9","42","150","86","0","0","-7","81"
"1421","262","193","73","73","7","5","9","-7","5","9","42","150","86","0","0","-8","81"
"1422","262","193","73","73","7","5","9","-7","5","9","42","150","86","0","0","-8","81"
"1423","265","193","74","74","6","4","8","-6","4","8","42","150","86","0","0","-9","81"
"1424","267","191","78","78","4","4","2","-4","4","2","42","150","86","0","0","-9","81"
"1425","271","193","76","76","3","4","5","-3","4","5","42","150","86","0","0","-9","81"
"1426","271","193","76","76","3","4","5","-3","4","5","42","150","86","0","0","-9","81"
"1427","275","194","74","74","2","4","8","-2","4","8","42","150","86","0","0","-9","81"
"1428","276","195","75","75","2","3","6","-2","3","6","42","150","86","0","0","-9","81"
"1429","279","196","74","74","1","3","8","0","3","8","42","150","86","0","0","-9","81"
"1430","279","196","74","74","1","3","8","0","3","8","42","150","86","0","0","-9","81"
"1431","280","196","74","74","1","3","8","0","3","8","42","150","86","0","0","-9","81"
"1432","282","196","74","74","0","3","8","0","3","8","42","150","86","0","0","-9","81"
"1433","282","197","74","74","0","2","8","0","2","8","42","150","86","0","0","-9","81"
"1434","284","196","75","75","0","3","6","0","3","6","42","150","86","0","0","-9","81"
"1435","284","196","75","75","0","3","6","0","3","6","42","150","86","0","0","-9","81"
"1436","285","198","72","72","0","2","10","0","2","10","42","150","86","0","0","-9","81"
"1437","284","196","77","77","-1","2","4","0","2","4","42","150","86","0","0","-9","81"
"1438","285","197","75","75","-1","2","6","0","2","6","42","150","86","0","0","-9","81"
"1439","285","197","75","75","-1","2","6","0","2","6","42","150","87","0","0","-9","81"
"1440","286","198","75","75","-1","2","6","0","2","6","42","150","87","0","0","-9","81"
"1441","287","199","73","73","-1","2","9","0","2","9","42","150","87","0","0","-9","81"
"1442","287","199","75","75","-1","2","6","0","2","6","42","150","87","0","0","-9","81"
"1443","288","200","73","73","-1","2","9","0","2","9","41","150","87","0","0","-9","80"
"1444","288","200","73","73","-1","2","9","0","2","9","41","150","87","0","0","-9","80"
"1445","288","200","73","73","-1","2","9","0","2","9","41","150","87","0","0","-9","80"
"1446","287","200","76","76","-2","1","5","0","0","5","41","150","87","0","0","-9","80"
"1447","287","200","75","75","-1","1","6","0","0","6","41","150","87","0","0","-9","80"
"1448","287","200","75","75","-1","1","6","0","0","6","41","150","87","0","0","-9","80"
"1449","288","202","74","74","-2","0","8","0","0","8","41","150","87","0","0","-9","80"
"1450","286","202","77","77","-1","0","4","0","0","4","41","150","87","0","0","-9","80"
"1451","287","203","74","74","-1","0","8","0","0","8","41","150","87","0","0","-9","80"
"1452","287","203","74","74","-1","0","8","0","0","8","41","150","87","0","0","-9","80"
"1453","287","202","75","75","-1","0","6","0","0","6","41","150","87","0","0","-9","80"
"1454","285","202","78","78","-1","0","2","0","0","2","41","150","87","0","0","-9","80"
"1455","285","203","77","77","-1","0","4","0","0","4","41","150","87","0","0","-9","80"
"1456","285","203","77","77","-1","0","4","0","0","4","41","150","87","0","0","-9","80"
"1457","286","203","77","77","-1","0","4","0","0","4","41","150","87","0","0","-9","80"
"1458","286","205","75","75","-1","-1","6","0","0","6","41","150","87","0","0","-9","80"
"1459","284","204","78","78","-1","-1","2","0","0","2","41","150","87","0","0","-9","80"
"1460","284","204","78","78","-1","-1","2","0","0","2","41","150","87","0","0","-9","80"
"1461","284","204","78","78","-1","-1","2","0","0","2","41","150","87","0","0","-9","80"
"1462","284","203","80","80","-1","-1","0","0","0","0","41","150","87","0","0","-9","80"
"1463","285","204","77","77","-1","-1","4","0","0","4","41","150","87","0","0","-9","80"
"1464","285","204","78","78","-1","-1","2","0","0","2","41","150","87","0","0","-9","80"
"1465","285","204","78","78","-1","-1","2","0","0","2","41","150","87","0","0","-9","80"
"1466","287","207","74","74","-1","-2","8","0","0","8","41","150","87","0","0","-9","80"
"1467","286","207","75","75","-1","-2","6","0","0","6","41","150","87","0","0","-9","80"
"1468","286","207","75","75","-1","-2","6","0","0","6","41","150","87","0","0","-9","80"
"1469","285","207","76","76","-1","-2","5","0","0","5","41","150","87","0","0","-9","80"
"1470","285","205","78","78","-1","-2","2","0","0","2","41","150","87","0","0","-9","80"
"1471","284","206","78","78","-1","-2","2","0","0","2","41","150","87","0","0","-9","80"
"1472","284","206","78","78","-1","-2","2","0","0","2","41","150","87","0","0","-9","80"
"1473","285","206","77","77","-1","-2","4","0","0","4","41","150","87","0","0","-9","80"
"1474","283","205","78","78","-1","-2","2","0","0","2","41","150","87","0","0","-9","80"
"1475","283","205","80","80","-1","-2","0","0","0","0","41","150","87","0","0","-9","80"
"1476","283","205","80","80","-1","-2","0","0","0","0","41","150","87","0","0","-9","80"
"1477","283","206","79","79","-1","-2","1","0","0","0","41","150","87","0","0","-9","80"
"1478","283","206","79","79","-1","-2","1","0","0","0","41","150","87","0","0","-9","80"
"1479","283","206","78","78","-1","-2","2","0","0","2","41","150","88","0","0","-9","80"
"1480","282","205","80","80","-1","-2","0","0","0","0","41","150","88","0","0","-9","80"
"1481","282","205","80","80","-1","-2","0","0","0","0","41","150","88","0","0","-9","80"
"1482","283","205","79","79","-1","-2","1","0","0","0","41","150","88","0","0","-9","80"
"1483","282","204","81","81","-1","-2","-1","0","0","0","41","150","88","0","0","-9","80.5"
"1484","282","204","81","81","-1","-2","-1","0","0","0","41","150","88","0","0","-9","80.5"
"1485","282","204","81","81","-1","-2","-1","0","0","0","41","150","88","0","0","-9","80.5"
"1486","284","207","75","75","0","-2","6","0","0","6","41","150","88","0","0","-9","80.5"
"1487","282","206","78","78","0","-2","2","0","0","2","41","150","88","0","0","-9","80.5"
"1488","283","208","76","76","0","-2","5","0","0","5","41","150","88","0","0","-9","80.5"
"1489","283","208","78","78","-1","-3","2","0","-3","2","41","150","88","0","0","-9","80.5"
"1490","283","208","78","78","-1","-3","2","0","-3","2","41","150","88","0","0","-9","80.5"
"1491","283","208","78","78","-1","-3","2","0","-3","2","41","150","88","0","0","-9","80.5"
"1492","284","212","75","75","0","-4","6","0","-4","6","41","150","88","0","0","-9","80.5"
"1493","282","211","79","79","0","-4","1","0","-4","0","41","150","88","0","0","-9","80.5"
"1494","282","211","79","79","0","-4","1","0","-4","0","41","150","88","0","0","-9","80.5"
"1495","284","213","75","75","0","-4","6","0","-4","6","41","150","88","0","0","-9","80.5"
"1496","284","213","76","76","-1","-5","5","0","-5","5","41","150","88","0","0","-9","80.5"
"1497","284","213","76","76","-1","-5","5","0","-5","5","41","150","88","0","0","-9","80.5"
"1498","283","213","76","76","0","-5","5","0","-5","5","41","150","88","0","0","-9","80.5"
"1499","284","214","74","74","0","-5","8","0","-5","8","41","150","88","0","0","-9","80.5"
"1500","284","214","74","74","0","-5","8","0","-5","8","41","150","88","0","0","-9","80.5"
"1501","284","214","74","74","0","-5","8","0","-5","8","41","150","88","0","0","-9","80.5"
"1502","284","214","73","73","0","-4","9","0","-4","9","41","150","88","0","0","-9","80.5"
"1503","282","209","79","79","0","-3","1","0","-3","0","41","150","88","0","0","-9","80.5"
"1504","279","205","86","86","-1","-3","-8","0","-3","-8","41","150","88","0","0","-9","80.5"
"1505","279","205","86","86","-1","-3","-8","0","-3","-8","41","150","88","0","0","-9","80.5"
"1506","279","205","82","82","0","-2","-2","0","0","0","41","150","88","0","0","-9","80.5"
"1507","278","203","81","81","1","-1","-1","0","0","0","41","150","88","0","0","-9","80.5"
"1508","278","203","81","81","1","-1","-1","0","0","0","41","150","88","0","0","-9","80.5"
"1509","278","204","81","81","1","-2","-1","0","0","0","41","150","88","0","0","-9","80.5"
"1510","276","201","85","85","1","-1","-6","0","0","-6","41","150","88","0","0","-9","80.5"
"1511","276","203","81","81","1","-1","-1","0","0","0","41","150","88","0","0","-9","80.5"
"1512","276","203","81","81","1","-1","-1","0","0","0","41","150","88","0","0","-9","80.5"
"1513","277","203","81","81","1","-1","-1","0","0","0","41","150","88","0","0","-9","80.5"
"1514","275","202","84","84","1","-2","-5","0","0","-5","41","150","88","0","0","-9","80.5"
"1515","276","203","82","82","1","-2","-2","0","0","0","41","150","88","0","0","-9","80.5"
"1516","276","203","82","82","1","-2","-2","0","0","0","41","150","89","0","0","-9","80.5"
"1517","276","202","83","83","1","-1","-4","0","0","-4","41","150","89","0","0","-9","80.5"
"1518","278","206","77","77","1","-2","4","0","0","4","41","150","89","0","0","-9","80.5"
"1519","276","204","81","81","1","-2","-1","0","0","0","41","150","89","0","0","-9","80.5"
"1520","277","204","80","80","1","-2","0","0","0","0","41","150","89","0","0","-9","80.5"
"1521","277","204","80","80","1","-2","0","0","0","0","41","150","89","0","0","-9","80.5"
"1522","276","204","81","81","1","-2","-1","0","0","0","41","150","89","0","0","-9","80.5"
"1523","276","205","80","80","1","-2","0","0","0","0","41","150","89","0","0","-9","80.5"
"1524","277","206","79","79","1","-2","1","0","0","0","41","150","89","0","0","-9","81"
"1525","277","206","79","79","1","-2","1","0","0","0","41","150","89","0","0","-9","81"
"1526","276","205","80","80","1","-2","0","0","0","0","41","150","89","0","0","-9","81"
"1527","277","207","79","79","1","-2","1","0","0","0","41","150","89","0","0","-9","81"
"1528","276","206","82","82","1","-3","-2","0","-3","0","41","150","89","0","0","-9","81"
"1529","276","206","82","82","1","-3","-2","0","-3","0","41","150","89","0","0","-9","81"
"1530","276","206","81","81","1","-2","-1","0","0","0","41","150","89","0","0","-9","81"
"1531","277","207","80","80","1","-3","0","0","-3","0","41","150","89","0","0","-9","81"
"1532","277","207","80","80","1","-3","0","0","-3","0","41","150","89","0","0","-9","81"
"1533","276","205","82","82","1","-2","-2","0","0","0","41","150","89","0","0","-9","81"
"1534","276","206","81","81","1","-2","-1","0","0","0","41","150","89","0","0","-9","81"
"1535","277","207","80","80","1","-3","0","0","-3","0","41","150","89","0","0","-9","81"
"1536","276","207","81","81","1","-3","-1","0","-3","0","41","150","89","0","1","-9","81"
"1537","276","207","81","81","1","-3","-1","0","-3","0","41","150","89","0","1","-9","81"
"1538","275","206","82","82","1","-3","-2","0","-3","0","41","150","89","0","1","-9","81"
"1539","274","205","86","86","1","-3","-8","0","-3","-8","41","150","89","0","1","-9","81"
"1540","274","205","86","86","1","-3","-8","0","-3","-8","41","150","89","0","0","-9","81"
"1541","275","206","83","83","1","-3","-4","0","-3","-4","41","150","89","0","0","-9","81"
"1542","275","205","86","86","1","-3","-8","0","-3","-8","41","150","89","0","0","-9","81"
"1543","275","205","86","86","1","-3","-8","0","-3","-8","41","150","89","0","0","-9","81"
"1544","278","208","81","81","1","-3","-1","0","-3","0","41","150","89","0","0","-9","81"
"1545","280","208","82","82","0","-4","-2","0","-4","0","41","150","89","0","0","-9","81"
"1546","282","209","82","82","-1","-4","-2","0","-4","0","41","150","89","0","0","-9","81"
"1547","282","209","82","82","-1","-4","-2","0","-4","0","41","150","89","0","0","-9","81"
"1548","286","208","83","83","-2","-4","-4","0","-4","-4","41","150","89","0","0","-9","81"
"1549","290","209","82","82","-3","-4","-2","3","-4","0","41","150","89","0","0","-9","81"
"1550","290","209","82","82","-3","-4","-2","3","-4","0","41","150","89","0","0","-9","81"
"1551","294","209","83","83","-5","-4","-4","5","-4","-4","41","150","89","0","0","-9","81"
"1552","299","209","86","86","-7","-5","-8","7","-5","-8","41","150","89","0","0","-9","81"
"1553","301","207","91","91","-8","-5","-14","8","-5","-14","41","150","89","0","0","-9","81"
"1554","313","211","83","83","-11","-5","-4","11","-5","-4","41","150","89","0","0","-9","81"
"1555","319","212","83","83","-12","-5","-4","12","-5","-4","41","150","89","0","0","-9","81"
"1556","319","212","83","83","-12","-5","-4","12","-5","-4","41","150","90","0","0","-9","81"
"1557","327","213","84","84","-15","-6","-5","15","-6","-5","41","150","90","0","0","-9","81"
"1558","335","214","86","86","-18","-7","-8","18","-7","-8","41","150","90","0","0","-9","81"
"1559","345","216","84","84","-21","-8","-5","21","-8","-5","41","150","90","0","0","-9","81"
"1560","345","216","84","84","-21","-8","-5","21","-8","-5","41","150","90","0","0","-9","81"
"1561","354","218","87","87","-24","-9","-9","24","-9","-9","41","150","90","0","0","-9","81"
"1562","362","216","89","89","-27","-8","-11","27","-8","-11","41","150","90","0","0","-9","81"
"1563","373","217","88","88","-30","-9","-10","30","-9","-10","41","150","90","0","0","-9","81"
"1564","373","217","88","88","-30","-9","-10","30","-9","-10","41","150","90","0","0","-8","80.5"
"1565","383","218","85","85","-33","-8","-6","33","-8","-6","41","150","90","0","0","-8","80.5"
"1566","391","214","90","90","-36","-8","-12","36","-8","-12","41","150","90","0","0","-8","80.5"
"1567","402","215","87","87","-39","-8","-9","39","-8","-9","41","150","90","0","0","-8","80.5"
"1568","410","213","86","86","-42","-7","-8","42","-7","-8","41","150","90","0","1","-7","80.5"
"1569","410","213","86","86","-42","-7","-8","42","-7","-8","41","150","90","0","1","-7","80.5"
"1570","417","212","87","87","-44","-6","-9","44","-6","-9","41","150","90","0","1","-7","80.5"
"1571","422","210","89","89","-46","-6","-11","46","-6","-11","41","150","90","0","1","-7","80.5"
"1572","422","210","89","89","-46","-6","-11","46","-6","-11","41","150","90","0","1","-6","80.5"
"1573","427","210","89","89","-47","-6","-11","47","-6","-11","41","150","90","0","1","-6","80.5"
"1574","433","210","88","88","-49","-6","-10","49","-6","-10","41","150","90","0","1","-6","80.5"
"1575","432","208","91","91","-49","-5","-14","49","-5","-14","41","150","90","0","1","-6","80.5"
"1576","433","211","85","85","-48","-5","-6","48","-5","-6","41","150","90","0","1","-3","80.5"
"1577","433","211","85","85","-48","-5","-6","48","-5","-6","41","150","90","0","1","-3","80.5"
"1578","422","207","90","90","-46","-5","-12","46","-5","-12","41","150","90","0","1","-3","80.5"
"1579","422","207","90","90","-46","-5","-12","46","-5","-12","41","150","90","0","1","-3","80.5"
"1580","416","208","87","87","-43","-5","-9","43","-5","-9","41","150","90","0","1","0","80.5"
"1581","416","208","87","87","-43","-5","-9","43","-5","-9","41","150","90","0","1","0","80.5"
"1582","409","207","87","87","-41","-4","-9","41","-4","-9","41","150","90","0","1","0","80.5"
"1583","399","207","87","87","-38","-4","-9","38","-4","-9","41","150","90","0","1","0","80.5"
"1584","390","207","86","86","-35","-4","-8","35","-4","-8","41","150","90","0","1","2","80.5"
"1585","390","207","86","86","-35","-4","-8","35","-4","-8","41","150","90","0","1","2","80.5"
"1586","380","206","86","86","-32","-4","-8","32","-4","-8","41","150","90","0","1","2","80.5"
"1587","369","205","86","86","-29","-3","-8","29","-3","-8","41","150","90","0","1","2","80.5"
"1588","369","205","86","86","-29","-3","-8","29","-3","-8","41","150","90","0","1","5","80.5"
"1589","358","205","85","85","-25","-3","-6","25","-3","-6","41","150","90","0","1","5","80.5"
"1590","346","205","86","86","-22","-3","-8","22","-3","-8","41","150","90","0","1","8","80.5"
"1591","335","204","86","86","-18","-3","-8","18","-3","-8","41","150","90","0","1","8","80.5"
"1592","335","204","86","86","-18","-3","-8","18","-3","-8","41","150","90","0","1","8","80.5"
"1593","324","204","88","88","-15","-3","-10","15","-3","-10","41","150","90","0","1","8","80.5"
"1594","316","207","82","82","-12","-3","-2","12","-3","0","41","150","90","0","1","8","80.5"
"1595","306","205","86","86","-9","-3","-8","9","-3","-8","41","150","91","0","1","10","80.5"
"1596","306","205","86","86","-9","-3","-8","9","-3","-8","41","150","91","0","1","10","80.5"
"1597","298","207","82","82","-6","-3","-2","6","-3","0","41","150","91","0","1","10","80.5"
"1598","298","207","82","82","-6","-3","-2","6","-3","0","41","150","91","0","1","10","80.5"
"1599","291","208","79","79","-3","-3","1","3","-3","0","41","150","91","0","0","11","80.5"
"1600","282","207","81","81","-1","-3","-1","0","-3","0","41","150","91","0","0","11","80.5"
"1601","282","207","81","81","-1","-3","-1","0","-3","0","41","150","91","0","0","11","80.5"
"1602","275","206","82","82","1","-3","-2","0","-3","0","41","150","91","0","0","11","80.5"
"1603","270","207","80","80","3","-3","0","-3","-3","0","41","150","91","0","0","11","80.5"
"1604","264","206","84","84","4","-3","-5","-4","-3","-5","40","150","91","0","0","12","81"
"1605","264","206","84","84","4","-3","-5","-4","-3","-5","40","150","91","0","0","12","81"
"1606","261","208","80","80","6","-3","0","-6","-3","0","40","150","91","0","0","12","81"
"1607","257","208","82","82","7","-4","-2","-7","-4","0","40","150","91","0","0","12","81"
"1608","257","208","82","82","7","-4","-2","-7","-4","0","40","150","91","0","0","12","81"
"1609","254","209","83","83","8","-4","-4","-8","-4","-4","40","150","91","0","0","12","81"
"1610","251","209","85","85","8","-5","-6","-8","-5","-6","40","150","91","0","0","12","81"
"1611","251","209","85","85","8","-5","-6","-8","-5","-6","40","150","91","0","0","12","81"
"1612","252","213","80","80","9","-5","0","-9","-5","0","40","150","91","0","0","12","81"
"1613","252","213","80","80","9","-5","0","-9","-5","0","40","150","91","0","0","12","81"
"1614","252","213","80","80","9","-5","0","-9","-5","0","40","150","91","0","0","12","81"
"1615","250","216","78","78","10","-6","2","-10","-6","2","40","150","91","0","0","12","81"
"1616","250","215","78","78","10","-6","2","-10","-6","2","40","150","91","0","0","12","81"
"1617","250","215","78","78","10","-6","2","-10","-6","2","40","150","91","0","0","12","81"
"1618","248","214","82","82","10","-6","-2","-10","-6","0","40","150","91","0","0","12","81"
"1619","246","213","82","82","10","-6","-2","-10","-6","0","40","150","91","0","0","12","81"
"1620","246","213","82","82","10","-6","-2","-10","-6","0","40","150","91","0","0","12","81"
"1621","246","214","81","81","11","-6","-1","-11","-6","0","40","150","91","0","0","12","81"
"1622","246","214","81","81","11","-6","-1","-11","-6","0","40","150","91","0","0","12","81"
"1623","246","214","81","81","11","-6","-1","-11","-6","0","40","150","91","0","0","12","81"
"1624","245","214","80","80","11","-6","0","-11","-6","0","40","150","91","0","0","12","81"
"1625","247","215","77","77","11","-5","4","-11","-5","4","40","150","91","0","0","12","81"
"1626","247","215","77","77","11","-5","4","-11","-5","4","40","150","91","0","0","12","81"
"1627","247","215","77","77","11","-5","4","-11","-5","4","40","150","91","0","0","11","81"
"1628","247","215","77","77","11","-5","4","-11","-5","4","40","150","91","0","0","11","81"
"1629","248","216","74","74","11","-5","8","-11","-5","8","40","150","91","0","0","11","81"
"1630","244","213","79","79","12","-5","1","-12","-5","0","40","150","91","0","0","11","81"
"1631","244","213","79","79","12","-5","1","-12","-5","0","40","150","91","0","0","11","81"
"1632","244","213","80","80","11","-5","0","-11","-5","0","40","150","91","0","0","11","81"
"1633","244","213","78","78","12","-5","2","-12","-5","2","40","150","91","0","0","11","81"
"1634","243","212","80","80","12","-5","0","-12","-5","0","40","150","91","0","0","11","81"
"1635","243","212","80","80","12","-5","0","-12","-5","0","40","150","91","0","0","11","81"
"1636","241","211","83","83","12","-5","-4","-12","-5","-4","40","150","91","0","0","11","81"
"1637","245","215","74","74","12","-5","8","-12","-5","8","40","150","91","0","0","11","81"
"1638","243","215","76","76","12","-5","5","-12","-5","5","40","150","91","0","0","11","81"
"1639","243","215","76","76","12","-5","5","-12","-5","5","40","150","91","0","0","11","81"
"1640","242","213","78","78","12","-5","2","-12","-5","2","40","150","92","0","0","10","81"
"1641","239","212","82","82","12","-5","-2","-12","-5","0","40","150","92","0","0","10","81"
"1642","239","212","82","82","12","-5","-2","-12","-5","0","40","150","92","0","0","10","81"
"1643","241","214","78","78","12","-5","2","-12","-5","2","40","150","92","0","0","10","81"
"1644","239","213","79","79","13","-5","1","-13","-5","0","40","150","92","0","0","10","81"
"1645","239","213","79","79","13","-5","1","-13","-5","0","40","150","92","0","0","10","81"
"1646","240","215","76","76","13","-5","5","-13","-5","5","40","150","92","0","0","10","81"
"1647","238","212","81","81","13","-5","-1","-13","-5","0","40","150","92","0","0","10","81"
"1648","238","212","81","81","13","-5","-1","-13","-5","0","40","150","92","0","0","10","81"
"1649","237","213","78","78","14","-5","2","-14","-5","2","40","150","92","0","0","9","81"
"1650","237","212","80","80","13","-5","0","-13","-5","0","40","150","92","0","0","9","81"
"1651","237","212","80","80","13","-5","0","-13","-5","0","40","150","92","0","0","9","81"
"1652","240","215","74","74","13","-5","8","-13","-5","8","40","150","92","0","0","9","81"
"1653","241","214","76","76","13","-5","5","-13","-5","5","40","150","92","0","0","9","81"
"1654","241","214","76","76","13","-5","5","-13","-5","5","40","150","92","0","0","8","81"
"1655","240","211","80","80","12","-5","0","-12","-5","0","40","150","92","0","0","8","81"
"1656","242","211","79","79","12","-4","1","-12","-4","0","40","150","92","0","0","8","81"
"1657","242","211","79","79","12","-4","1","-12","-4","0","40","150","92","0","0","8","81"
"1658","243","210","81","81","12","-4","-1","-12","-4","0","40","150","92","0","0","8","81"
"1659","246","210","81","81","11","-4","-1","-11","-4","0","40","150","92","0","0","8","81"
"1660","246","210","81","81","11","-4","-1","-11","-4","0","40","150","92","0","0","8","81"
"1661","250","212","78","78","10","-5","2","-10","-5","2","40","150","92","0","0","8","81"
"1662","250","212","78","78","10","-5","2","-10","-5","2","40","150","92","0","0","8","81"
"1663","253","211","79","79","9","-4","1","-9","-4","0","40","150","92","0","0","7","81"
"1664","255","210","81","81","8","-4","-1","-8","-4","0","40","150","92","0","0","7","81"
"1665","260","211","81","81","6","-5","-1","-6","-5","0","40","150","92","0","0","7","81"
"1666","264","212","78","78","5","-5","2","-5","-5","2","40","150","92","0","0","7","81"
"1667","264","212","78","78","5","-5","2","-5","-5","2","40","150","92","0","0","7","81"
"1668","268","212","79","79","4","-5","1","-4","-5","0","40","150","92","0","0","7","81"
"1669","268","212","79","79","4","-5","1","-4","-5","0","40","150","92","0","0","7","81"
"1670","271","213","81","81","3","-5","-1","-3","-5","0","40","150","92","0","0","7","81"
"1671","277","215","80","80","1","-6","0","0","-6","0","40","150","92","0","0","7","81"
"1672","277","215","80","80","1","-6","0","0","-6","0","40","150","92","0","0","7","81"
"1673","284","217","77","77","-1","-6","4","0","-6","4","40","150","92","0","0","7","81"
"1674","287","215","81","81","-2","-6","-1","0","-6","0","40","150","92","0","0","7","81"
"1675","287","215","81","81","-2","-6","-1","0","-6","0","40","150","92","0","0","7","81"
"1676","293","215","83","83","-4","-7","-4","4","-7","-4","40","150","92","0","0","7","81"
"1677","302","219","76","76","-6","-7","5","6","-7","5","40","150","92","0","0","6","81"
"1678","302","219","76","76","-6","-7","5","6","-7","5","40","150","92","0","0","6","81"
"1679","307","218","78","78","-8","-7","2","8","-7","2","40","150","92","0","0","6","81"
"1680","307","218","78","78","-8","-7","2","8","-7","2","40","150","92","0","0","6","81"
"1681","316","220","76","76","-11","-8","5","11","-8","5","40","150","92","0","0","6","81"
"1682","321","219","80","80","-13","-8","0","13","-8","0","40","150","92","0","0","6","81"
"1683","321","219","80","80","-13","-8","0","13","-8","0","40","150","92","0","0","6","81"
"1684","329","220","79","79","-15","-8","1","15","-8","0","40","150","92","0","0","6","81"
"1685","336","220","80","80","-18","-8","0","18","-8","0","40","150","92","0","0","6","81"
"1686","336","220","80","80","-18","-8","0","18","-8","0","40","150","93","0","0","7","81"
"1687","343","218","85","85","-20","-8","-6","20","-8","-6","40","150","93","0","0","7","81"
"1688","351","219","84","84","-23","-9","-5","23","-9","-5","40","150","93","0","0","7","81"
"1689","359","219","83","83","-25","-8","-4","25","-8","-4","40","150","93","0","0","7","81"
"1690","359","219","83","83","-25","-8","-4","25","-8","-4","40","150","93","0","0","7","81"
"1691","369","221","81","81","-28","-9","-1","28","-9","0","40","150","93","0","0","7","81"
"1692","376","221","80","80","-30","-9","0","30","-9","0","40","150","93","0","0","7","81"
"1693","376","221","80","80","-30","-9","0","30","-9","0","40","150","93","0","0","7","81"
"1694","382","218","84","84","-32","-8","-5","32","-8","-5","40","150","93","0","0","7","81"
"1695","389","217","84","84","-35","-8","-5","35","-8","-5","40","150","93","0","0","8","81"
"1696","389","217","84","84","-35","-8","-5","35","-8","-5","40","150","93","0","0","8","81"
"1697","395","216","84","84","-37","-8","-5","37","-8","-5","40","150","93","0","0","8","81"
"1698","400","216","85","85","-38","-8","-6","38","-8","-6","40","150","93","0","0","8","81"
"1699","400","216","85","85","-38","-8","-6","38","-8","-6","40","150","93","0","0","8","81"
"1700","406","216","83","83","-40","-7","-4","40","-7","-4","40","150","93","0","0","9","81"
"1701","407","213","88","88","-41","-7","-10","41","-7","-10","40","150","93","0","0","9","81"
"1702","407","213","88","88","-41","-7","-10","41","-7","-10","40","150","93","0","0","9","81"
"1703","414","214","84","84","-42","-7","-5","42","-7","-5","40","150","93","0","0","9","81"
"1704","418","215","82","82","-43","-7","-2","43","-7","0","40","150","93","0","0","9","81"
"1705","418","215","82","82","-43","-7","-2","43","-7","0","40","150","93","0","0","11","81"
"1706","419","215","81","81","-43","-6","-1","43","-6","0","40","150","93","0","0","11","81"
"1707","415","213","83","83","-42","-6","-4","42","-6","-4","40","150","93","0","0","11","81"
"1708","415","213","83","83","-42","-6","-4","42","-6","-4","40","150","93","0","0","11","81"
"1709","410","212","82","82","-41","-5","-2","41","-5","0","40","150","93","0","0","13","81"
"1710","410","212","82","82","-41","-5","-2","41","-5","0","40","150","93","0","0","13","81"
"1711","398","210","84","84","-38","-5","-5","38","-5","-5","40","150","93","0","0","13","81"
"1712","398","210","84","84","-38","-5","-5","38","-5","-5","40","150","93","0","0","13","81"
"1713","398","210","84","84","-38","-5","-5","38","-5","-5","40","150","93","0","0","13","81"
"1714","391","208","85","85","-35","-4","-6","35","-4","-6","40","150","93","0","0","16","81"
"1715","383","208","84","84","-33","-4","-5","33","-4","-5","40","150","93","0","0","16","81"
"1716","383","208","84","84","-33","-4","-5","33","-4","-5","40","150","93","0","0","16","81"
"1717","374","207","83","83","-30","-3","-4","30","-3","-4","40","150","93","0","0","16","81"
"1718","367","207","82","82","-28","-3","-2","28","-3","0","40","150","93","0","0","16","81"
"1719","367","207","82","82","-28","-3","-2","28","-3","0","40","150","93","0","0","19","81"
"1720","358","205","84","84","-25","-3","-5","25","-3","-5","40","150","93","0","0","19","81"
"1721","350","206","81","81","-22","-2","-1","22","0","0","40","150","93","0","0","19","81"
"1722","350","206","81","81","-22","-2","-1","22","0","0","40","150","93","0","0","19","81"
"1723","341","207","79","79","-19","-2","1","19","0","0","40","150","93","0","0","21","81"
"1724","341","207","79","79","-19","-2","1","19","0","0","40","150","93","0","0","21","81"
"1725","332","206","82","82","-17","-3","-2","17","-3","0","40","150","93","0","0","21","81"
"1726","326","209","79","79","-14","-3","1","14","-3","0","40","150","93","0","0","21","81"
"1727","318","208","80","80","-12","-3","0","12","-3","0","40","150","93","0","0","21","81"
"1728","318","208","80","80","-12","-3","0","12","-3","0","40","150","93","0","0","23","81"
"1729","312","212","78","78","-10","-5","2","10","-5","2","40","150","93","0","0","23","81"
"1730","305","210","81","81","-8","-4","-1","8","-4","0","40","150","93","0","0","23","81"
"1731","305","210","81","81","-8","-4","-1","8","-4","0","40","150","93","0","0","23","81"
"1732","301","212","79","79","-6","-5","1","6","-5","0","40","150","94","0","0","24","81"
"1733","291","211","81","81","-3","-5","-1","3","-5","0","40","150","94","0","0","24","81"
"1734","287","213","76","76","-2","-5","5","0","-5","5","40","150","94","0","0","24","81"
"1735","287","213","76","76","-2","-5","5","0","-5","5","40","150","94","0","0","24","81"
"1736","287","215","72","72","-1","-5","10","0","-5","10","40","150","94","0","0","24","81"
"1737","283","213","75","75","0","-4","6","0","-4","6","40","150","94","0","0","24","81"
"1738","283","213","75","75","0","-4","6","0","-4","6","40","150","94","0","0","25","81"
"1739","283","213","74","74","0","-4","8","0","-4","8","40","150","94","0","0","25","81"
"1740","278","210","78","78","1","-4","2","0","-4","2","40","150","94","0","0","25","81"
"1741","278","210","78","78","1","-4","2","0","-4","2","40","150","94","0","0","25","81"
"1742","275","207","83","83","1","-3","-4","0","-3","-4","40","150","94","0","0","25","81"
"1743","277","210","76","76","2","-3","5","-2","-3","5","40","150","94","0","0","25","81"
"1744","277","210","76","76","2","-3","5","-2","-3","5","40","150","94","0","0","25","81"
"1745","275","210","78","78","2","-4","2","-2","-4","2","40","150","94","0","0","25","81"
"1746","274","210","79","79","2","-4","1","-2","-4","0","40","150","94","0","0","25","81"
"1747","274","210","79","79","2","-4","1","-2","-4","0","40","150","94","0","0","25","81"
"1748","273","210","80","80","2","-4","0","-2","-4","0","40","150","94","0","0","25","81"
"1749","273","210","80","80","2","-4","0","-2","-4","0","40","150","94","0","0","25","81"
"1750","273","210","80","80","2","-4","0","-2","-4","0","40","150","94","0","0","25","81"
"1751","273","210","79","79","2","-4","1","-2","-4","0","40","150","94","0","0","25","81"
"1752","273","209","81","81","2","-4","-1","-2","-4","0","40","150","94","0","0","25","81"
"1753","273","210","80","80","2","-4","0","-2","-4","0","40","150","94","0","0","25","81"
"1754","273","210","80","80","2","-4","0","-2","-4","0","40","150","94","0","0","25","81"
"1755","272","210","80","80","2","-4","0","-2","-4","0","40","150","94","0","0","25","81"
"1756","272","210","80","80","2","-4","0","-2","-4","0","40","150","94","0","0","25","81"
"1757","270","208","84","84","2","-4","-5","-2","-4","-5","40","150","94","0","0","25","81"
"1758","270","208","84","84","2","-4","-5","-2","-4","-5","40","150","94","0","0","25","81"
"1759","271","209","83","83","2","-4","-4","-2","-4","-4","40","150","94","0","0","25","81"
"1760","272","212","78","78","3","-5","2","-3","-5","2","40","150","94","0","0","25","81"
"1761","272","212","78","78","3","-5","2","-3","-5","2","40","150","94","0","0","25","81"
"1762","273","212","77","77","3","-4","4","-3","-4","4","40","150","94","0","0","25","81"
"1763","273","213","76","76","3","-5","5","-3","-5","5","40","150","94","0","0","25","81"
"1764","273","213","76","76","3","-5","5","-3","-5","5","40","150","94","0","0","25","81"
"1765","271","211","79","79","3","-4","1","-3","-4","0","40","150","94","0","0","25","81"
"1766","270","210","81","81","3","-4","-1","-3","-4","0","40","150","94","0","0","25","81"
"1767","270","210","81","81","3","-4","-1","-3","-4","0","40","150","94","0","0","25","81"
"1768","272","212","78","78","3","-5","2","-3","-5","2","40","150","94","0","0","25","81"
"1769","269","208","83","83","3","-4","-4","-3","-4","-4","40","150","94","0","0","25","81"
"1770","269","208","83","83","3","-4","-4","-3","-4","-4","40","150","94","0","0","25","81"
"1771","268","207","84","84","3","-4","-5","-3","-4","-5","40","150","94","0","0","25","81"
"1772","268","208","82","82","3","-4","-2","-3","-4","0","40","150","95","0","0","25","81"
"1773","268","207","84","84","3","-4","-5","-3","-4","-5","40","150","95","0","0","25","81"
"1774","268","207","84","84","3","-4","-5","-3","-4","-5","40","150","95","0","0","25","81"
"1775","270","208","82","82","3","-4","-2","-3","-4","0","40","150","95","0","0","25","81"
"1776","272","209","81","81","2","-4","-1","-2","-4","0","40","150","95","0","0","25","81"
"1777","272","209","81","81","2","-4","-1","-2","-4","0","40","150","95","0","0","25","81"
"1778","276","209","81","81","1","-4","-1","0","-4","0","40","150","95","0","0","25","81"
"1779","278","209","83","83","0","-4","-4","0","-4","-4","40","150","95","0","0","25","81"
"1780","278","209","83","83","0","-4","-4","0","-4","-4","40","150","95","0","0","25","81"
"1781","283","210","83","83","-1","-5","-4","0","-5","-4","40","150","95","0","0","25","81"
"1782","289","212","80","80","-3","-5","0","3","-5","0","40","150","95","0","0","25","81"
"1783","289","212","80","80","-3","-5","0","3","-5","0","40","150","95","0","0","25","81"
"1784","294","211","84","84","-5","-5","-5","5","-5","-5","40","150","95","0","0","25","81"
"1785","300","213","82","82","-7","-6","-2","7","-6","0","40","150","95","0","0","25","81"
"1786","300","213","82","82","-7","-6","-2","7","-6","0","40","150","95","0","0","25","81"
"1787","307","215","82","82","-9","-7","-2","9","-7","0","40","150","95","0","0","25","81"
"1788","315","217","81","81","-11","-7","-1","11","-7","0","40","150","95","0","0","25","81"
"1789","315","217","81","81","-11","-7","-1","11","-7","0","40","150","95","0","0","25","81"
"1790","321","216","85","85","-13","-8","-6","13","-8","-6","40","150","95","0","0","25","81"
"1791","330","217","84","84","-16","-8","-5","16","-8","-5","40","150","95","0","0","25","81"
"1792","330","217","84","84","-16","-8","-5","16","-8","-5","40","150","95","0","0","25","81"
"1793","337","218","85","85","-18","-8","-6","18","-8","-6","40","150","95","0","0","25","81"
"1794","344","216","87","87","-21","-8","-9","21","-8","-9","40","150","95","0","0","25","81"
"1795","344","216","87","87","-21","-8","-9","21","-8","-9","40","150","95","0","0","25","81"
"1796","352","217","86","86","-23","-8","-8","23","-8","-8","40","150","95","0","0","25","81"
"1797","366","213","87","87","-28","-7","-9","28","-7","-9","40","150","95","0","0","25","81"
"1798","366","213","87","87","-28","-7","-9","28","-7","-9","40","150","95","0","0","25","81"
"1799","366","213","87","87","-28","-7","-9","28","-7","-9","40","150","95","0","0","25","81"
"1800","370","211","89","89","-29","-6","-11","29","-6","-11","40","150","95","0","0","25","81"
"1801","370","211","89","89","-29","-6","-11","29","-6","-11","40","150","95","0","0","25","81"
"1802","378","211","85","85","-31","-5","-6","31","-5","-6","40","150","95","0","0","25","81"
"1803","382","210","86","86","-33","-5","-8","33","-5","-8","40","150","95","0","0","25","81"
"1804","387","209","85","85","-34","-5","-6","34","-5","-6","40","150","95","0","1","26","81"
"1805","387","209","85","85","-34","-5","-6","34","-5","-6","40","150","95","0","1","26","81"
"1806","391","209","84","84","-35","-5","-5","35","-5","-5","40","150","95","0","1","26","81"
"1807","391","209","84","84","-35","-5","-5","35","-5","-5","40","150","95","0","1","26","81"
"1808","392","208","86","86","-36","-5","-8","36","-5","-8","40","150","95","0","1","26","81"
"1809","393","207","88","88","-37","-5","-10","37","-5","-10","40","150","95","0","1","27","81"
"1810","393","207","88","88","-37","-5","-10","37","-5","-10","40","150","95","0","1","27","81"
"1811","393","206","87","87","-36","-4","-9","36","-4","-9","40","150","95","0","1","27","81"
"1812","390","206","86","86","-35","-4","-8","35","-4","-8","40","150","95","0","1","27","81"
"1813","390","206","86","86","-35","-4","-8","35","-4","-8","40","150","95","0","1","27","81"
"1814","389","206","85","85","-35","-3","-6","35","-3","-6","40","150","95","0","1","29","81"
"1815","385","204","88","88","-34","-3","-10","34","-3","-10","40","150","95","0","1","29","81"
"1816","385","204","88","88","-34","-3","-10","34","-3","-10","40","150","95","0","1","29","81"
"1817","380","202","89","89","-32","-2","-11","32","0","-11","40","150","95","0","1","29","81"
"1818","378","203","86","86","-32","-2","-8","32","0","-8","40","150","96","0","1","31","81"
"1819","373","203","84","84","-30","-2","-5","30","0","-5","40","150","96","0","1","31","81"
"1820","373","203","84","84","-30","-2","-5","30","0","-5","40","150","96","0","1","31","81"
"1821","366","203","84","84","-28","-2","-5","28","0","-5","40","150","96","0","1","31","81"
"1822","360","202","85","85","-26","-2","-6","26","0","-6","40","150","96","0","1","33","81"
"1823","360","202","85","85","-26","-2","-6","26","0","-6","40","150","96","0","1","33","81"
"1824","354","201","85","85","-24","-1","-6","24","0","-6","40","150","96","0","1","33","81"
"1825","346","200","87","87","-22","-1","-9","22","0","-9","40","150","96","0","1","33","81"
"1826","340","200","87","87","-20","-1","-9","20","0","-9","40","150","96","0","1","35","81"
"1827","340","200","87","87","-20","-1","-9","20","0","-9","40","150","96","0","1","35","81"
"1828","334","200","86","86","-18","-1","-8","18","0","-8","40","150","96","0","1","35","81"
"1829","329","202","83","83","-16","-1","-4","16","0","-4","40","150","96","0","1","35","81"
"1830","323","202","82","82","-14","-1","-2","14","0","0","40","150","96","0","1","36","81"
"1831","318","201","83","83","-12","-1","-4","12","0","-4","40","150","96","0","1","36","81"
"1832","318","201","83","83","-12","-1","-4","12","0","-4","40","150","96","0","1","36","81"
"1833","314","202","80","80","-11","-1","0","11","0","0","40","150","96","0","1","36","81"
"1834","310","203","79","79","-9","-1","1","9","0","0","40","150","96","0","1","37","81"
"1835","303","202","82","82","-8","-1","-2","8","0","0","40","150","96","0","1","37","81"
"1836","299","201","81","81","-6","0","-1","6","0","0","40","150","96","0","1","37","81"
"1837","297","202","79","79","-5","0","1","5","0","0","40","150","96","0","1","37","81"
"1838","297","202","79","79","-5","0","1","5","0","0","40","150","96","0","1","38","81"
"1839","291","200","82","82","-4","0","-2","4","0","0","40","150","96","0","1","38","81"
"1840","291","200","82","82","-4","0","-2","4","0","0","40","150","96","0","1","38","81"
"1841","289","201","79","79","-2","0","1","0","0","0","40","150","96","0","1","38","81"
"1842","286","202","80","80","-2","-1","0","0","0","0","40","150","96","0","0","38","81"
"1843","284","201","80","80","-1","0","0","0","0","0","40","150","96","0","0","38","81"
"1844","284","201","80","80","-1","0","0","0","0","0","40","150","96","0","0","38","81"
"1845","282","200","82","82","-1","0","-2","0","0","0","40","150","96","0","0","38","81"
"1846","282","201","80","80","-1","0","0","0","0","0","40","150","96","0","0","38","81"
"1847","281","201","81","81","0","0","-1","0","0","0","40","150","96","0","0","38","81"
"1848","281","202","79","79","0","0","1","0","0","0","40","150","96","0","0","38","81"
"1849","280","202","80","80","0","-1","0","0","0","0","40","150","96","0","0","38","81"
"1850","280","201","80","80","0","0","0","0","0","0","40","150","96","0","0","38","81"
"1851","280","201","80","80","0","0","0","0","0","0","40","150","96","0","0","38","81"
"1852","277","201","82","82","1","-1","-2","0","0","0","40","150","96","0","0","38","81"
"1853","277","201","82","82","1","-1","-2","0","0","0","40","150","96","0","0","38","81"
"1854","275","199","84","84","1","0","-5","0","0","-5","40","150","96","0","0","38","81"
"1855","275","201","81","81","2","0","-1","-2","0","0","40","150","96","0","0","38","81"
"1856","274","202","81","81","2","-1","-1","-2","0","0","40","150","97","0","0","38","81"
"1857","272","201","83","83","2","-1","-4","-2","0","-4","40","150","97","0","0","38","81"
"1858","274","202","81","81","2","-1","-1","-2","0","0","40","150","97","0","0","38","81"
"1859","274","202","81","81","2","-1","-1","-2","0","0","40","150","97","0","0","38","81"
"1860","272","202","83","83","2","-1","-4","-2","0","-4","40","150","97","0","0","38","81"
"1861","271","202","83","83","2","-1","-4","-2","0","-4","40","150","97","0","0","38","81"
"1862","271","203","82","82","2","-2","-2","-2","0","0","40","150","97","0","0","38","81"
"1863","270","203","83","83","3","-2","-4","-3","0","-4","40","150","97","0","0","38","81"
"1864","270","204","80","80","3","-2","0","-3","0","0","40","150","97","0","0","38","81"
"1865","269","203","82","82","3","-2","-2","-3","0","0","40","150","97","0","0","38","81"
"1866","269","203","82","82","3","-2","-2","-3","0","0","40","150","97","0","0","38","81"
"1867","269","205","80","80","3","-2","0","-3","0","0","40","150","97","0","0","38","81"
"1868","268","205","82","82","3","-2","-2","-3","0","0","40","150","97","0","0","38","81"
"1869","268","206","80","80","4","-2","0","-4","0","0","40","150","97","0","0","38","81"
"1870","267","205","81","81","4","-2","-1","-4","0","0","40","150","97","0","0","38","81"
"1871","268","207","78","78","4","-2","2","-4","0","2","40","150","97","0","0","38","81"
"1872","267","206","80","80","4","-2","0","-4","0","0","40","150","97","0","0","38","81"
"1873","265","205","82","82","4","-2","-2","-4","0","0","40","150","97","0","0","38","81"
"1874","265","205","83","83","4","-2","-4","-4","0","-4","40","150","97","0","0","38","81"
"1875","265","205","83","83","4","-2","-4","-4","0","-4","40","150","97","0","0","38","81"
"1876","263","205","85","85","5","-3","-6","-5","-3","-6","40","150","97","0","0","38","81"
"1877","264","206","83","83","5","-3","-4","-5","-3","-4","40","150","97","0","0","37","81"
"1878","263","206","83","83","5","-3","-4","-5","-3","-4","40","150","97","0","0","37","81"
"1879","263","206","83","83","5","-3","-4","-5","-3","-4","40","150","97","0","0","37","81"
"1880","262","206","82","82","5","-3","-2","-5","-3","0","40","150","97","0","0","37","81"
"1881","262","206","82","82","5","-3","-2","-5","-3","0","40","150","97","0","0","37","81"
"1882","261","206","83","83","6","-3","-4","-6","-3","-4","40","150","97","0","0","37","81"
"1883","259","206","84","84","6","-3","-5","-6","-3","-5","40","150","97","0","0","37","81"
"1884","257","205","84","84","7","-3","-5","-7","-3","-5","40","150","97","0","0","37","81"
"1885","257","204","81","81","7","-2","-1","-7","0","0","40","150","97","0","0","37","81"
"1886","254","200","85","85","8","-1","-6","-8","0","-6","40","150","97","0","0","37","81"
"1887","252","196","83","83","8","1","-4","-8","0","-4","40","150","97","0","0","37","81"
"1888","250","191","83","83","9","3","-4","-9","3","-4","40","150","97","0","0","36","81"
"1889","250","191","83","83","9","3","-4","-9","3","-4","40","150","97","0","0","36","81"
"1890","248","185","85","85","9","5","-6","-9","5","-6","40","150","97","0","0","36","81"
"1891","246","180","85","85","10","8","-6","-10","8","-6","40","150","98","0","0","36","81"
"1892","246","177","82","82","10","9","-2","-10","9","0","40","150","98","0","0","36","81"
"1893","244","173","84","84","11","10","-5","-11","10","-5","40","150","98","0","0","36","81"
"1894","242","171","84","84","11","11","-5","-11","11","-5","39","150","98","0","0","36","81"
"1895","242","171","82","82","12","12","-2","-12","12","0","39","150","98","0","0","36","81"
"1896","242","170","84","84","11","12","-5","-11","12","-5","39","150","98","0","0","36","81"
"1897","244","171","81","81","11","12","-1","-11","12","0","39","150","98","0","0","36","81"
"1898","244","170","81","81","11","12","-1","-11","12","0","39","150","98","0","0","35","81"
"1899","245","171","81","81","11","12","-1","-11","12","0","39","150","98","0","0","35","81"
"1900","245","171","81","81","11","12","-1","-11","12","0","39","150","98","0","0","35","81"
"1901","245","169","82","82","11","12","-2","-11","12","0","39","150","98","0","0","35","81"
"1902","247","170","82","82","10","12","-2","-10","12","0","39","150","98","0","0","35","81"
"1903","248","170","81","81","10","12","-1","-10","12","0","39","150","98","0","0","35","81"
"1904","249","171","79","79","10","12","1","-10","12","0","39","150","98","0","0","35","81"
"1905","250","170","84","84","9","12","-5","-9","12","-5","39","150","98","0","0","34","81"
"1906","252","172","82","82","8","11","-2","-8","11","0","39","150","98","0","0","34","81"
"1907","253","171","84","84","8","11","-5","-8","11","-5","39","150","98","0","0","34","81"
"1908","255","173","82","82","8","11","-2","-8","11","0","39","150","98","0","0","33","81"
"1909","255","173","82","82","8","11","-2","-8","11","0","39","150","98","0","0","33","81"
"1910","257","172","84","84","7","11","-5","-7","11","-5","39","150","98","0","0","33","81"
"1911","260","174","83","83","6","10","-4","-6","10","-4","39","150","98","0","0","33","81"
"1912","260","174","85","85","6","10","-6","-6","10","-6","39","150","98","0","0","33","81"
"1913","265","179","79","79","5","9","1","-5","9","0","39","150","98","0","0","33","81"
"1914","265","179","79","79","5","9","1","-5","9","0","39","150","98","0","0","33","81"
"1915","265","179","81","81","5","9","-1","-5","9","0","39","150","98","0","0","33","81"
"1916","268","182","83","83","3","7","-4","-3","7","-4","39","150","98","0","0","33","81"
"1917","269","184","83","83","3","6","-4","-3","6","-4","39","150","98","0","0","32","81"
"1918","271","188","82","82","2","5","-2","-2","5","0","39","150","98","0","0","32","81"
"1919","273","193","80","80","2","3","0","-2","3","0","39","150","98","0","0","32","81"
"1920","273","193","80","80","2","3","0","-2","3","0","39","150","98","0","0","32","81"
"1921","273","195","84","84","2","1","-5","-2","0","-5","39","150","98","0","0","32","81"
"1922","275","200","82","82","1","0","-2","0","0","0","39","150","98","0","0","32","81"
"1923","276","202","82","82","1","-1","-2","0","0","0","39","150","98","0","0","32","81"
"1924","277","203","84","84","0","-2","-5","0","0","-5","39","150","99","0","0","32","81"
"1925","277","204","84","84","0","-2","-5","0","0","-5","39","150","99","0","0","32","81"
"1926","277","205","85","85","0","-3","-6","0","-3","-6","39","150","99","0","0","32","81"
"1927","277","205","85","85","0","-3","-6","0","-3","-6","39","150","99","0","0","32","81"
"1928","278","205","83","83","0","-2","-4","0","0","-4","39","160","99","0","0","32","81"
"1929","278","205","84","84","0","-3","-5","0","-3","-5","39","160","99","0","0","32","81"
"1930","278","204","84","84","0","-2","-5","0","0","-5","39","160","99","0","0","32","81"
"1931","280","205","83","83","0","-2","-4","0","0","-4","39","160","99","0","0","32","81"
"1932","279","205","84","84","0","-3","-5","0","-3","-5","39","160","99","0","0","32","80.5"
"1933","279","205","84","84","0","-3","-5","0","-3","-5","39","160","99","0","0","32","80.5"
"1934","279","205","84","84","0","-3","-5","0","-3","-5","39","160","99","0","0","32","80.5"
"1935","278","204","85","85","0","-2","-6","0","0","-6","39","160","99","0","0","32","80.5"
"1936","279","205","85","85","0","-3","-6","0","-3","-6","39","160","99","0","0","32","80.5"
"1937","280","206","84","84","-1","-3","-5","0","-3","-5","39","160","99","0","0","32","80.5"
"1938","280","206","84","84","-1","-3","-5","0","-3","-5","39","160","99","0","0","32","80.5"
"1939","281","208","82","82","-1","-4","-2","0","-4","0","39","160","99","0","0","32","80.5"
"1940","281","209","80","80","0","-4","0","0","-4","0","39","160","99","0","0","32","80.5"
"1941","281","208","81","81","0","-3","-1","0","-3","0","39","160","99","0","0","32","80.5"
"1942","280","208","81","81","0","-3","-1","0","-3","0","39","160","99","0","0","32","80.5"
"1943","280","209","80","80","0","-4","0","0","-4","0","39","160","99","0","0","32","80.5"
"1944","278","208","81","81","1","-3","-1","0","-3","0","39","160","99","0","0","32","80.5"
"1945","278","208","81","81","1","-3","-1","0","-3","0","39","160","99","0","0","32","80.5"
"1946","278","209","80","80","1","-4","0","0","-4","0","39","160","99","0","0","32","80.5"
"1947","274","207","83","83","2","-3","-4","-2","-3","-4","39","160","99","0","0","32","80.5"
"1948","274","210","79","79","2","-4","1","-2","-4","0","39","160","99","0","0","32","80.5"
"1949","274","210","79","79","2","-4","1","-2","-4","0","39","160","99","0","0","32","80.5"
"1950","273","214","74","74","3","-5","8","-3","-5","8","39","160","99","0","0","32","80.5"
"1951","270","214","74","74","4","-5","8","-4","-5","8","39","150","99","0","0","32","80.5"
"1952","265","213","77","77","5","-5","4","-5","-5","4","39","150","99","0","0","32","80.5"
"1953","265","213","77","77","5","-5","4","-5","-5","4","39","150","99","0","0","32","80.5"
"1954","260","213","80","80","6","-5","0","-6","-5","0","39","150","99","0","0","32","80.5"
"1955","257","217","75","75","8","-6","6","-8","-6","6","39","150","99","0","0","32","80.5"
"1956","248","218","80","80","10","-8","0","-10","-8","0","39","150","99","0","0","32","80.5"
"1957","241","221","82","82","12","-9","-2","-12","-9","0","39","150","99","0","0","32","80.5"
"1958","241","221","82","82","12","-9","-2","-12","-9","0","39","150","99","0","0","32","80.5"
"1959","238","227","77","77","14","-10","4","-14","-10","4","39","150","99","0","0","32","80.5"
"1960","231","232","77","77","16","-12","4","-16","-12","4","39","150","99","0","0","32","80.5"
"1961","224","237","78","78","18","-15","2","-18","-15","2","39","150","99","0","0","32","80.5"
"1962","213","244","79","79","21","-18","1","-21","-18","0","39","150","100","0","0","32","80.5"
"1963","205","250","78","78","24","-20","2","-24","-20","2","39","150","100","0","0","32","80.5"
"1964","205","250","78","78","24","-20","2","-24","-20","2","39","150","100","0","0","32","80.5"
"1965","192","254","82","82","27","-23","-2","-27","-23","0","39","150","100","0","0","32","80.5"
"1966","192","254","82","82","27","-23","-2","-27","-23","0","39","150","100","0","0","32","80.5"
"1967","192","254","82","82","27","-23","-2","-27","-23","0","39","150","100","0","0","32","80.5"
"1968","192","254","82","82","27","-23","-2","-27","-23","0","39","150","100","0","0","32","80.5"
"1969","192","254","82","82","27","-23","-2","-27","-23","0","39","150","100","0","0","32","80.5"
"1970","182","259","79","79","31","-24","1","-31","-24","0","39","150","100","0","0","32","80.5"
"1971","182","259","79","79","31","-24","1","-31","-24","0","39","150","100","0","0","32","80.5"
"1972","182","259","79","79","31","-24","1","-31","-24","0","39","150","100","0","0","32","80.5"
"1973","182","259","79","79","31","-24","1","-31","-24","0","39","150","100","0","0","32","80.5"
"1974","127","270","81","81","48","-29","-1","-48","-29","0","39","150","100","0","0","30","81"
"1975","113","271","79","79","52","-29","1","-52","-29","0","39","150","100","0","0","30","81"
"1976","113","271","79","79","52","-29","1","-52","-29","0","39","150","100","0","0","30","81"
"1977","113","271","79","79","52","-29","1","-52","-29","0","39","150","100","0","0","30","81"
"1978","113","271","79","79","52","-29","1","-52","-29","0","39","150","100","0","0","30","81"
"1979","113","271","79","79","52","-29","1","-52","-29","0","39","150","100","0","0","30","81"
"1980","99","270","84","84","56","-30","-5","-56","-30","-5","39","150","100","0","0","30","81"
"1981","80","274","82","82","62","-31","-2","-62","-31","0","39","150","100","0","0","30","81"
"1982","68","276","84","84","66","-32","-5","-66","-32","-5","39","150","100","0","0","27","81"
"1983","64","279","80","80","68","-33","0","-68","-33","0","39","150","100","0","0","27","81"
"1984","64","279","80","80","68","-33","0","-68","-33","0","39","150","100","0","0","27","81"
"1985","67","280","84","84","66","-34","-5","-66","-34","-5","39","150","100","0","0","25","81"
"1986","61","282","92","92","67","-37","-15","-67","-37","-15","39","150","100","0","0","25","81"
"1987","60","293","87","87","68","-40","-9","-68","-40","-9","39","150","100","0","0","25","81"
"1988","59","299","85","85","68","-42","-6","-68","-42","-6","39","150","100","0","0","22","81"
"1989","59","299","85","85","68","-42","-6","-68","-42","-6","39","150","100","0","0","22","81"
"1990","63","303","89","89","67","-45","-11","-67","-45","-11","39","150","100","0","0","22","81"
"1991","73","312","81","81","65","-47","-1","-65","-47","0","39","150","100","0","0","22","81"
"1992","73","312","81","81","65","-47","-1","-65","-47","0","39","150","100","0","0","22","81"
"1993","84","317","80","80","61","-49","0","-61","-49","0","39","150","100","0","0","17","81"
"1994","84","317","80","80","61","-49","0","-61","-49","0","39","150","100","0","0","17","81"
"1995","95","319","80","80","58","-50","0","-58","-50","0","39","150","100","0","0","17","81"
"1996","108","322","77","77","54","-50","4","-54","-50","4","39","150","100","0","0","17","81"
"1997","108","322","77","77","54","-50","4","-54","-50","4","39","150","100","0","0","17","81"
"1998","120","323","77","77","51","-50","4","-51","-50","4","39","150","100","0","0","12","81"
"1999","136","323","74","74","46","-50","8","-46","-50","8","39","150","100","0","0","12","81"
"2000","136","323","74","74","46","-50","8","-46","-50","8","39","150","100","0","0","12","81"
"2001","149","321","74","74","42","-49","8","-42","-49","8","39","150","100","0","0","12","81"
"2002","162","318","75","75","38","-48","6","-38","-48","6","39","150","100","0","0","12","81"
"2003","162","318","75","75","38","-48","6","-38","-48","6","39","150","101","0","1","7","81"
"2004","178","316","72","72","33","-47","10","-33","-47","10","39","150","101","0","1","7","81"
"2005","178","316","72","72","33","-47","10","-33","-47","10","39","150","101","0","1","7","81"
"2006","178","316","72","72","33","-47","10","-33","-47","10","39","150","101","0","1","7","81"
"2007","178","316","72","72","33","-47","10","-33","-47","10","39","150","101","0","1","7","81"
"2008","178","316","72","72","33","-47","10","-33","-47","10","39","150","101","0","1","7","81"
"2009","178","316","72","72","33","-47","10","-33","-47","10","39","150","101","0","1","7","81"
"2010","178","316","72","72","33","-47","10","-33","-47","10","39","150","101","0","1","7","81"
"2011","178","316","72","72","33","-47","10","-33","-47","10","39","150","101","0","1","7","81"
"2012","219","307","70","70","21","-42","12","-21","-42","12","38","150","101","0","1","3","81"
"2013","239","300","72","72","14","-40","10","-14","-40","10","38","140","101","0","0","-1","81"
"2014","239","300","72","72","14","-40","10","-14","-40","10","38","140","101","0","0","-1","81"
"2015","250","298","70","70","11","-39","12","-11","-39","12","38","140","101","0","0","-1","81"
"2016","257","294","72","72","8","-38","10","-8","-38","10","38","140","101","0","0","-1","81"
"2017","257","294","72","72","8","-38","10","-8","-38","10","38","140","101","0","0","-1","81"
"2018","257","294","72","72","8","-38","10","-8","-38","10","38","140","101","0","0","-1","81"
"2019","257","294","72","72","8","-38","10","-8","-38","10","38","140","101","0","0","-1","81"
"2020","257","294","72","72","8","-38","10","-8","-38","10","38","140","101","0","0","-1","81"
"2021","257","294","72","72","8","-38","10","-8","-38","10","38","140","101","0","0","-1","81"
"2022","257","294","72","72","8","-38","10","-8","-38","10","38","140","101","0","0","-1","81"
"2023","257","294","72","72","8","-38","10","-8","-38","10","38","140","101","0","0","-1","81"
"2024","272","289","72","72","4","-35","10","-4","-35","10","38","130","101","0","0","-4","81"
"2025","295","288","74","74","-4","-35","8","4","-35","8","38","130","101","0","0","-4","81"
"2026","295","288","74","74","-4","-35","8","4","-35","8","38","130","101","0","0","-4","81"
"2027","300","291","72","72","-5","-36","10","5","-36","10","38","130","101","0","0","-4","81"
"2028","301","293","73","73","-5","-37","9","5","-37","9","38","130","101","0","0","-4","81"
"2029","301","293","73","73","-5","-37","9","5","-37","9","38","130","101","0","0","-4","81"
"2030","301","293","73","73","-5","-37","9","5","-37","9","38","130","101","0","0","-4","81"
"2031","301","293","73","73","-5","-37","9","5","-37","9","38","130","101","0","0","-4","81"
"2032","301","293","73","73","-5","-37","9","5","-37","9","38","130","101","0","0","-4","81"
"2033","305","299","71","71","-6","-39","11","6","-39","11","38","130","101","0","0","-4","81"
"2034","305","299","71","71","-6","-39","11","6","-39","11","38","130","101","0","0","-4","81"
"2035","304","298","73","73","-6","-39","9","6","-39","9","38","130","101","0","0","-4","81"
"2036","304","298","73","73","-6","-39","9","6","-39","9","38","120","101","0","0","-4","81"
"2037","306","300","70","70","-7","-40","12","7","-40","12","38","120","101","0","0","-4","81"
"2038","305","300","70","70","-6","-40","12","6","-40","12","38","120","101","0","0","-4","81"
"2039","305","300","70","70","-6","-40","12","6","-40","12","38","120","101","0","0","-4","81"
"2040","305","300","69","69","-6","-39","14","6","-39","14","38","120","101","0","0","-4","81"
"2041","305","300","68","68","-6","-39","15","6","-39","15","38","120","101","0","0","-4","81"
"2042","305","300","68","68","-6","-39","15","6","-39","15","38","120","101","0","0","-4","81"
"2043","303","298","70","70","-6","-39","12","6","-39","12","38","120","101","0","0","-4","81"
"2044","303","298","70","70","-6","-39","12","6","-39","12","38","120","101","0","0","-4","81"
"2045","303","296","69","69","-5","-38","14","5","-38","14","38","120","101","0","0","-4","81"
"2046","302","294","70","70","-5","-37","12","5","-37","12","38","120","102","0","0","-3","81"
"2047","303","292","66","66","-5","-35","18","5","-35","18","38","120","102","0","0","-3","81"
"2048","303","292","66","66","-5","-35","18","5","-35","18","38","120","102","0","0","-3","81"
"2049","299","287","72","72","-5","-35","10","5","-35","10","38","120","102","0","0","-3","81"
"2050","299","285","69","69","-4","-33","14","4","-33","14","38","120","102","0","0","-3","81"
"2051","299","285","69","69","-4","-33","14","4","-33","14","38","120","102","0","0","-3","81"
"2052","300","284","67","67","-4","-32","16","4","-32","16","38","120","102","0","0","-3","81"
"2053","296","279","70","70","-3","-31","12","3","-31","12","38","120","102","0","0","-3","81"
"2054","294","276","72","72","-3","-30","10","3","-30","10","38","120","102","0","0","-3","81"
"2055","294","276","72","72","-3","-30","10","3","-30","10","38","110","102","0","0","-3","81"
"2056","293","274","72","72","-3","-29","10","3","-29","10","38","110","102","0","0","-3","81"
"2057","291","271","73","73","-2","-28","9","0","-28","9","38","110","102","0","0","-3","81"
"2058","291","271","73","73","-2","-28","9","0","-28","9","38","110","102","0","0","-3","81"
"2059","289","270","71","71","-1","-27","11","0","-27","11","38","110","102","0","0","-2","81"
"2060","286","268","72","72","-1","-27","10","0","-27","10","38","110","102","0","0","-2","81"
"2061","286","268","72","72","-1","-27","10","0","-27","10","38","110","102","0","0","-2","81"
"2062","284","266","74","74","0","-26","8","0","-26","8","38","110","102","0","0","-2","81"
"2063","283","266","70","70","1","-25","12","0","-25","12","38","110","102","0","0","-2","81"
"2064","276","261","78","78","2","-25","2","-2","-25","2","38","110","102","0","0","-2","81"
"2065","277","261","72","72","2","-24","10","-2","-24","10","38","110","102","0","0","-2","81"
"2066","277","261","72","72","2","-24","10","-2","-24","10","38","110","102","0","0","-2","81"
"2067","273","259","74","74","3","-23","8","-3","-23","8","38","110","102","0","0","-2","81"
"2068","270","255","76","76","4","-22","5","-4","-22","5","38","110","102","0","0","-2","81"
"2069","270","255","76","76","4","-22","5","-4","-22","5","38","110","102","0","0","-2","81"
"2070","269","254","73","73","5","-21","9","-5","-21","9","38","110","102","0","0","-2","81"
"2071","265","249","75","75","6","-19","6","-6","-19","6","38","110","102","0","0","-2","81"
"2072","265","249","75","75","6","-19","6","-6","-19","6","38","110","102","0","0","-2","81"
"2073","264","247","74","74","6","-18","8","-6","-18","8","38","110","102","0","0","-2","81"
"2074","262","241","75","75","7","-16","6","-7","-16","6","38","110","102","0","0","-2","81"
"2075","262","241","75","75","7","-16","6","-7","-16","6","38","110","102","0","0","-2","81"
"2076","262","241","75","75","7","-16","6","-7","-16","6","38","110","102","0","0","-2","81"
"2077","259","237","79","79","7","-15","1","-7","-15","0","38","110","102","0","0","-2","81"
"2078","259","236","79","79","7","-15","1","-7","-15","0","38","110","102","0","0","-2","81"
"2079","260","236","75","75","7","-14","6","-7","-14","6","38","110","102","0","0","-2","81"
"2080","260","236","75","75","7","-14","6","-7","-14","6","38","100","102","0","0","-2","81"
"2081","260","234","77","77","7","-13","4","-7","-13","4","38","100","102","0","0","-2","81"
"2082","259","233","78","78","7","-13","2","-7","-13","2","38","100","102","0","0","-2","81"
"2083","259","233","78","78","7","-13","2","-7","-13","2","38","100","102","0","0","-2","81"
"2084","259","233","78","78","7","-13","2","-7","-13","2","38","100","102","0","0","-2","81"
"2085","260","234","76","76","7","-13","5","-7","-13","5","38","100","102","0","0","-2","81"
"2086","262","234","76","76","6","-13","5","-6","-13","5","38","100","102","0","0","-2","81"
"2087","262","234","76","76","6","-13","5","-6","-13","5","38","100","102","0","0","-2","81"
"2088","263","234","74","74","6","-13","8","-6","-13","8","38","100","103","0","0","-3","81"
"2089","262","234","76","76","6","-13","5","-6","-13","5","38","100","103","0","0","-3","81"
"2090","263","233","78","78","6","-13","2","-6","-13","2","38","100","103","0","0","-3","81"
"2091","265","235","75","75","6","-13","6","-6","-13","6","38","100","103","0","0","-3","81"
"2092","265","235","75","75","6","-13","6","-6","-13","6","38","100","103","0","0","-3","81"
"2093","266","235","76","76","5","-14","5","-5","-14","5","38","100","103","0","0","-3","81"
"2094","268","235","74","74","5","-13","8","-5","-13","8","38","100","103","0","0","-3","81"
"2095","268","236","77","77","4","-14","4","-4","-14","4","38","100","103","0","0","-3","81"
"2096","268","236","77","77","4","-14","4","-4","-14","4","38","100","103","0","0","-3","81"
"2097","270","236","76","76","4","-14","5","-4","-14","5","38","100","103","0","0","-3","81"
"2098","271","237","77","77","3","-15","4","-3","-15","4","38","100","103","0","0","-3","81"
"2099","274","238","76","76","2","-15","5","-2","-15","5","38","100","103","0","0","-3","81"
"2100","274","238","76","76","2","-15","5","-2","-15","5","38","100","103","0","0","-3","81"
"2101","275","240","76","76","2","-16","5","-2","-16","5","38","100","103","0","0","-3","81"
"2102","276","242","74","74","2","-16","8","-2","-16","8","38","100","103","0","0","-3","81"
"2103","277","242","74","74","2","-16","8","-2","-16","8","38","100","103","0","0","-3","81"
"2104","277","242","74","74","2","-16","8","-2","-16","8","38","100","103","0","0","-3","81"
"2105","277","242","75","75","2","-16","6","-2","-16","6","38","100","103","0","0","-3","81"
"2106","279","243","73","73","2","-16","9","-2","-16","9","38","100","103","0","0","-3","81"
"2107","279","243","73","73","2","-16","9","-2","-16","9","38","100","103","0","0","-3","81"
"2108","280","243","72","72","1","-16","10","0","-16","10","38","100","103","0","0","-3","81"
"2109","279","242","75","75","1","-16","6","0","-16","6","38","100","103","0","0","-3","81"
"2110","279","242","75","75","1","-16","6","0","-16","6","38","100","103","0","0","-3","81"
"2111","278","240","77","77","1","-16","4","0","-16","4","38","100","103","0","0","-3","81"
"2112","280","241","75","75","1","-16","6","0","-16","6","38","100","103","0","0","-3","81"
"2113","282","242","73","73","1","-16","9","0","-16","9","38","100","103","0","0","-3","81"
"2114","282","242","73","73","1","-16","9","0","-16","9","38","100","103","0","0","-3","81"
"2115","280","239","77","77","1","-15","4","0","-15","4","38","100","103","0","0","-3","81"
"2116","280","239","77","77","1","-15","4","0","-15","4","38","100","103","0","0","-3","81"
"2117","280","238","80","80","0","-16","0","0","-16","0","38","100","103","0","0","-3","81"
"2118","280","238","80","80","0","-16","0","0","-16","0","38","100","103","0","0","-3","81"
"2119","280","238","78","78","0","-15","2","0","-15","2","38","100","103","0","0","-3","81"
"2120","281","238","78","78","0","-15","2","0","-15","2","38","100","103","0","0","-3","81"
"2121","281","238","78","78","0","-15","2","0","-15","2","38","100","103","0","0","-3","81"
"2122","282","237","78","78","0","-15","2","0","-15","2","38","100","103","0","0","-3","81"
"2123","280","235","82","82","0","-15","-2","0","-15","0","38","100","103","0","0","-3","81"
"2124","280","235","82","82","0","-15","-2","0","-15","0","38","100","103","0","0","-3","81"
"2125","280","235","81","81","0","-15","-1","0","-15","0","38","100","103","0","0","-3","81"
"2126","281","236","79","79","0","-15","1","0","-15","0","38","100","103","0","0","-3","81"
"2127","281","234","81","81","0","-14","-1","0","-14","0","38","100","103","0","0","-3","81"
"2128","281","234","81","81","0","-14","-1","0","-14","0","38","100","103","0","0","-3","81"
"2129","282","235","80","80","-1","-15","0","0","-15","0","38","100","103","0","0","-3","81"
"2130","282","235","79","79","0","-14","1","0","-14","0","38","100","104","0","0","-3","81"
"2131","283","235","79","79","-1","-14","1","0","-14","0","38","100","104","0","0","-3","81"
"2132","283","235","79","79","-1","-14","1","0","-14","0","38","100","104","0","0","-3","81"
"2133","281","233","83","83","-1","-14","-4","0","-14","-4","38","100","104","0","0","-3","81"
"2134","282","234","82","82","-1","-15","-2","0","-15","0","38","100","104","0","0","-3","81"
"2135","284","233","81","81","-1","-14","-1","0","-14","0","38","100","104","0","0","-3","81"
"2136","284","233","81","81","-1","-14","-1","0","-14","0","38","100","104","0","0","-3","81"
"2137","285","233","80","80","-2","-14","0","0","-14","0","38","100","104","0","0","-3","81"
"2138","285","232","80","80","-2","-13","0","0","-13","0","38","100","104","0","0","-3","81"
"2139","287","232","78","78","-2","-13","2","0","-13","2","38","100","104","0","0","-3","81"
"2140","287","232","78","78","-2","-13","2","0","-13","2","38","100","104","0","0","-3","81"
"2141","288","230","78","78","-2","-12","2","0","-12","2","38","100","104","0","0","-3","81"
"2142","288","230","78","78","-2","-12","2","0","-12","2","38","100","104","0","0","-3","81"
"2143","289","228","79","79","-2","-11","1","0","-11","0","38","100","104","0","0","-3","82"
"2144","289","228","79","79","-2","-11","1","0","-11","0","38","100","104","0","0","-3","82"
"2145","289","226","80","80","-3","-11","0","3","-11","0","38","100","104","0","0","-3","82"
"2146","289","225","81","81","-3","-10","-1","3","-10","0","38","100","104","0","0","-3","82"
"2147","293","225","79","79","-4","-10","1","4","-10","0","38","100","104","0","0","-3","82"
"2148","293","225","79","79","-4","-10","1","4","-10","0","38","100","104","0","0","-3","82"
"2149","292","223","83","83","-4","-10","-4","4","-10","-4","38","100","104","0","0","-3","82"
"2150","296","222","80","80","-5","-9","0","5","-9","0","38","100","104","0","0","-3","82"
"2151","296","217","81","81","-5","-7","-1","5","-7","0","38","100","104","0","0","-3","82"
"2152","296","217","81","81","-5","-7","-1","5","-7","0","38","100","104","0","0","-3","82"
"2153","298","211","81","81","-6","-5","-1","6","-5","0","38","100","104","0","0","-3","82"
"2154","300","203","82","82","-7","-2","-2","7","0","0","38","100","104","0","0","-3","82"
"2155","301","195","83","83","-7","2","-4","7","2","-4","38","90","104","0","0","-3","82"
"2156","300","183","86","86","-7","6","-8","7","6","-8","38","90","104","0","0","-3","82"
"2157","300","183","86","86","-7","6","-8","7","6","-8","38","90","104","0","0","-3","82"
"2158","301","176","83","83","-7","10","-4","7","10","-4","38","90","104","0","0","-3","82"
"2159","304","165","83","83","-8","14","-4","8","14","-4","38","90","104","0","0","-3","82"
"2160","304","154","83","83","-8","19","-4","8","19","-4","38","90","104","0","0","-3","82"
"2161","304","154","83","83","-8","19","-4","8","19","-4","38","90","104","0","0","-3","82"
"2162","303","144","84","84","-8","22","-5","8","22","-5","38","90","104","0","0","-3","82"
"2163","301","131","90","90","-8","27","-12","8","27","-12","38","90","104","0","0","-3","82"
"2164","302","121","87","87","-8","32","-9","8","32","-9","38","90","104","0","1","-3","82"
"2165","300","109","89","89","-8","36","-11","8","36","-11","38","90","104","0","1","-3","82"
"2166","298","97","92","92","-8","40","-15","8","40","-15","38","90","104","0","1","-3","82"
"2167","295","84","94","94","-7","45","-18","7","45","-18","38","100","105","0","1","-2","82"
"2168","297","75","89","89","-7","50","-11","7","50","-11","38","100","105","0","1","-2","82"
"2169","299","66","83","83","-6","55","-4","6","55","-4","38","100","105","0","1","-2","82"
"2170","299","66","83","83","-6","55","-4","6","55","-4","38","100","105","0","1","-2","82"
"2171","296","55","86","86","-6","59","-8","6","59","-8","38","100","105","0","1","-2","82"
"2172","296","45","83","83","-5","64","-4","5","64","-4","38","100","105","0","1","-2","82"
"2173","295","35","82","82","-5","68","-2","5","68","0","38","100","105","0","1","-2","82"
"2174","294","27","82","82","-5","72","-2","5","72","0","38","100","105","0","1","-2","82"
"2175","293","19","82","82","-4","75","-2","4","75","0","38","100","105","0","1","-2","82"
"2176","291","12","82","82","-4","78","-2","4","78","0","38","100","105","0","1","-2","82"
"2177","291","12","82","82","-4","78","-2","4","78","0","38","100","105","0","1","-2","82"
"2178","291","8","78","78","-3","80","2","3","80","2","38","100","105","0","1","-2","81"
"2179","290","5","76","76","-2","82","5","0","82","5","38","100","105","0","1","-2","81"
"2180","291","4","72","72","-2","83","10","0","83","10","38","100","105","0","1","-2","81"
"2181","290","3","70","70","-2","84","12","0","84","12","38","100","105","0","1","-2","81"
"2182","290","3","68","68","-1","85","15","0","85","15","38","100","105","0","1","-2","81"
"2183","290","3","68","68","-1","85","15","0","85","15","38","100","105","0","1","-2","81"
"2184","289","2","69","69","-1","85","14","0","85","14","38","100","105","0","1","-2","81"
"2185","289","3","69","69","-1","85","14","0","85","14","38","100","105","0","0","-3","81"
"2186","288","4","70","70","-1","84","12","0","84","12","38","100","105","0","0","-3","81"
"2187","286","6","74","74","-1","82","8","0","82","8","38","100","105","0","0","-3","81"
"2188","286","8","74","74","-1","81","8","0","81","8","38","100","105","0","0","-3","81"
"2189","286","8","74","74","-1","81","8","0","81","8","38","110","105","0","0","-3","81"
"2190","285","12","74","74","-1","80","8","0","80","8","38","110","105","0","0","-3","81"
"2191","285","22","74","74","-1","75","8","0","75","8","38","110","105","0","0","-3","81"
"2192","285","22","74","74","-1","75","8","0","75","8","38","110","105","0","0","-3","81"
"2193","282","26","79","79","0","73","1","0","73","0","38","110","105","0","0","-3","81"
"2194","282","26","79","79","0","73","1","0","73","0","38","110","105","0","0","-3","81"
"2195","283","35","75","75","0","70","6","0","70","6","38","110","105","0","0","-3","81"
"2196","285","43","73","73","0","67","9","0","67","9","38","110","105","0","0","-3","81"
"2197","283","50","76","76","0","63","5","0","63","5","38","120","105","0","0","-3","81"
"2198","282","58","75","75","0","60","6","0","60","6","38","120","105","0","0","-3","81"
"2199","282","58","75","75","0","60","6","0","60","6","38","120","105","0","0","-3","81"
"2200","281","66","76","76","0","57","5","0","57","5","38","120","105","0","0","-3","81"
"2201","282","77","74","74","0","52","8","0","52","8","38","130","105","0","0","-2","81"
"2202","281","86","74","74","1","49","8","0","49","8","38","130","105","0","0","-2","81"
"2203","281","95","74","74","1","45","8","0","45","8","38","130","105","0","0","-2","81"
"2204","281","95","74","74","1","45","8","0","45","8","38","130","106","0","0","-2","81"
"2205","280","105","74","74","1","41","8","0","41","8","38","130","106","0","0","-2","81"
"2206","279","114","75","75","1","37","6","0","37","6","38","130","106","0","0","-2","81"
"2207","280","124","74","74","1","33","8","0","33","8","38","130","106","0","0","-2","81"
"2208","278","133","75","75","2","29","6","-2","29","6","38","140","106","0","0","-2","81"
"2209","278","133","75","75","2","29","6","-2","29","6","38","140","106","0","0","-2","81"
"2210","278","141","77","77","1","25","4","0","25","4","38","140","106","0","0","-2","81"
"2211","280","152","74","74","1","21","8","0","21","8","38","140","106","0","0","-2","81"
"2212","280","161","72","72","1","18","10","0","18","10","38","150","106","0","0","-2","81"
"2213","280","161","72","72","1","18","10","0","18","10","38","150","106","0","0","-2","81"
"2214","280","169","73","73","1","15","9","0","15","9","38","150","106","0","0","-2","81"
"2215","280","178","72","72","1","11","10","0","11","10","38","150","106","0","0","-2","81"
"2216","280","185","73","73","1","8","9","0","8","9","38","150","106","0","0","-2","81"
"2217","280","193","73","73","1","5","9","0","5","9","38","150","106","0","0","-2","81"
"2218","280","193","73","73","1","5","9","0","5","9","38","150","106","0","0","-2","81"
"2219","279","200","75","75","1","1","6","0","0","6","38","150","106","0","0","-2","81"
"2220","279","207","73","73","2","-1","9","-2","0","9","38","160","106","0","0","-2","81"
"2221","279","213","73","73","2","-4","9","-2","-4","9","38","160","106","0","0","-2","81"
"2222","279","213","73","73","2","-4","9","-2","-4","9","38","160","106","0","0","-2","81"
"2223","279","218","74","74","1","-6","8","0","-6","8","38","160","106","0","0","-2","81"
"2224","279","224","73","73","2","-8","9","-2","-8","9","38","160","106","0","0","-2","81"
"2225","279","229","72","72","2","-10","10","-2","-10","10","38","160","106","0","0","-2","81"
"2226","279","229","72","72","2","-10","10","-2","-10","10","38","160","106","0","0","-2","81"
"2227","279","234","72","72","2","-12","10","-2","-12","10","38","160","106","0","0","-2","81"
"2228","279","239","70","70","2","-14","12","-2","-14","12","38","170","106","0","0","-2","81"
"2229","279","242","70","70","2","-15","12","-2","-15","12","38","170","106","0","0","-2","81"
"2230","280","245","70","70","2","-17","12","-2","-17","12","38","170","106","0","0","-2","81"
"2231","280","245","70","70","2","-17","12","-2","-17","12","38","170","106","0","0","-2","81"
"2232","278","246","73","73","2","-18","9","-2","-18","9","38","170","106","0","0","-2","81"
"2233","279","248","73","73","2","-18","9","-2","-18","9","38","170","106","0","0","-2","81"
"2234","279","248","73","73","2","-18","9","-2","-18","9","38","170","106","0","0","-2","81"
"2235","278","250","71","71","2","-19","11","-2","-19","11","38","170","106","0","0","-2","81"
"2236","279","252","71","71","2","-20","11","-2","-20","11","38","170","106","0","0","-2","81"
"2237","279","252","71","71","2","-20","11","-2","-20","11","38","170","106","0","0","-2","81"
"2238","278","253","71","71","2","-20","11","-2","-20","11","38","170","106","0","0","-2","81"
"2239","276","252","76","76","2","-21","5","-2","-21","5","38","170","106","0","0","-2","81"
"2240","276","253","77","77","2","-21","4","-2","-21","4","38","170","106","0","0","-2","81"
"2241","276","253","77","77","2","-21","4","-2","-21","4","38","170","106","0","0","-2","81"
"2242","277","254","75","75","2","-21","6","-2","-21","6","38","170","106","0","0","-2","81"
"2243","277","256","72","72","2","-22","10","-2","-22","10","38","170","106","0","0","-2","81"
"2244","277","256","72","72","2","-22","10","-2","-22","10","38","170","106","0","0","-2","81"
"2245","276","255","76","76","2","-22","5","-2","-22","5","38","170","107","0","0","-2","81"
"2246","276","255","75","75","2","-22","6","-2","-22","6","38","170","107","0","0","-2","81"
"2247","274","254","77","77","2","-22","4","-2","-22","4","38","170","107","0","0","-2","81"
"2248","276","256","74","74","2","-22","8","-2","-22","8","38","170","107","0","0","-2","81"
"2249","276","256","74","74","2","-22","8","-2","-22","8","38","170","107","0","0","-2","81"
"2250","275","254","77","77","2","-22","4","-2","-22","4","38","170","107","0","0","-2","81"
"2251","275","254","77","77","2","-22","4","-2","-22","4","38","170","107","0","0","-2","81"
"2252","275","255","75","75","2","-22","6","-2","-22","6","38","170","107","0","0","-2","81"
"2253","275","255","75","75","2","-22","6","-2","-22","6","38","170","107","0","0","-2","81"
"2254","275","255","75","75","2","-22","6","-2","-22","6","38","170","107","0","0","-2","81"
"2255","275","255","75","75","2","-22","6","-2","-22","6","38","170","107","0","0","-2","81"
"2256","276","255","74","74","2","-22","8","-2","-22","8","38","170","107","0","0","-2","81"
"2257","276","254","74","74","2","-21","8","-2","-21","8","38","170","107","0","0","-2","81"
"2258","275","253","74","74","2","-21","8","-2","-21","8","38","170","107","0","0","-3","81"
"2259","275","253","74","74","2","-21","8","-2","-21","8","38","170","107","0","0","-3","81"
"2260","275","253","74","74","2","-21","8","-2","-21","8","38","170","107","0","0","-3","81"
"2261","277","252","72","72","2","-20","10","-2","-20","10","38","170","107","0","0","-3","81"
"2262","275","250","75","75","2","-20","6","-2","-20","6","38","160","107","0","0","-3","81"
"2263","275","250","75","75","2","-20","6","-2","-20","6","38","160","107","0","0","-3","81"
"2264","274","249","76","76","2","-20","5","-2","-20","5","38","160","107","0","0","-3","81"
"2265","275","249","76","76","2","-20","5","-2","-20","5","38","160","107","0","0","-3","81"
"2266","275","249","73","73","3","-19","9","-3","-19","9","38","160","107","0","0","-3","81"
"2267","275","249","73","73","3","-19","9","-3","-19","9","38","160","107","0","0","-3","81"
"2268","274","248","74","74","3","-19","8","-3","-19","8","38","160","107","0","0","-3","81"
"2269","274","246","75","75","3","-18","6","-3","-18","6","38","160","107","0","0","-3","81"
"2270","275","244","76","76","2","-18","5","-2","-18","5","38","160","107","0","0","-3","81"
"2271","273","244","75","75","3","-17","6","-3","-17","6","38","160","107","0","0","-3","81"
"2272","273","244","75","75","3","-17","6","-3","-17","6","38","160","107","0","0","-3","81"
"2273","274","243","74","74","3","-17","8","-3","-17","8","38","160","107","0","0","-3","81"
"2274","274","243","74","74","3","-17","8","-3","-17","8","38","160","107","0","0","-3","81"
"2275","275","243","71","71","3","-16","11","-3","-16","11","38","160","107","0","0","-3","81"
"2276","274","242","73","73","3","-16","9","-3","-16","9","38","160","107","0","0","-3","81"
"2277","273","239","76","76","3","-15","5","-3","-15","5","38","160","107","0","0","-3","81"
"2278","273","239","76","76","3","-15","5","-3","-15","5","38","160","107","0","0","-3","81"
"2279","272","238","76","76","3","-15","5","-3","-15","5","38","160","107","0","0","-3","81"
"2280","271","237","77","77","3","-15","4","-3","-15","4","38","160","107","0","0","-3","81"
"2281","270","236","78","78","3","-15","2","-3","-15","2","38","160","107","0","0","-3","81"
"2282","270","236","78","78","3","-15","2","-3","-15","2","38","160","107","0","0","-3","81"
"2283","272","236","76","76","3","-14","5","-3","-14","5","38","160","107","0","0","-3","81"
"2284","271","234","78","78","3","-14","2","-3","-14","2","38","160","107","0","0","-3","81"
"2285","271","234","78","78","3","-14","2","-3","-14","2","38","160","107","0","0","-3","81"
"2286","270","233","78","78","3","-13","2","-3","-13","2","38","160","107","0","0","-3","81"
"2287","272","234","73","73","4","-12","9","-4","-12","9","38","160","108","0","0","-3","81"
"2288","270","231","76","76","4","-12","5","-4","-12","5","38","160","108","0","0","-3","81"
"2289","270","231","76","76","4","-12","5","-4","-12","5","37","160","108","0","0","-3","81"
"2290","271","232","74","74","4","-12","8","-4","-12","8","37","160","108","0","0","-3","81"
"2291","270","230","76","76","4","-12","5","-4","-12","5","37","160","108","0","0","-3","81"
"2292","270","229","75","75","4","-11","6","-4","-11","6","37","160","108","0","0","-3","81"
"2293","270","229","75","75","4","-11","6","-4","-11","6","37","160","108","0","0","-3","81"
"2294","268","228","76","76","4","-11","5","-4","-11","5","37","160","108","0","0","-3","81"
"2295","269","228","74","74","4","-10","8","-4","-10","8","37","160","108","0","0","-3","81"
"2296","270","227","75","75","4","-10","6","-4","-10","6","37","160","108","0","0","-3","81"
"2297","270","227","75","75","4","-10","6","-4","-10","6","37","160","108","0","0","-3","81"
"2298","269","225","76","76","4","-10","5","-4","-10","5","37","160","108","0","0","-3","81"
"2299","270","225","74","74","4","-9","8","-4","-9","8","37","160","108","0","0","-3","81"
"2300","269","224","74","74","4","-9","8","-4","-9","8","37","160","108","0","0","-3","81"
"2301","269","224","74","74","4","-9","8","-4","-9","8","37","160","108","0","0","-3","81"
"2302","269","223","76","76","4","-9","5","-4","-9","5","37","160","108","0","0","-3","81"
"2303","269","223","74","74","4","-8","8","-4","-8","8","37","160","108","0","0","-3","81"
"2304","269","223","74","74","4","-8","8","-4","-8","8","37","160","108","0","0","-3","81"
"2305","270","223","73","73","4","-8","9","-4","-8","9","37","160","108","0","0","-3","81"
"2306","268","221","75","75","5","-8","6","-5","-8","6","37","160","108","0","0","-3","81"
"2307","269","220","74","74","4","-7","8","-4","-7","8","37","160","108","0","0","-3","81"
"2308","269","220","74","74","4","-7","8","-4","-7","8","37","160","108","0","0","-3","81"
"2309","269","220","74","74","4","-7","8","-4","-7","8","37","160","108","0","0","-3","81"
"2310","269","218","75","75","4","-6","6","-4","-6","6","37","160","108","0","0","-3","81"
"2311","269","216","76","76","4","-6","5","-4","-6","5","37","160","108","0","0","-3","81"
"2312","269","216","76","76","4","-6","5","-4","-6","5","37","160","108","0","0","-3","81"
"2313","269","216","76","76","4","-6","5","-4","-6","5","37","160","108","0","0","-3","81"
"2314","271","217","74","74","4","-6","8","-4","-6","8","37","160","108","0","0","-3","81"
"2315","271","215","78","78","3","-6","2","-3","-6","2","37","160","108","0","0","-3","81"
"2316","271","215","78","78","3","-6","2","-3","-6","2","37","160","108","0","0","-3","81"
"2317","272","215","79","79","3","-6","1","-3","-6","0","37","160","108","0","0","-3","81"
"2318","276","216","76","76","2","-6","5","-2","-6","5","37","160","108","0","0","-3","81"
"2319","277","214","78","78","1","-5","2","0","-5","2","37","160","108","0","0","-3","81"
"2320","277","214","78","78","1","-5","2","0","-5","2","37","160","108","0","0","-3","81"
"2321","278","214","81","81","1","-6","-1","0","-6","0","37","160","108","0","0","-3","81"
"2322","283","214","77","77","0","-5","4","0","-5","4","37","160","108","0","0","-3","81"
"2323","283","214","77","77","0","-5","4","0","-5","4","37","160","108","0","0","-3","81"
"2324","287","214","77","77","-2","-5","4","0","-5","4","37","160","108","0","0","-3","81"
"2325","291","215","75","75","-2","-5","6","0","-5","6","37","160","108","0","0","-3","81"
"2326","294","214","77","77","-4","-5","4","4","-5","4","37","160","108","0","0","-3","81"
"2327","299","213","79","79","-6","-5","1","6","-5","0","37","160","109","0","0","-3","81"
"2328","299","213","79","79","-6","-5","1","6","-5","0","37","160","109","0","0","-3","81"
"2329","304","214","79","79","-7","-5","1","7","-5","0","37","160","109","0","0","-3","81"
"2330","311","214","79","79","-9","-5","1","9","-5","0","37","150","109","0","0","-3","81"
"2331","318","215","78","78","-12","-6","2","12","-6","2","37","150","109","0","0","-3","81"
"2332","327","216","77","77","-14","-6","4","14","-6","4","37","150","109","0","0","-3","81"
"2333","327","216","77","77","-14","-6","4","14","-6","4","37","150","109","0","0","-3","81"
"2334","333","216","78","78","-16","-6","2","16","-6","2","37","150","109","0","0","-3","81"
"2335","342","217","79","79","-19","-7","1","19","-7","0","37","150","109","0","0","-3","81"
"2336","342","217","79","79","-19","-7","1","19","-7","0","37","150","109","0","0","-3","81"
"2337","351","218","79","79","-22","-7","1","22","-7","0","37","150","109","0","0","-3","81"
"2338","360","217","80","80","-25","-7","0","25","-7","0","37","160","109","0","0","-3","82"
"2339","370","217","80","80","-28","-7","0","28","-7","0","37","160","109","0","0","-3","82"
"2340","370","217","80","80","-28","-7","0","28","-7","0","37","160","109","0","0","-3","82"
"2341","380","216","80","80","-31","-7","0","31","-7","0","37","160","109","0","0","-3","82"
"2342","389","216","83","83","-34","-7","-4","34","-7","-4","37","160","109","0","0","-2","82"
"2343","401","217","80","80","-38","-7","0","38","-7","0","37","160","109","0","0","-2","82"
"2344","401","217","80","80","-38","-7","0","38","-7","0","37","160","109","0","0","-2","82"
"2345","411","217","79","79","-41","-7","1","41","-7","0","37","160","109","0","0","-2","82"
"2346","419","217","83","83","-44","-8","-4","44","-8","-4","37","160","109","0","0","-2","82"
"2347","428","217","80","80","-46","-7","0","46","-7","0","37","160","109","0","0","-1","82"
"2348","428","217","80","80","-46","-7","0","46","-7","0","37","160","109","0","0","-1","82"
"2349","435","217","81","81","-48","-7","-1","48","-7","0","37","160","109","0","0","-1","82"
"2350","441","218","81","81","-50","-8","-1","50","-8","0","37","160","109","0","0","-1","82"
"2351","448","219","84","84","-53","-9","-5","53","-9","-5","37","160","109","0","0","0","82"
"2352","448","219","84","84","-53","-9","-5","53","-9","-5","37","160","109","0","0","0","82"
"2353","448","219","84","84","-53","-9","-5","53","-9","-5","37","160","109","0","0","0","82"
"2354","450","217","88","88","-54","-9","-10","54","-9","-10","37","160","109","0","0","0","82"
"2355","454","221","84","84","-55","-10","-5","55","-10","-5","37","160","109","0","0","2","82"
"2356","454","221","84","84","-55","-10","-5","55","-10","-5","37","160","109","0","0","2","82"
"2357","453","220","88","88","-55","-10","-10","55","-10","-10","37","160","109","0","0","2","82"
"2358","456","224","83","83","-55","-10","-4","55","-10","-4","37","160","109","0","0","2","82"
"2359","456","224","83","83","-55","-10","-4","55","-10","-4","37","160","109","0","0","6","82"
"2360","452","222","89","89","-55","-11","-11","55","-11","-11","37","160","109","0","0","6","82"
"2361","447","225","90","90","-54","-12","-12","54","-12","-12","37","160","109","0","0","6","82"
"2362","447","225","90","90","-54","-12","-12","54","-12","-12","37","160","109","0","0","6","82"
"2363","446","226","90","90","-53","-13","-12","53","-13","-12","37","160","109","0","0","6","82"
"2364","444","229","87","87","-52","-13","-9","52","-13","-9","37","160","109","0","0","9","82"
"2365","444","229","87","87","-52","-13","-9","52","-13","-9","37","160","109","0","0","9","82"
"2366","439","230","88","88","-51","-14","-10","51","-14","-10","37","160","109","0","0","9","82"
"2367","433","230","90","90","-49","-15","-12","49","-15","-12","37","160","109","0","0","9","82"
"2368","433","230","90","90","-49","-15","-12","49","-15","-12","37","160","110","0","0","14","82"
"2369","430","229","89","89","-48","-14","-11","48","-14","-11","37","160","110","0","0","14","82"
"2370","425","228","89","89","-47","-13","-11","47","-13","-11","37","160","110","0","0","14","82"
"2371","425","228","89","89","-47","-13","-11","47","-13","-11","37","160","110","0","0","14","82"
"2372","421","227","89","89","-45","-13","-11","45","-13","-11","37","160","110","0","0","14","82"
"2373","416","224","91","91","-44","-12","-14","44","-12","-14","37","150","110","0","1","17","82"
"2374","413","225","89","89","-43","-12","-11","43","-12","-11","37","150","110","0","1","17","82"
"2375","413","225","89","89","-43","-12","-11","43","-12","-11","37","150","110","0","1","17","82"
"2376","409","224","88","88","-42","-12","-10","42","-12","-10","37","150","110","0","1","17","82"
"2377","404","221","92","92","-41","-11","-15","41","-11","-15","37","150","110","0","1","21","82"
"2378","404","221","92","92","-41","-11","-15","41","-11","-15","37","150","110","0","1","21","82"
"2379","401","221","91","91","-39","-11","-14","39","-11","-14","37","150","110","0","1","21","82"
"2380","399","220","91","91","-39","-10","-14","39","-10","-14","37","150","110","0","1","21","82"
"2381","396","220","91","91","-38","-10","-14","38","-10","-14","37","150","110","0","1","21","82"
"2382","396","220","91","91","-38","-10","-14","38","-10","-14","37","150","110","0","1","25","81.5"
"2383","395","221","90","90","-38","-11","-12","38","-11","-12","37","150","110","0","1","25","81.5"
"2384","394","221","91","91","-37","-11","-14","37","-11","-14","37","150","110","0","1","25","81.5"
"2385","394","221","91","91","-37","-11","-14","37","-11","-14","37","150","110","0","1","25","81.5"
"2386","395","223","88","88","-37","-11","-10","37","-11","-10","37","150","110","0","1","28","81.5"
"2387","396","224","87","87","-37","-11","-9","37","-11","-9","37","150","110","0","1","28","81.5"
"2388","396","224","87","87","-37","-11","-9","37","-11","-9","37","150","110","0","1","28","81.5"
"2389","396","224","87","87","-37","-11","-9","37","-11","-9","37","150","110","0","1","28","81.5"
"2390","396","223","87","87","-37","-11","-9","37","-11","-9","37","150","110","0","1","30","81.5"
"2391","397","220","88","88","-38","-10","-10","38","-10","-10","37","150","110","0","1","30","81.5"
"2392","397","220","88","88","-38","-10","-10","38","-10","-10","37","150","110","0","1","30","81.5"
"2393","398","218","88","88","-38","-9","-10","38","-9","-10","37","150","110","0","1","30","81.5"
"2394","400","216","87","87","-38","-8","-9","38","-8","-9","37","150","110","0","1","30","81.5"
"2395","400","213","89","89","-39","-7","-11","39","-7","-11","37","150","110","0","1","33","81.5"
"2396","400","213","89","89","-39","-7","-11","39","-7","-11","37","150","110","0","1","33","81.5"
"2397","401","212","87","87","-39","-6","-9","39","-6","-9","37","150","110","0","1","33","81.5"
"2398","402","211","86","86","-39","-6","-8","39","-6","-8","37","150","110","0","1","33","81.5"
"2399","402","211","86","86","-39","-6","-8","39","-6","-8","37","150","110","0","1","35","81.5"
"2400","403","211","85","85","-39","-5","-6","39","-5","-6","37","150","110","0","1","35","81.5"
"2401","405","210","84","84","-40","-5","-5","40","-5","-5","37","150","110","0","1","35","81.5"
"2402","405","210","84","84","-40","-5","-5","40","-5","-5","37","150","110","0","1","35","81.5"
"2403","404","208","86","86","-40","-5","-8","40","-5","-8","37","150","110","0","1","37","81.5"
"2404","403","206","89","89","-40","-4","-11","40","-4","-11","37","150","110","0","1","37","81.5"
"2405","404","207","86","86","-40","-4","-8","40","-4","-8","37","150","110","0","1","37","81.5"
"2406","404","207","86","86","-40","-4","-8","40","-4","-8","37","150","110","0","1","37","81.5"
"2407","404","206","86","86","-40","-4","-8","40","-4","-8","37","150","110","0","1","40","81.5"
"2408","403","206","86","86","-39","-4","-8","39","-4","-8","37","150","110","0","1","40","81.5"
"2409","399","204","90","90","-39","-4","-12","39","-4","-12","37","150","110","0","1","40","81.5"
"2410","403","206","82","82","-39","-3","-2","39","-3","0","37","150","111","0","1","42","81.5"
"2411","401","205","83","83","-38","-2","-4","38","0","-4","37","150","111","0","1","42","81.5"
"2412","399","205","83","83","-38","-2","-4","38","0","-4","37","150","111","0","1","42","81.5"
"2413","399","205","83","83","-38","-2","-4","38","0","-4","37","150","111","0","1","42","81.5"
"2414","400","204","81","81","-38","-2","-1","38","0","0","37","150","111","0","1","44","81.5"
"2415","400","205","80","80","-38","-2","0","38","0","0","37","150","111","0","1","44","81.5"
"2416","400","204","80","80","-38","-2","0","38","0","0","37","150","111","0","1","44","81.5"
"2417","402","205","78","78","-38","-2","2","38","0","2","37","150","111","0","1","44","81.5"
"2418","400","204","81","81","-38","-2","-1","38","0","0","37","150","111","0","0","47","81.5"
"2419","401","205","78","78","-38","-2","2","38","0","2","37","150","111","0","0","47","81.5"
"2420","401","205","78","78","-38","-2","2","38","0","2","37","150","111","0","0","47","81.5"
"2421","401","205","79","79","-38","-2","1","38","0","0","37","150","111","0","0","49","82"
"2422","403","206","77","77","-38","-2","4","38","0","4","37","150","111","0","0","49","82"
"2423","404","208","75","75","-38","-2","6","38","0","6","37","150","111","0","0","49","82"
"2424","405","208","76","76","-38","-2","5","38","0","5","37","150","111","0","0","49","82"
"2425","405","208","79","79","-39","-3","1","39","-3","0","37","150","111","0","0","51","82"
"2426","405","208","79","79","-39","-3","1","39","-3","0","37","150","111","0","0","51","82"
"2427","409","207","79","79","-40","-2","1","40","0","0","37","150","111","0","0","51","82"
"2428","412","208","77","77","-41","-2","4","41","0","4","37","150","111","0","0","53","82"
"2429","414","208","75","75","-41","-2","6","41","0","6","37","150","111","0","0","53","82"
"2430","418","209","71","71","-42","-2","11","42","0","11","37","150","111","0","0","53","82"
"2431","420","208","72","72","-42","-2","10","42","0","10","37","150","111","0","0","53","82"
"2432","420","208","72","72","-42","-2","10","42","0","10","37","150","111","0","0","55","82"
"2433","420","204","74","74","-43","0","8","43","0","8","37","150","111","0","0","55","82"
"2434","420","204","74","74","-43","0","8","43","0","8","37","150","111","0","0","55","82"
"2435","419","204","74","74","-42","0","8","42","0","8","37","150","111","0","0","55","82"
"2436","420","205","72","72","-42","0","10","42","0","10","37","150","111","0","0","58","82"
"2437","416","203","77","77","-42","0","4","42","0","4","37","150","111","0","0","58","82"
"2438","416","203","74","74","-42","0","8","42","0","8","37","150","111","0","0","58","82"
"2439","413","204","74","74","-41","0","8","41","0","8","37","150","111","0","0","60","82"
"2440","410","204","75","75","-40","0","6","40","0","6","37","150","111","0","0","63","82"
"2441","406","203","75","75","-38","0","6","38","0","6","37","150","111","0","0","63","82"
"2442","401","202","78","78","-38","0","2","38","0","2","37","150","111","0","0","63","82"
"2443","398","203","78","78","-37","-1","2","37","0","2","37","150","112","0","0","66","82"
"2444","393","204","78","78","-35","-1","2","35","0","2","37","150","112","0","0","66","82"
"2445","388","203","78","78","-33","-1","2","33","0","2","37","150","112","0","0","66","82"
"2446","383","202","78","78","-32","0","2","32","0","2","37","150","112","0","0","68","82"
"2447","377","201","79","79","-30","0","1","30","0","0","37","150","112","0","0","68","82"
"2448","370","201","78","78","-28","0","2","28","0","2","37","150","112","0","0","68","82"
"2449","366","201","79","79","-27","0","1","27","0","0","37","150","112","0","0","71","82"
"2450","365","201","78","78","-26","0","2","26","0","2","37","150","112","0","0","71","82"
"2451","360","201","80","80","-25","0","0","25","0","0","37","150","112","0","0","71","82"
"2452","358","201","79","79","-24","0","1","24","0","0","37","150","112","0","0","71","82"
"2453","358","202","75","75","-23","0","6","23","0","6","37","150","112","0","0","73","81"
"2454","357","202","76","76","-23","0","5","23","0","5","37","150","112","0","0","73","81"
"2455","357","204","75","75","-23","0","6","23","0","6","37","150","112","0","0","73","81"
"2456","357","205","76","76","-23","-1","5","23","0","5","37","150","112","0","0","76","81"
"2457","359","205","77","77","-24","-1","4","24","0","4","37","150","112","0","0","78","81"
"2458","363","206","77","77","-25","-2","4","25","0","4","37","150","112","0","0","78","81"
"2459","365","205","81","81","-27","-2","-1","27","0","0","37","150","112","0","0","79","81"
"2460","374","206","79","79","-29","-2","1","29","0","0","37","150","112","0","0","79","81"
"2461","380","208","76","76","-31","-2","5","31","0","5","37","150","112","0","0","79","81"
"2462","382","206","79","79","-32","-2","1","32","0","0","37","150","112","0","0","80","81"
"2463","384","205","82","82","-33","-2","-2","33","0","0","37","150","112","0","0","80","81"
"2464","390","205","82","82","-35","-2","-2","35","0","0","37","150","112","0","0","80","81"
"2465","395","204","83","83","-36","-2","-4","36","0","-4","37","150","112","0","0","82","81"
"2466","399","204","82","82","-38","-2","-2","38","0","0","37","150","112","0","0","82","81"
"2467","311","266","124","124","-17","-37","-55","17","-37","-55","37","150","112","0","0","82","81"
"2468","401","204","83","83","-38","-2","-4","38","0","-4","37","150","113","0","0","84","81"
"2469","402","205","84","84","-39","-3","-5","39","-3","-5","37","150","113","0","0","84","81"
"2470","403","205","88","88","-40","-4","-10","40","-4","-10","37","150","113","0","0","86","81"
"2471","403","207","87","87","-39","-4","-9","39","-4","-9","37","150","113","0","0","86","81"
"2472","401","209","87","87","-39","-5","-9","39","-5","-9","37","150","113","0","0","86","81"
"2473","400","210","86","86","-38","-5","-8","38","-5","-8","37","150","113","0","1","87","81"
"2474","396","212","86","86","-37","-6","-8","37","-6","-8","37","150","113","0","1","87","81"
"2475","393","212","87","87","-36","-6","-9","36","-6","-9","37","150","113","0","1","90","81"
"2476","393","213","86","86","-36","-7","-8","36","-7","-8","37","150","113","0","1","90","81"
"2477","392","212","87","87","-36","-6","-9","36","-6","-9","37","150","113","0","1","90","81"
"2478","385","212","88","88","-34","-7","-10","34","-7","-10","37","150","113","0","1","92","82"
"2479","381","212","89","89","-33","-7","-11","33","-7","-11","37","150","113","0","1","92","82"
"2480","378","212","88","88","-32","-7","-10","32","-7","-10","37","150","113","0","1","94","82"
"2481","373","214","89","89","-30","-8","-11","30","-8","-11","37","150","113","0","1","94","82"
"2482","370","215","89","89","-29","-8","-11","29","-8","-11","37","150","113","0","1","94","82"
"2483","366","213","94","94","-29","-8","-18","29","-8","-18","37","150","113","0","1","97","82"
"2484","365","214","95","95","-29","-9","-19","29","-9","-19","37","150","113","0","1","97","82"
"2485","363","216","98","98","-29","-10","-22","29","-10","-22","37","150","113","0","1","98","82"
"2486","362","216","98","98","-28","-10","-22","28","-10","-22","37","150","113","0","1","98","82"
"2487","365","218","100","100","-30","-12","-25","30","-12","-25","37","150","113","0","1","100","82"
"2488","370","220","98","98","-31","-12","-22","31","-12","-22","37","150","113","0","1","100","82"
"2489","371","221","98","98","-31","-12","-22","31","-12","-22","37","150","113","0","1","100","82"
"2490","380","224","96","96","-34","-13","-20","34","-13","-20","37","150","113","0","1","102","82"
"2491","387","225","94","94","-36","-13","-18","36","-13","-18","37","150","113","0","1","102","82"
"2492","388","223","98","98","-37","-13","-22","37","-13","-22","37","150","114","0","2","103","82"
"2493","395","225","95","95","-38","-13","-19","38","-13","-19","37","150","114","0","2","103","82"
"2494","404","224","98","98","-42","-14","-22","42","-14","-22","37","150","114","0","2","103","82"
"2495","408","223","99","99","-43","-13","-24","43","-13","-24","37","150","114","0","2","105","82"
"2496","208","254","54","54","27","-17","32","-27","-17","32","37","150","114","0","2","105","82"
"2497","414","224","99","99","-45","-14","-24","45","-14","-24","37","150","114","0","2","105","82"
"2498","416","224","104","104","-46","-15","-30","46","-15","-30","36","150","114","0","2","107","82"
"2499","425","226","103","103","-49","-15","-29","49","-15","-29","36","150","114","0","2","107","82"
"2500","428","228","105","105","-50","-17","-31","50","-17","-31","36","150","114","0","2","107","82"
"2501","431","230","103","103","-51","-17","-29","51","-17","-29","36","150","114","0","2","110","82"
"2502","433","232","107","107","-52","-19","-34","52","-19","-34","36","150","114","0","2","110","82"
"2503","434","232","102","102","-52","-18","-28","52","-18","-28","36","150","114","0","2","113","81"
"2504","432","230","105","105","-51","-18","-31","51","-18","-31","36","150","114","0","2","113","81"
"2505","430","228","107","107","-51","-17","-34","51","-17","-34","36","150","114","0","2","113","81"
"2506","428","226","105","105","-50","-16","-31","50","-16","-31","36","150","114","0","3","116","81"
"2507","426","224","105","105","-49","-15","-31","49","-15","-31","36","150","114","0","3","116","81"
"2508","421","220","101","101","-47","-12","-26","47","-12","-26","36","150","114","0","3","116","81"
"2509","415","216","103","103","-46","-11","-29","46","-11","-29","36","150","114","0","3","120","81"
"2510","406","212","99","99","-42","-9","-24","42","-9","-24","36","150","114","0","3","120","81"
"2511","406","212","99","99","-42","-9","-24","42","-9","-24","36","150","114","0","3","124","81"
"2512","399","211","100","100","-40","-9","-25","40","-9","-25","36","150","114","0","3","124","81"
"2513","395","208","100","100","-39","-8","-25","39","-8","-25","36","150","114","0","3","124","81"
"2514","390","208","96","96","-37","-7","-20","37","-7","-20","36","150","114","0","3","127","81"
"2515","386","206","98","98","-36","-6","-22","36","-6","-22","36","150","114","0","3","127","81"
"2516","383","205","95","95","-34","-5","-19","34","-5","-19","36","150","114","0","3","127","81"
"2517","379","202","99","99","-34","-5","-24","34","-5","-24","36","150","114","0","3","127","81"
"2518","377","201","97","97","-33","-4","-21","33","-4","-21","36","150","114","0","3","129","81"
"2519","377","201","97","97","-33","-4","-21","33","-4","-21","36","150","114","0","3","129","81"
"2520","378","200","95","95","-33","-3","-19","33","-3","-19","36","150","114","0","3","129","81"
"2521","376","198","95","95","-32","-2","-19","32","0","-19","36","150","115","0","2","132","81"
"2522","380","198","92","92","-33","-2","-15","33","0","-15","36","150","115","0","2","132","81"
"2523","383","196","88","88","-33","0","-10","33","0","-10","36","150","115","0","2","132","81"
"2524","383","193","90","90","-34","1","-12","34","0","-12","36","150","115","0","1","133","81"
"2525","387","192","86","86","-34","2","-8","34","2","-8","36","150","115","0","1","133","81"
"2526","389","188","86","86","-35","4","-8","35","4","-8","36","150","115","0","1","133","81"
"2527","389","184","88","88","-35","5","-10","35","5","-10","36","150","115","0","1","133","81"
"2528","392","182","86","86","-36","6","-8","36","6","-8","36","150","115","0","1","135","81"
"2529","392","180","86","86","-36","7","-8","36","7","-8","36","150","115","0","1","135","81"
"2530","392","180","86","86","-36","7","-8","36","7","-8","36","150","115","0","1","135","81"
"2531","393","179","83","83","-36","8","-4","36","8","-4","36","150","115","0","0","136","81"
"2532","393","176","83","83","-36","10","-4","36","10","-4","36","150","115","0","0","136","81"
"2533","393","175","81","81","-35","10","-1","35","10","0","36","150","115","0","0","136","81"
"2534","392","174","81","81","-35","11","-1","35","11","0","36","150","115","0","0","138","81.5"
"2535","390","174","81","81","-34","11","-1","34","11","0","36","150","115","0","0","138","81.5"
"2536","388","175","79","79","-33","11","1","33","11","0","36","150","115","0","0","138","81.5"
"2537","384","174","80","80","-32","11","0","32","11","0","36","150","115","0","0","138","81.5"
"2538","381","175","79","79","-31","11","1","31","11","0","36","150","115","0","0","140","81.5"
"2539","378","175","76","76","-30","11","5","30","11","5","36","150","115","0","0","140","81.5"
"2540","378","175","76","76","-30","11","5","30","11","5","36","150","115","0","0","140","81.5"
"2541","375","176","75","75","-29","11","6","29","11","6","36","150","115","0","0","142","81.5"
"2542","372","177","74","74","-28","11","8","28","11","8","36","150","115","0","0","142","81.5"
"2543","365","178","72","72","-25","11","10","25","11","10","36","150","115","0","0","142","81.5"
"2544","365","178","72","72","-25","11","10","25","11","10","36","150","115","0","0","142","81.5"
"2545","363","178","70","70","-24","11","12","24","11","12","36","150","115","0","0","143","81.5"
"2546","360","177","71","71","-23","12","11","23","12","11","36","150","115","0","0","143","81.5"
"2547","360","177","71","71","-23","12","11","23","12","11","36","150","115","0","0","143","81.5"
"2548","358","177","69","69","-22","12","14","22","12","14","36","150","115","0","0","143","81.5"
"2549","358","177","68","68","-22","12","15","22","12","15","36","150","115","0","0","145","81.5"
"2550","356","177","69","69","-22","12","14","22","12","14","36","150","115","0","0","145","81.5"
"2551","356","178","68","68","-22","12","15","22","12","15","36","150","115","0","0","145","81.5"
"2552","355","178","68","68","-22","12","15","22","12","15","36","150","115","0","0","146","81.5"
"2553","358","181","65","65","-22","11","19","22","11","19","36","150","115","0","0","146","81.5"
"2554","360","183","62","62","-22","11","22","22","11","22","36","150","115","0","0","146","81.5"
"2555","360","183","62","62","-22","11","22","22","11","22","36","150","115","0","0","146","81.5"
"2556","361","182","63","63","-22","11","21","22","11","21","36","150","116","0","-1","147","81.5"
"2557","362","181","63","63","-23","12","21","23","12","21","36","150","116","0","-1","148","81.5"
"2558","363","181","63","63","-23","12","21","23","12","21","36","150","116","0","-1","148","81.5"
"2559","364","181","63","63","-23","12","21","23","12","21","36","150","116","0","-1","148","81.5"
"2560","364","180","62","62","-23","12","22","23","12","22","36","150","116","0","-1","148","81.5"
"2561","364","180","62","62","-23","12","22","23","12","22","36","150","116","0","-1","149","81.5"
"2562","364","179","62","62","-23","12","22","23","12","22","36","150","116","0","-1","149","81.5"
"2563","363","177","64","64","-23","13","20","23","13","20","36","150","116","0","-1","149","81.5"
"2564","364","178","60","60","-23","13","25","23","13","25","36","150","116","0","-1","149","81.5"
"2565","364","178","59","59","-23","14","26","23","14","26","36","150","116","0","-2","149","81.5"
"2566","361","176","61","61","-22","14","24","22","14","24","36","150","116","0","-2","149","81.5"
"2567","361","176","61","61","-22","14","24","22","14","24","36","150","116","0","-2","149","81.5"
"2568","360","176","60","60","-22","14","25","22","14","25","36","150","116","0","-2","149","81.5"
"2569","359","176","58","58","-21","15","28","21","15","28","36","150","116","0","-2","149","81.5"
"2570","358","176","58","58","-21","15","28","21","15","28","36","150","116","0","-2","150","81.5"
"2571","358","176","58","58","-21","15","28","21","15","28","36","150","116","0","-2","150","81.5"
"2572","356","177","57","57","-20","15","29","20","15","29","36","150","116","0","-2","150","81.5"
"2573","353","177","59","59","-19","14","26","19","14","26","36","150","116","0","-2","150","81.5"
"2574","351","178","58","58","-19","14","28","19","14","28","36","150","116","0","-2","151","81.5"
"2575","347","178","60","60","-18","13","25","18","13","25","36","150","116","0","-2","151","81.5"
"2576","344","178","60","60","-17","13","25","17","13","25","36","150","116","0","-2","152","81.5"
"2577","342","180","59","59","-16","13","26","16","13","26","36","150","116","0","-2","152","81.5"
"2578","342","180","59","59","-16","13","26","16","13","26","36","150","116","0","-2","152","81.5"
"2579","336","181","58","58","-14","12","28","14","12","28","36","150","116","0","-2","152","81.5"
"2580","336","181","58","58","-14","12","28","14","12","28","36","150","116","0","-2","152","81.5"
"2581","334","181","57","57","-13","13","29","13","13","29","36","150","116","0","-2","152","81.5"
"2582","330","182","59","59","-12","12","26","12","12","26","36","150","116","0","-2","152","81.5"
"2583","330","182","59","59","-12","12","26","12","12","26","36","150","116","0","-2","152","81.5"
"2584","328","183","58","58","-12","12","28","12","12","28","36","150","116","0","-2","152","81.5"
"2585","325","183","59","59","-11","12","26","11","12","26","36","150","116","0","-2","153","81.5"
"2586","323","184","57","57","-10","12","29","10","12","29","36","150","116","0","-2","153","81.5"
"2587","321","185","58","58","-9","11","28","9","11","28","36","150","116","0","-2","153","81.5"
"2588","321","185","58","58","-9","11","28","9","11","28","36","150","116","0","-2","153","81.5"
"2589","319","186","58","58","-9","10","28","9","10","28","36","150","116","0","-2","153","81.5"
"2590","317","187","60","60","-8","10","25","8","10","25","36","150","116","0","-2","153","81.5"
"2591","317","189","58","58","-8","9","28","8","9","28","36","150","117","0","-2","153","81.5"
"2592","316","190","60","60","-8","8","25","8","8","25","36","150","117","0","-2","153","81.5"
"2593","316","190","60","60","-8","8","25","8","8","25","36","150","117","0","-2","153","81.5"
"2594","317","191","60","60","-8","8","25","8","8","25","36","150","117","0","-2","153","81.5"
"2595","317","193","59","59","-8","8","26","8","8","26","36","150","117","0","-1","153","81.5"
"2596","317","195","58","58","-8","7","28","8","7","28","36","150","117","0","-1","153","81.5"
"2597","314","194","61","61","-8","7","24","8","7","24","36","150","117","0","-1","153","81.5"
"2598","314","194","61","61","-8","7","24","8","7","24","36","150","117","0","-1","153","81.5"
"2599","314","196","61","61","-8","6","24","8","6","24","36","160","117","0","-1","154","81.5"
"2600","312","196","62","62","-7","5","22","7","5","22","36","160","117","0","-1","154","81.5"
"2601","312","199","58","58","-7","5","28","7","5","28","36","160","117","0","-1","154","81.5"
"2602","312","199","58","58","-7","5","28","7","5","28","36","160","117","0","-1","154","81.5"
"2603","311","199","61","61","-7","5","24","7","5","24","36","160","117","0","-1","154","81.5"
"2604","310","201","61","61","-6","4","24","6","4","24","36","160","117","0","-1","154","81.5"
"2605","311","203","58","58","-6","3","28","6","3","28","36","160","117","0","-1","154","81.5"
"2606","309","203","61","61","-6","3","24","6","3","24","36","160","117","0","-1","154","81.5"
"2607","306","203","62","62","-5","2","22","5","2","22","36","160","117","0","-1","154","81.5"
"2608","305","204","61","61","-5","2","24","5","2","24","36","160","117","0","-1","154","81.5"
"2609","302","204","63","63","-4","2","21","4","2","21","36","160","117","0","-1","154","81.5"
"2610","302","204","63","63","-4","2","21","4","2","21","36","160","117","0","-1","155","81.5"
"2611","301","205","61","61","-3","2","24","3","2","24","36","160","117","0","-1","155","81.5"
"2612","298","206","62","62","-3","1","22","3","0","22","36","160","117","0","-1","155","81.5"
"2613","296","207","62","62","-2","1","22","0","0","22","36","160","117","0","-1","155","81.5"
"2614","293","208","63","63","-1","0","21","0","0","21","36","160","117","0","-1","156","81.5"
"2615","293","208","63","63","-1","0","21","0","0","21","36","160","117","0","-1","156","81.5"
"2616","289","210","63","63","0","0","21","0","0","21","36","160","117","0","-1","156","81.5"
"2617","289","210","63","63","0","0","21","0","0","21","36","160","117","0","0","156","81.5"
"2618","287","210","64","64","0","-1","20","0","0","20","36","160","117","0","0","156","81.5"
"2619","284","211","65","65","1","-1","19","0","0","19","36","160","117","0","0","156","81.5"
"2620","284","211","65","65","1","-1","19","0","0","19","36","160","117","0","0","156","81.5"
"2621","282","212","64","64","2","-2","20","-2","0","20","36","160","117","0","0","157","81.5"
"2622","282","213","63","63","2","-2","21","-2","0","21","36","160","117","0","0","157","81.5"
"2623","277","213","67","67","3","-2","16","-3","0","16","36","160","117","0","0","157","81.5"
"2624","276","214","66","66","3","-3","18","-3","-3","18","36","160","117","0","0","157","81.5"
"2625","274","216","65","65","4","-3","19","-4","-3","19","36","160","117","0","0","157","81.5"
"2626","269","214","71","71","5","-4","11","-5","-4","11","36","160","117","0","0","157","81.5"
"2627","269","214","71","71","5","-4","11","-5","-4","11","36","160","117","0","0","157","81.5"
"2628","268","216","69","69","6","-4","14","-6","-4","14","36","160","118","0","0","157","81.5"
"2629","267","217","68","68","6","-5","15","-6","-5","15","36","160","118","0","0","157","81.5"
"2630","264","217","69","69","7","-5","14","-7","-5","14","36","160","118","0","0","157","81.5"
"2631","262","218","71","71","7","-5","11","-7","-5","11","36","160","118","0","0","157","81.5"
"2632","261","219","71","71","8","-6","11","-8","-6","11","36","160","118","0","0","158","81.5"
"2633","259","220","72","72","8","-7","10","-8","-7","10","36","160","118","0","0","158","81.5"
"2634","257","221","74","74","8","-8","8","-8","-8","8","36","160","118","0","0","158","81.5"
"2635","257","221","74","74","8","-8","8","-8","-8","8","36","160","118","0","0","158","81.5"
"2636","256","222","74","74","8","-8","8","-8","-8","8","36","160","118","0","0","158","81.5"
"2637","257","224","73","73","8","-8","9","-8","-8","9","36","160","118","0","0","158","81.5"
"2638","256","224","77","77","8","-9","4","-8","-9","4","36","160","118","0","0","158","81.5"
"2639","258","226","74","74","8","-10","8","-8","-10","8","36","160","118","0","0","157","81.5"
"2640","258","227","76","76","8","-10","5","-8","-10","5","36","160","118","0","0","157","81.5"
"2641","257","228","78","78","8","-11","2","-8","-11","2","36","160","118","0","0","157","81.5"
"2642","262","231","75","75","7","-12","6","-7","-12","6","36","160","118","0","0","157","82"
"2643","262","231","78","78","6","-12","2","-6","-12","2","36","160","118","0","0","157","82"
"2644","262","231","78","78","6","-12","2","-6","-12","2","36","160","118","0","0","157","82"
"2645","263","232","79","79","6","-13","1","-6","-13","0","36","160","118","0","0","157","82"
"2646","264","234","81","81","5","-14","-1","-5","-14","0","36","160","118","0","1","157","82"
"2647","267","236","80","80","4","-15","0","-4","-15","0","36","160","118","0","1","157","82"
"2648","268","237","84","84","3","-16","-5","-3","-16","-5","36","160","118","0","1","157","82"
"2649","270","239","85","85","2","-17","-6","-2","-17","-6","36","160","118","0","1","156","82"
"2650","274","245","88","88","1","-20","-10","0","-20","-10","36","160","118","0","1","156","82"
"2651","274","245","88","88","1","-20","-10","0","-20","-10","36","160","118","0","1","156","82"
"2652","278","248","87","87","0","-21","-9","0","-21","-9","36","160","118","0","1","156","82"
"2653","278","250","90","90","-1","-23","-12","0","-23","-12","36","160","118","0","1","156","82"
"2654","279","251","97","97","-2","-25","-21","0","-25","-21","36","160","118","0","1","156","82"
"2655","283","257","93","93","-3","-26","-16","3","-26","-16","36","160","118","0","1","156","82"
"2656","283","258","98","98","-4","-28","-22","4","-28","-22","36","160","118","0","1","156","82"
"2657","283","258","98","98","-4","-28","-22","4","-28","-22","36","160","118","0","1","156","82"
"2658","283","259","101","101","-4","-29","-26","4","-29","-26","36","160","118","0","1","156","82"
"2659","284","260","103","103","-5","-30","-29","5","-30","-29","36","160","118","0","1","156","82"
"2660","287","263","101","101","-5","-30","-26","5","-30","-26","36","160","118","0","1","156","82"
"2661","286","262","107","107","-6","-31","-34","6","-31","-34","36","160","118","0","1","156","82"
"2662","289","265","105","105","-7","-32","-31","7","-32","-31","36","160","118","0","1","156","82"
"2663","289","265","105","105","-7","-32","-31","7","-32","-31","36","160","119","0","2","156","82"
"2664","289","265","109","109","-7","-33","-36","7","-33","-36","36","160","119","0","2","156","82"
"2665","290","268","109","109","-8","-34","-36","8","-34","-36","36","160","119","0","2","156","82"
"2666","289","265","114","114","-8","-34","-42","8","-34","-42","35","160","119","0","3","156","82"
"2667","291","266","116","116","-9","-35","-45","9","-35","-45","35","160","119","0","3","156","82"
"2668","290","268","116","116","-9","-36","-45","9","-36","-45","35","160","119","0","3","156","82"
"2669","290","268","116","116","-9","-36","-45","9","-36","-45","35","160","119","0","3","156","82"
"2670","293","270","116","116","-10","-37","-45","10","-37","-45","35","150","119","0","4","156","82"
"2671","292","267","122","122","-10","-37","-52","10","-37","-52","35","150","119","0","4","156","82"
"2672","290","265","126","126","-10","-37","-57","10","-37","-57","35","150","119","0","4","156","82"
"2673","290","265","126","126","-10","-37","-57","10","-37","-57","35","150","119","0","4","156","82"
"2674","291","264","128","128","-11","-37","-60","11","-37","-60","35","150","119","0","5","156","82"
"2675","299","270","118","118","-12","-37","-48","12","-37","-48","35","150","119","0","5","156","82"
"2676","295","265","126","126","-12","-37","-57","12","-37","-57","35","150","119","0","5","156","82"
"2677","295","265","126","126","-12","-37","-57","12","-37","-57","35","150","119","0","5","156","82"
"2678","299","268","125","125","-13","-38","-56","13","-38","-56","35","150","119","0","6","157","81.5"
"2679","298","268","131","131","-13","-39","-64","13","-39","-64","35","150","119","0","6","157","81.5"
"2680","300","270","134","134","-15","-40","-68","15","-40","-68","35","150","119","0","6","157","81.5"
"2681","301","273","134","134","-15","-42","-68","15","-42","-68","35","150","119","0","6","157","81.5"
"2682","304","277","135","135","-16","-43","-69","16","-43","-69","35","150","119","0","8","157","81.5"
"2683","304","277","135","135","-16","-43","-69","16","-43","-69","35","150","119","0","8","157","81.5"
"2684","304","279","137","137","-16","-45","-71","16","-45","-71","35","150","119","0","8","157","81.5"
"2685","307","283","136","136","-17","-46","-70","17","-46","-70","35","150","119","0","8","157","81.5"
"2686","307","283","136","136","-17","-46","-70","17","-46","-70","35","150","119","0","8","158","81.5"
"2687","310","282","136","136","-18","-46","-70","18","-46","-70","35","150","119","0","8","158","81.5"
"2688","310","282","136","136","-18","-46","-70","18","-46","-70","35","150","119","0","8","158","81.5"
"2689","312","277","136","136","-19","-44","-70","19","-44","-70","35","150","119","0","8","158","81.5"
"2690","309","267","142","142","-19","-41","-78","19","-41","-78","35","150","119","0","8","158","81.5"
"2691","309","267","142","142","-19","-41","-78","19","-41","-78","35","150","119","0","8","158","81.5"
"2692","312","264","137","137","-19","-38","-71","19","-38","-71","35","150","119","0","8","158","81.5"
"2693","311","256","137","137","-18","-35","-71","18","-35","-71","35","150","119","0","8","158","81.5"
"2694","308","250","136","136","-18","-32","-70","18","-32","-70","35","140","119","0","8","159","81.5"
"2695","308","250","136","136","-18","-32","-70","18","-32","-70","35","140","119","0","8","159","81.5"
"2696","304","241","138","138","-17","-29","-72","17","-29","-72","35","140","119","0","8","159","81.5"
"2697","302","234","133","133","-15","-25","-66","15","-25","-66","35","140","119","0","8","159","81.5"
"2698","297","226","135","135","-14","-22","-69","14","-22","-69","35","140","119","0","7","160","81.5"
"2699","293","219","134","134","-12","-19","-68","12","-19","-68","35","140","119","0","7","160","81.5"
"2700","293","219","134","134","-12","-19","-68","12","-19","-68","35","140","119","0","7","160","81.5"
"2701","288","212","131","131","-10","-15","-64","10","-15","-64","35","140","119","0","7","160","81.5"
"2702","283","203","130","130","-9","-12","-62","9","-12","-62","35","140","120","0","7","161","81.5"
"2703","279","197","126","126","-7","-8","-57","7","-8","-57","35","140","120","0","7","161","81.5"
"2704","279","197","126","126","-7","-8","-57","7","-8","-57","35","140","120","0","7","161","81.5"
"2705","273","188","127","127","-5","-5","-59","5","-5","-59","35","140","120","0","7","162","81.5"
"2706","270","183","120","120","-3","-1","-50","3","0","-50","35","140","120","0","7","162","81.5"
"2707","266","176","117","117","-1","2","-46","0","2","-46","35","140","120","0","7","162","81.5"
"2708","262","171","112","112","1","5","-40","0","5","-40","35","140","120","0","7","162","81.5"
"2709","254","163","114","114","3","8","-42","-3","8","-42","35","130","120","0","7","162","81.5"
"2710","249","157","111","111","5","12","-39","-5","12","-39","35","130","120","0","7","162","81.5"
"2711","249","157","111","111","5","12","-39","-5","12","-39","35","130","120","0","7","162","81.5"
"2712","244","151","109","109","7","15","-36","-7","15","-36","35","130","120","0","7","162","81.5"
"2713","238","142","111","111","8","18","-39","-8","18","-39","35","130","120","0","7","162","81.5"
"2714","233","136","111","111","10","20","-39","-10","20","-39","35","130","120","0","7","162","81.5"
"2715","229","133","108","108","12","22","-35","-12","22","-35","35","130","120","0","7","162","81.5"
"2716","225","128","106","106","13","25","-32","-13","25","-32","35","130","120","0","7","162","81.5"
"2717","224","126","105","105","14","26","-31","-14","26","-31","35","130","120","0","7","162","81.5"
"2718","223","125","100","100","15","27","-25","-15","27","-25","35","130","120","0","7","162","81.5"
"2719","221","121","101","101","15","29","-26","-15","29","-26","35","130","120","0","7","162","81.5"
"2720","220","119","99","99","16","30","-24","-16","30","-24","35","130","120","0","7","162","81.5"
"2721","222","119","94","94","16","31","-18","-16","31","-18","35","130","120","0","7","162","81.5"
"2722","225","119","90","90","16","32","-12","-16","32","-12","35","130","120","0","7","162","81.5"
"2723","225","119","90","90","16","32","-12","-16","32","-12","35","130","120","0","3","162","81.5"
"2724","228","119","86","86","15","32","-8","-15","32","-8","35","130","120","0","3","162","81.5"
"2725","230","115","83","83","15","35","-4","-15","35","-4","35","130","120","0","3","162","81.5"
"2726","234","103","81","81","14","40","-1","-14","40","0","35","130","120","0","3","162","81.5"
"2727","235","90","80","80","14","46","0","-14","46","0","35","130","120","0","1","161","81.5"
"2728","235","88","81","81","14","47","-1","-14","47","0","35","130","120","0","1","161","81.5"
"2729","241","90","76","76","13","47","5","-13","47","5","35","130","120","0","1","161","81.5"
"2730","245","90","76","76","12","47","5","-12","47","5","35","130","120","0","0","160","81.5"
"2731","249","93","71","71","11","47","11","-11","47","11","35","130","120","0","0","160","81.5"
"2732","251","92","73","73","10","47","9","-10","47","9","35","130","120","0","0","160","81.5"
"2733","256","95","67","67","10","47","16","-10","47","16","35","130","121","0","-2","160","81.5"
"2734","257","98","66","66","9","45","18","-9","45","18","35","130","121","0","-2","160","81.5"
"2735","262","99","63","63","8","46","21","-8","46","21","35","130","121","0","-2","160","81.5"
"2736","271","103","61","61","6","45","24","-6","45","24","35","130","121","0","-1","159","81.5"
"2737","274","105","60","60","5","44","25","-5","44","25","35","130","121","0","-1","159","81.5"
"2738","278","106","60","60","4","43","25","-4","43","25","35","130","121","0","-1","159","81.5"
"2739","278","106","60","60","4","43","25","-4","43","25","35","130","121","0","-1","159","81.5"
"2740","283","110","57","57","3","42","29","-3","42","29","35","130","121","0","-1","159","81.5"
"2741","285","111","58","58","2","42","28","-2","42","28","35","130","121","0","-1","159","81.5"
"2742","292","117","56","56","0","40","30","0","40","30","35","130","121","0","-2","158","81.5"
"2743","295","120","55","55","-1","39","31","0","39","31","35","130","121","0","-2","158","81.5"
"2744","295","120","55","55","-1","39","31","0","39","31","35","130","121","0","-2","158","81.5"
"2745","298","124","55","55","-2","37","31","0","37","31","35","140","121","0","-3","158","82"
"2746","300","126","55","55","-2","36","31","0","36","31","35","140","121","0","-3","158","82"
"2747","302","130","54","54","-3","35","32","3","35","32","35","140","121","0","-3","158","82"
"2748","303","135","54","54","-3","32","32","3","32","32","35","140","121","0","-4","158","82"
"2749","304","138","53","53","-3","32","34","3","32","34","35","140","121","0","-4","158","82"
"2750","302","140","54","54","-3","30","32","3","30","32","35","140","121","0","-4","158","82"
"2751","302","141","55","55","-3","30","31","3","30","31","35","140","121","0","-4","158","82"
"2752","303","143","53","53","-3","30","34","3","30","34","35","140","121","0","-4","158","82"
"2753","302","145","53","53","-2","29","34","0","29","34","35","140","121","0","-4","158","82"
"2754","302","145","53","53","-2","29","34","0","29","34","35","150","121","0","-4","158","82"
"2755","304","147","50","50","-3","28","38","3","28","38","35","150","121","0","-4","158","82"
"2756","300","153","53","53","-2","25","34","0","25","34","35","150","121","0","-4","158","82"
"2757","300","158","52","52","-2","23","35","0","23","35","35","150","121","0","-4","158","82"
"2758","302","162","50","50","-2","22","38","0","22","38","35","150","121","0","-4","158","82"
"2759","302","162","50","50","-2","22","38","0","22","38","35","150","121","0","-4","158","82"
"2760","299","166","51","51","-1","20","36","0","20","36","35","150","121","0","-4","158","82"
"2761","299","168","52","52","-2","19","35","0","19","35","35","150","121","0","-4","158","82"
"2762","299","169","52","52","-2","19","35","0","19","35","35","150","122","0","-4","158","82"
"2763","297","171","54","54","-1","18","32","0","18","32","35","150","122","0","-4","158","82"
"2764","299","174","50","50","-1","17","38","0","17","38","35","150","122","0","-4","158","82"
"2765","300","178","47","47","-1","16","41","0","16","41","35","160","122","0","-3","158","82"
"2766","298","178","51","51","-1","15","36","0","15","36","35","160","122","0","-3","158","82"
"2767","297","180","50","50","-1","15","38","0","15","38","35","160","122","0","-3","158","82"
"2768","298","184","48","48","-1","13","40","0","13","40","35","160","122","0","-3","158","82"
"2769","296","184","49","49","0","13","39","0","13","39","35","160","122","0","-3","158","82"
"2770","296","186","50","50","0","12","38","0","12","38","35","160","122","0","-3","158","82"
"2771","295","187","50","50","0","12","38","0","12","38","35","160","122","0","-3","158","82"
"2772","295","188","52","52","0","11","35","0","11","35","35","160","122","0","-3","158","82"
"2773","295","191","50","50","0","10","38","0","10","38","35","160","122","0","-3","158","82"
"2774","294","192","51","51","0","10","36","0","10","36","35","160","122","0","-3","158","82"
"2775","294","193","51","51","0","9","36","0","9","36","35","160","122","0","-3","158","82"
"2776","294","195","50","50","0","8","38","0","8","38","35","160","122","0","-3","158","82"
"2777","294","197","50","50","0","8","38","0","8","38","35","160","122","0","-3","158","82"
"2778","292","197","52","52","1","7","35","0","7","35","35","160","122","0","-3","158","82"
"2779","295","201","49","49","0","6","39","0","6","39","35","160","122","0","-3","158","82"
"2780","294","201","51","51","0","6","36","0","6","36","35","160","122","0","-3","158","82"
"2781","292","204","52","52","1","4","35","0","4","35","35","160","122","0","-3","158","82"
"2782","292","204","52","52","1","4","35","0","4","35","35","160","122","0","-3","158","82"
"2783","289","203","56","56","1","4","30","0","4","30","35","160","122","0","-3","158","82"
"2784","289","204","55","55","1","4","31","0","4","31","35","160","122","0","-3","158","82"
"2785","289","204","55","55","1","4","31","0","4","31","35","160","122","0","-3","158","82"
"2786","290","206","54","54","1","3","32","0","3","32","35","160","122","0","-3","158","82"
"2787","289","208","56","56","1","2","30","0","2","30","35","160","122","0","-3","158","82"
"2788","290","210","55","55","1","1","31","0","0","31","35","160","122","0","-2","158","82"
"2789","290","211","55","55","1","1","31","0","0","31","35","160","122","0","-2","158","82"
"2790","287","210","59","59","1","0","26","0","0","26","35","160","122","0","-2","158","82"
"2791","288","213","57","57","1","0","29","0","0","29","35","160","122","0","-2","158","82"
"2792","287","214","57","57","2","-1","29","-2","0","29","35","160","122","0","-2","158","82"
"2793","285","212","60","60","2","-1","25","-2","0","25","35","160","122","0","-2","158","82"
"2794","284","213","61","61","2","-1","24","-2","0","24","35","160","122","0","-2","158","82"
"2795","284","213","61","61","2","-1","24","-2","0","24","35","160","123","0","-1","158","82"
"2796","283","215","61","61","2","-2","24","-2","0","24","35","160","123","0","-1","158","82"
"2797","283","216","61","61","2","-2","24","-2","0","24","35","160","123","0","-1","158","82"
"2798","282","216","62","62","2","-3","22","-2","-3","22","35","160","123","0","-1","158","82"
"2799","282","218","62","62","2","-4","22","-2","-4","22","35","160","123","0","-1","158","82"
"2800","279","218","66","66","2","-5","18","-2","-5","18","35","160","123","0","-1","158","82"
"2801","279","220","66","66","2","-5","18","-2","-5","18","35","160","123","0","-1","158","82"
"2802","277","221","66","66","3","-6","18","-3","-6","18","35","160","123","0","-1","158","82"
"2803","279","223","65","65","3","-6","19","-3","-6","19","35","160","123","0","-1","158","82"
"2804","279","223","65","65","3","-6","19","-3","-6","19","35","160","123","0","-1","158","82"
"2805","278","225","66","66","3","-8","18","-3","-8","18","35","160","123","0","0","158","82"
"2806","277","227","67","67","3","-8","16","-3","-8","16","35","160","123","0","0","158","82"
"2807","277","227","67","67","3","-8","16","-3","-8","16","35","160","123","0","0","158","82"
"2808","277","228","70","70","2","-10","12","-2","-10","12","35","160","123","0","0","158","82"
"2809","277","230","69","69","3","-10","14","-3","-10","14","35","160","123","0","0","158","82"
"2810","275","230","74","74","2","-11","8","-2","-11","8","35","160","123","0","0","158","82"
"2811","276","233","72","72","2","-12","10","-2","-12","10","35","160","123","0","0","158","82"
"2812","276","234","72","72","2","-12","10","-2","-12","10","35","160","123","0","0","158","82"
"2813","275","234","72","72","3","-12","10","-3","-12","10","35","160","123","0","0","158","82"
"2814","275","234","72","72","3","-12","10","-3","-12","10","35","160","123","0","0","158","82"
"2815","276","238","72","72","2","-14","10","-2","-14","10","35","160","123","0","0","158","82"
"2816","276","238","72","72","2","-14","10","-2","-14","10","35","160","123","0","0","158","82"
"2817","275","237","77","77","2","-15","4","-2","-15","4","35","160","123","0","0","158","82"
"2818","277","241","72","72","2","-15","10","-2","-15","10","35","160","123","0","0","158","82"
"2819","275","241","77","77","2","-16","4","-2","-16","4","35","160","123","0","1","158","82"
"2820","273","243","79","79","2","-18","1","-2","-18","0","35","160","123","0","1","159","82"
"2821","275","246","77","77","2","-18","4","-2","-18","4","35","160","123","0","1","159","82"
"2822","273","244","81","81","2","-18","-1","-2","-18","0","35","160","123","0","1","159","82"
"2823","275","249","78","78","2","-20","2","-2","-20","2","35","160","123","0","1","159","82"
"2824","277","251","78","78","1","-21","2","0","-21","2","35","160","123","0","1","159","82"
"2825","278","257","91","91","-1","-26","-14","0","-26","-14","35","160","124","0","2","160","82"
"2826","275","256","93","93","0","-26","-16","0","-26","-16","35","160","125","0","1","160","82"
"2827","276","254","93","93","-1","-25","-16","0","-25","-16","35","160","125","0","1","160","82"
"2828","275","252","93","93","0","-24","-16","0","-24","-16","35","160","125","0","1","160","82"
"2829","275","252","93","93","0","-24","-16","0","-24","-16","35","160","125","0","1","160","82"
"2830","275","252","93","93","0","-24","-16","0","-24","-16","35","160","125","0","1","160","82"
"2831","275","252","93","93","0","-24","-16","0","-24","-16","35","160","125","0","1","160","82"
"2832","275","252","93","93","0","-24","-16","0","-24","-16","35","160","125","0","1","160","82"
"2833","272","250","96","96","0","-24","-20","0","-24","-20","35","160","125","0","1","160","82"
"2834","272","251","91","91","1","-23","-14","0","-23","-14","35","160","125","0","1","160","82"
"2835","268","248","96","96","1","-23","-20","0","-23","-20","35","160","125","0","1","160","82"
"2836","268","248","96","96","1","-23","-20","0","-23","-20","35","160","125","0","1","160","82"
"2837","268","248","96","96","1","-23","-20","0","-23","-20","35","160","125","0","1","160","82"
"2838","268","248","96","96","1","-23","-20","0","-23","-20","35","160","125","0","1","160","82"
"2839","268","248","96","96","1","-23","-20","0","-23","-20","35","160","125","0","1","160","82"
"2840","269","250","91","91","2","-23","-14","-2","-23","-14","35","160","125","0","1","160","82"
"2841","269","250","91","91","2","-23","-14","-2","-23","-14","35","160","125","0","1","160","82"
"2842","269","250","91","91","2","-23","-14","-2","-23","-14","35","160","125","0","1","160","82"
"2843","269","250","91","91","2","-23","-14","-2","-23","-14","35","160","125","0","1","160","82"
"2844","271","247","88","88","2","-21","-10","-2","-21","-10","35","160","125","0","2","159","81.5"
"2845","271","247","88","88","2","-21","-10","-2","-21","-10","35","160","125","0","2","159","81.5"
"2846","269","245","89","89","2","-20","-11","-2","-20","-11","35","160","125","0","2","159","81.5"
"2847","268","239","91","91","2","-18","-14","-2","-18","-14","35","160","125","0","2","159","81.5"
"2848","268","239","91","91","2","-18","-14","-2","-18","-14","35","160","125","0","2","160","81.5"
"2849","271","241","86","86","2","-18","-8","-2","-18","-8","35","160","125","0","2","160","81.5"
"2850","270","239","86","86","2","-18","-8","-2","-18","-8","35","160","125","0","2","160","81.5"
"2851","271","238","85","85","2","-17","-6","-2","-17","-6","35","160","125","0","1","160","81.5"
"2852","270","235","86","86","2","-16","-8","-2","-16","-8","35","160","125","0","1","160","81.5"
"2853","270","235","84","84","2","-15","-5","-2","-15","-5","35","160","125","0","1","160","81.5"
"2854","270","232","84","84","2","-14","-5","-2","-14","-5","35","160","125","0","1","160","81.5"
"2855","270","232","84","84","2","-14","-5","-2","-14","-5","35","150","125","0","1","160","81.5"
"2856","270","231","84","84","2","-14","-5","-2","-14","-5","35","150","125","0","1","160","81.5"
"2857","271","230","83","83","2","-13","-4","-2","-13","-4","35","150","125","0","1","160","81.5"
"2858","271","227","85","85","2","-12","-6","-2","-12","-6","35","150","126","0","0","160","81.5"
"2859","271","227","82","82","2","-12","-2","-2","-12","0","35","150","126","0","0","160","81.5"
"2860","272","223","84","84","2","-10","-5","-2","-10","-5","35","150","126","0","0","160","81.5"
"2861","272","223","84","84","2","-10","-5","-2","-10","-5","35","150","126","0","0","160","81.5"
"2862","270","223","84","84","2","-10","-5","-2","-10","-5","35","150","126","0","0","160","81.5"
"2863","269","219","85","85","3","-9","-6","-3","-9","-6","35","150","126","0","0","160","81.5"
"2864","269","218","84","84","3","-8","-5","-3","-8","-5","35","150","126","0","0","160","81.5"
"2865","269","216","84","84","3","-8","-5","-3","-8","-5","34","150","126","0","0","160","81.5"
"2866","270","214","84","84","2","-7","-5","-2","-7","-5","34","150","126","0","0","160","81.5"
"2867","268","213","84","84","3","-6","-5","-3","-6","-5","34","150","126","0","0","160","81.5"
"2868","269","212","82","82","3","-5","-2","-3","-5","0","34","150","126","0","0","160","81.5"
"2869","268","209","81","81","4","-4","-1","-4","-4","0","34","150","126","0","0","160","81.5"
"2870","269","208","79","79","4","-3","1","-4","-3","0","34","150","126","0","0","160","81.5"
"2871","268","204","83","83","3","-2","-4","-3","0","-4","34","150","126","0","0","160","81.5"
"2872","267","203","82","82","4","-2","-2","-4","0","0","34","150","126","0","0","160","81.5"
"2873","267","203","82","82","4","-2","-2","-4","0","0","34","150","126","0","0","160","81.5"
"2874","268","203","80","80","4","-1","0","-4","0","0","34","150","126","0","0","160","81.5"
"2875","266","201","81","81","4","0","-1","-4","0","0","34","150","126","0","0","160","81.5"
"2876","266","200","81","81","4","0","-1","-4","0","0","34","150","126","0","0","159","82.5"
"2877","267","201","79","79","4","0","1","-4","0","0","34","150","126","0","0","159","82.5"
"2878","264","197","80","80","5","1","0","-5","0","0","34","150","126","0","0","159","82.5"
"2879","265","197","80","80","5","1","0","-5","0","0","34","150","126","0","0","159","82.5"
"2880","264","196","82","82","5","1","-2","-5","0","0","34","150","126","0","0","159","82.5"
"2881","262","195","80","80","6","2","0","-6","2","0","34","150","126","0","0","159","82.5"
"2882","262","195","80","80","6","2","0","-6","2","0","34","150","126","0","0","159","82.5"
"2883","262","195","80","80","6","2","0","-6","2","0","34","150","126","0","0","159","82.5"
"2884","262","196","78","78","6","2","2","-6","2","2","34","150","126","0","0","159","82.5"
"2885","259","196","78","78","7","2","2","-7","2","2","34","150","126","0","0","159","82.5"
"2886","255","194","80","80","8","2","0","-8","2","0","34","150","126","0","0","159","82.5"
"2887","254","197","76","76","9","2","5","-9","2","5","34","150","126","0","0","159","82.5"
"2888","250","195","80","80","9","2","0","-9","2","0","34","150","126","0","0","159","82.5"
"2889","244","196","76","76","12","2","5","-12","2","5","34","150","126","0","0","158","82.5"
"2890","237","194","79","79","14","3","1","-14","3","0","34","150","126","0","0","158","82.5"
"2891","232","195","80","80","15","2","0","-15","2","0","34","150","126","0","0","158","82.5"
"2892","226","196","77","77","18","2","4","-18","2","4","34","150","127","0","0","158","82.5"
"2893","219","197","78","78","19","2","2","-19","2","2","34","150","127","0","0","158","82.5"
"2894","219","197","78","78","19","2","2","-19","2","2","34","150","127","0","0","158","82.5"
"2895","212","199","78","78","22","1","2","-22","0","2","34","150","127","0","0","158","82.5"
"2896","202","199","79","79","25","1","1","-25","0","0","34","150","127","0","0","157","82.5"
"2897","193","200","78","78","28","0","2","-28","0","2","34","150","127","0","0","157","82.5"
"2898","183","201","80","80","30","0","0","-30","0","0","34","150","127","0","0","157","82.5"
"2899","173","199","79","79","34","1","1","-34","0","0","34","150","127","0","0","156","82.5"
"2900","161","197","83","83","37","1","-4","-37","0","-4","34","150","127","0","0","156","82.5"
"2901","152","198","80","80","40","1","0","-40","0","0","34","150","127","0","0","156","82.5"
"2902","141","195","82","82","43","2","-2","-43","2","0","34","150","127","0","0","155","82.5"
"2903","132","194","83","83","46","2","-4","-46","2","-4","34","150","127","0","0","155","82.5"
"2904","126","193","81","81","48","3","-1","-48","3","0","34","150","127","0","0","155","82.5"
"2905","118","189","84","84","50","4","-5","-50","4","-5","34","150","127","0","0","153","82.5"
"2906","112","188","83","83","52","5","-4","-52","5","-4","34","150","127","0","0","153","82.5"
"2907","109","187","82","82","53","5","-2","-53","5","0","34","150","127","0","0","153","82.5"
"2908","106","185","84","84","54","5","-5","-54","5","-5","34","150","127","0","0","151","81.5"
"2909","105","186","82","82","54","5","-2","-54","5","0","34","150","127","0","0","151","81.5"
"2910","104","184","87","87","54","5","-9","-54","5","-9","34","150","127","0","0","151","81.5"
"2911","106","184","87","87","53","5","-9","-53","5","-9","34","150","127","0","0","147","81.5"
"2912","110","186","85","85","52","5","-6","-52","5","-6","34","150","127","0","0","147","81.5"
"2913","122","187","82","82","49","5","-2","-49","5","0","34","150","127","0","0","147","81.5"
"2914","122","187","82","82","49","5","-2","-49","5","0","34","150","127","0","0","143","81.5"
"2915","129","187","84","84","47","5","-5","-47","5","-5","34","150","127","0","0","143","81.5"
"2916","138","185","85","85","44","5","-6","-44","5","-6","34","150","127","0","0","143","81.5"
"2917","147","186","84","84","41","5","-5","-41","5","-5","34","150","127","0","0","143","81.5"
"2918","155","185","83","83","39","6","-4","-39","6","-4","34","150","127","0","0","140","81.5"
"2919","155","185","83","83","39","6","-4","-39","6","-4","34","150","127","0","0","140","81.5"
"2920","164","185","82","82","36","6","-2","-36","6","0","34","150","127","0","0","140","81.5"
"2921","171","184","82","82","34","6","-2","-34","6","0","34","150","127","0","0","140","81.5"
"2922","179","184","83","83","31","6","-4","-31","6","-4","34","150","127","0","0","136","81.5"
"2923","184","184","83","83","30","6","-4","-30","6","-4","34","150","127","0","0","136","81.5"
"2924","188","185","83","83","28","6","-4","-28","6","-4","34","150","127","0","0","136","81.5"
"2925","192","186","82","82","27","5","-2","-27","5","0","34","150","128","0","0","133","81.5"
"2926","195","187","82","82","26","5","-2","-26","5","0","34","150","128","0","0","133","81.5"
"2927","196","188","82","82","26","5","-2","-26","5","0","34","150","128","0","0","133","81.5"
"2928","196","188","82","82","26","5","-2","-26","5","0","34","150","128","0","0","131","81.5"
"2929","194","191","82","82","27","3","-2","-27","3","0","34","150","128","0","0","131","81.5"
"2930","191","193","82","82","28","2","-2","-28","2","0","34","150","128","0","0","131","81.5"
"2931","186","195","81","81","29","2","-1","-29","2","0","34","150","128","0","0","129","81.5"
"2932","180","195","82","82","31","2","-2","-31","2","0","34","150","128","0","0","129","81.5"
"2933","172","194","85","85","33","2","-6","-33","2","-6","34","150","128","0","0","129","81.5"
"2934","165","195","84","84","35","1","-5","-35","0","-5","34","150","128","0","0","129","81.5"
"2935","160","194","85","85","37","2","-6","-37","2","-6","34","150","128","0","0","128","81.5"
"2936","154","193","84","84","39","2","-5","-39","2","-5","34","150","128","0","0","126","81.5"
"2937","150","191","83","83","40","3","-4","-40","3","-4","34","150","128","0","0","126","81.5"
"2938","143","188","85","85","42","4","-6","-42","4","-6","34","150","128","0","0","126","81.5"
"2939","139","188","83","83","44","5","-4","-44","5","-4","34","150","128","0","0","126","81.5"
"2940","134","186","85","85","45","5","-6","-45","5","-6","34","150","128","0","0","126","81.5"
"2941","130","186","84","84","46","5","-5","-46","5","-5","34","150","128","0","0","125","82"
"2942","129","187","80","80","47","5","0","-47","5","0","34","150","128","0","0","125","82"
"2943","125","186","81","81","48","6","-1","-48","6","0","34","150","128","0","0","125","82"
"2944","123","187","82","82","49","5","-2","-49","5","0","34","150","128","0","0","122","82"
"2945","124","190","81","81","49","4","-1","-49","4","0","34","150","128","0","0","119","82"
"2946","124","190","81","81","49","4","-1","-49","4","0","34","150","128","0","0","119","82"
"2947","127","191","77","77","48","5","4","-48","5","4","34","150","128","0","0","119","82"
"2948","129","192","76","76","48","4","5","-48","4","5","34","150","128","0","0","119","82"
"2949","132","191","75","75","47","5","6","-47","5","6","34","150","128","0","0","116","82"
"2950","132","191","75","75","47","5","6","-47","5","6","34","150","128","0","0","116","82"
"2951","134","189","76","76","46","5","5","-46","5","5","34","150","128","0","0","116","82"
"2952","137","186","76","76","45","7","5","-45","7","5","34","150","128","0","0","113","82"
"2953","142","185","75","75","44","8","6","-44","8","6","34","150","128","0","0","113","82"
"2954","145","182","78","78","42","8","2","-42","8","2","34","150","128","0","0","113","82"
"2955","149","180","78","78","41","9","2","-41","9","2","34","150","129","0","0","110","82"
"2956","155","179","76","76","40","10","5","-40","10","5","34","150","129","0","0","110","82"
"2957","161","180","72","72","38","10","10","-38","10","10","34","150","129","0","0","110","82"
"2958","164","179","74","74","37","10","8","-37","10","8","34","150","129","0","0","107","82"
"2959","169","180","73","73","36","10","9","-36","10","9","34","150","129","0","0","107","82"
"2960","172","181","70","70","35","10","12","-35","10","12","34","150","129","0","0","107","82"
"2961","10","106","50","50","89","45","38","-89","45","38","34","150","129","0","0","104","82"
"2962","175","182","71","71","34","10","11","-34","10","11","34","150","129","0","0","104","82"
"2963","178","183","70","70","33","9","12","-33","9","12","34","150","129","0","0","104","82"
"2964","51","107","47","47","77","46","41","-77","46","41","34","150","129","0","0","104","82"
"2965","180","183","70","70","33","9","12","-33","9","12","34","150","129","0","0","104","82"
"2966","182","183","69","69","32","10","14","-32","10","14","34","150","129","0","0","102","82"
"2967","182","182","68","68","32","10","15","-32","10","15","34","150","129","0","0","102","82"
"2968","183","180","69","69","32","11","14","-32","11","14","34","150","129","0","0","102","82"
"2969","184","178","68","68","32","12","15","-32","12","15","34","150","129","0","0","100","82"
"2970","186","177","67","67","32","12","16","-32","12","16","34","150","129","0","0","100","82"
"2971","189","174","68","68","30","13","15","-30","13","15","34","150","129","0","0","100","82"
"2972","191","174","67","67","30","14","16","-30","14","16","34","150","129","0","0","98","81.5"
"2973","194","174","66","66","29","14","18","-29","14","18","34","150","129","0","0","98","81.5"
"2974","196","174","67","67","28","14","16","-28","14","16","34","150","129","0","0","96","81.5"
"2975","198","174","64","64","28","14","20","-28","14","20","34","150","129","0","0","96","81.5"
"2976","204","175","63","63","27","14","21","-27","14","21","34","150","129","0","0","96","81.5"
"2977","204","175","63","63","27","14","21","-27","14","21","34","150","129","0","0","95","81.5"
"2978","209","176","64","64","25","13","20","-25","13","20","34","150","129","0","0","95","81.5"
"2979","212","176","62","62","24","14","22","-24","14","22","34","150","129","0","0","93","81.5"
"2980","214","176","63","63","23","14","21","-23","14","21","34","150","129","0","0","93","81.5"
"2981","216","175","60","60","23","15","25","-23","15","25","34","150","129","0","0","93","81.5"
"2982","216","174","63","63","23","15","21","-23","15","21","34","150","129","0","-1","92","81.5"
"2983","216","174","63","63","23","15","21","-23","15","21","34","150","129","0","-1","92","81.5"
"2984","215","174","63","63","23","15","21","-23","15","21","34","150","130","0","-1","91","81.5"
"2985","214","175","62","62","23","14","22","-23","14","22","34","150","130","0","-1","91","81.5"
"2986","212","178","59","59","25","14","26","-25","14","26","34","150","130","0","-1","91","81.5"
"2987","209","179","60","60","25","13","25","-25","13","25","34","150","130","0","-1","90","81.5"
"2988","207","180","60","60","26","12","25","-26","12","25","34","150","130","0","-1","90","81.5"
"2989","204","179","61","61","27","13","24","-27","13","24","34","150","130","0","-1","89","81.5"
"2990","201","178","62","62","28","13","22","-28","13","22","34","150","130","0","-1","89","81.5"
"2991","200","178","63","63","28","13","21","-28","13","21","34","150","130","0","-1","89","81.5"
"2992","200","178","63","63","28","13","21","-28","13","21","34","150","130","0","-1","88","81.5"
"2993","200","179","61","61","28","13","24","-28","13","24","34","150","130","0","-1","88","81.5"
"2994","201","179","61","61","28","13","24","-28","13","24","34","150","130","0","-1","86","81.5"
"2995","205","180","61","61","27","12","24","-27","12","24","34","150","130","0","-1","86","81.5"
"2996","208","180","61","61","26","12","24","-26","12","24","34","150","130","0","-1","85","82"
"2997","212","180","61","61","24","12","24","-24","12","24","34","150","130","0","-1","85","82"
"2998","221","181","60","60","22","12","25","-22","12","25","34","150","130","0","-1","85","82"
"2999","227","182","60","60","20","12","25","-20","12","25","34","160","130","0","-1","83","82"
"3000","241","182","59","59","16","12","26","-16","12","26","34","160","130","0","-1","83","82"
"3001","241","182","59","59","16","12","26","-16","12","26","34","160","130","0","-1","83","82"
"3002","246","181","63","63","13","12","21","-13","12","21","34","160","130","0","-1","82","82"
"3003","255","182","62","62","11","11","22","-11","11","22","34","160","130","0","-1","82","82"
"3004","273","185","60","60","5","10","25","-5","10","25","34","160","130","0","-1","80","82"
"3005","280","185","61","61","3","10","24","-3","10","24","34","160","130","0","-1","80","82"
"3006","288","186","60","60","1","10","25","0","10","25","34","160","130","0","-1","80","82"
"3007","294","187","61","61","-1","10","24","0","10","24","34","160","130","0","-1","80","82"
"3008","302","188","60","60","-4","9","25","4","9","25","34","160","130","0","-1","80","82"
"3009","307","188","60","60","-5","9","25","5","9","25","34","160","130","0","-1","80","82"
"3010","312","189","59","59","-7","9","26","7","9","26","34","160","131","0","-1","79","82"
"3011","318","191","58","58","-8","8","28","8","8","28","34","160","131","0","-1","79","82"
"3012","323","192","56","56","-10","8","30","10","8","30","34","160","131","0","-1","79","82"
"3013","326","190","58","58","-11","9","28","11","9","28","33","160","131","0","0","79","82"
"3014","328","191","58","58","-12","8","28","12","8","28","33","160","131","0","0","79","82"
"3015","332","190","56","56","-12","9","30","12","9","30","33","160","131","0","0","79","82"
"3016","333","191","55","55","-12","9","31","12","9","31","33","160","131","0","0","79","82"
"3017","332","190","58","58","-13","9","28","13","9","28","33","160","131","0","0","79","82"
"3018","333","191","56","56","-13","9","30","13","9","30","33","160","131","0","0","79","82"
"3019","333","191","58","58","-13","8","28","13","8","28","33","160","131","0","-1","79","82"
"3020","335","192","56","56","-13","8","30","13","8","30","33","160","131","0","-1","79","82"
"3021","334","192","57","57","-13","8","29","13","8","29","33","160","131","0","-1","80","82"
"3022","334","194","55","55","-13","8","31","13","8","31","33","160","131","0","-1","80","82"
"3023","334","194","56","56","-13","8","30","13","8","30","33","160","131","0","-1","80","82"
"3024","335","196","55","55","-13","7","31","13","7","31","33","160","131","0","-1","80","82.5"
"3025","333","196","55","55","-12","7","31","12","7","31","33","160","131","0","-1","80","82.5"
"3026","332","196","56","56","-12","7","30","12","7","30","33","160","131","0","-1","80","82.5"
"3027","331","197","55","55","-12","7","31","12","7","31","33","160","131","0","-1","80","82.5"
"3028","327","195","57","57","-11","7","29","11","7","29","33","160","131","0","-1","80","82.5"
"3029","327","195","57","57","-11","7","29","11","7","29","33","160","131","0","-1","80","82.5"
"3030","324","195","58","58","-10","7","28","10","7","28","33","160","131","0","-1","80","82.5"
"3031","320","195","61","61","-9","6","24","9","6","24","33","160","131","0","-1","80","82.5"
"3032","321","197","60","60","-10","5","25","10","5","25","33","160","131","0","-1","80","82.5"
"3033","320","197","59","59","-9","6","26","9","6","26","33","160","131","0","-1","81","82.5"
"3034","319","198","59","59","-9","5","26","9","5","26","33","160","131","0","-1","81","82.5"
"3035","317","197","61","61","-8","5","24","8","5","24","33","160","131","0","-1","81","82.5"
"3036","317","197","61","61","-8","5","24","8","5","24","33","160","131","0","-1","81","82.5"
"3037","317","198","58","58","-8","5","28","8","5","28","33","160","131","0","-1","81","82.5"
"3038","315","197","63","63","-8","5","21","8","5","21","33","160","132","0","-1","81","82.5"
"3039","316","198","59","59","-8","5","26","8","5","26","33","160","132","0","-1","81","82.5"
"3040","316","198","60","60","-8","5","25","8","5","25","33","160","132","0","-1","81","82.5"
"3041","316","198","60","60","-8","5","25","8","5","25","33","160","132","0","-1","81","82.5"
"3042","316","198","60","60","-8","5","25","8","5","25","33","160","132","0","-1","81","82.5"
"3043","316","198","60","60","-8","5","25","8","5","25","33","160","132","0","-1","81","82.5"
"3044","316","197","62","62","-8","5","22","8","5","22","33","160","132","0","-1","81","82.5"
"3045","316","197","62","62","-8","5","22","8","5","22","33","160","132","0","-1","81","82.5"
"3046","320","197","64","64","-10","5","20","10","5","20","33","160","132","0","0","81","82.5"
"3047","320","197","64","64","-10","5","20","10","5","20","33","160","132","0","0","81","82.5"
"3048","320","197","64","64","-10","5","20","10","5","20","33","160","132","0","0","81","82.5"
"3049","325","197","64","64","-12","5","20","12","5","20","33","160","132","0","0","81","82.5"
"3050","332","199","62","62","-13","4","22","13","4","22","33","160","132","0","0","81","82.5"
"3051","332","199","62","62","-13","4","22","13","4","22","33","160","132","0","0","81","82.5"
"3052","338","200","60","60","-15","4","25","15","4","25","33","160","132","0","0","81","82.5"
"3053","343","199","61","61","-17","5","24","17","5","24","33","160","132","0","0","82","82"
"3054","345","200","61","61","-17","4","24","17","4","24","33","160","132","0","0","82","82"
"3055","350","201","62","62","-19","3","22","19","3","22","33","160","132","0","0","82","82"
"3056","351","200","63","63","-19","4","21","19","4","21","33","160","132","0","0","82","82"
"3057","352","199","63","63","-20","4","21","20","4","21","33","160","132","0","0","82","82"
"3058","353","200","62","62","-20","4","22","20","4","22","33","160","132","0","0","82","82"
"3059","353","199","66","66","-21","3","18","21","3","18","33","160","132","0","0","83","82"
"3060","353","200","64","64","-20","3","20","20","3","20","33","160","132","0","0","83","82"
"3061","352","199","66","66","-20","3","18","20","3","18","33","160","132","0","0","84","82"
"3062","349","199","67","67","-19","3","16","19","3","16","33","160","132","0","0","84","82"
"3063","349","201","65","65","-19","3","19","19","3","19","33","160","132","0","0","84","82"
"3064","343","201","64","64","-17","3","20","17","3","20","33","160","133","0","0","85","82"
"3065","339","201","65","65","-16","3","19","16","3","19","33","160","133","0","0","85","82"
"3066","333","201","66","66","-14","2","18","14","2","18","33","160","133","0","0","85","82"
"3067","333","201","66","66","-14","2","18","14","2","18","33","160","133","0","0","85","82"
"3068","333","201","66","66","-14","2","18","14","2","18","33","160","133","0","0","85","82"
"3069","329","201","68","68","-13","2","15","13","2","15","33","160","133","0","0","87","82"
"3070","305","204","68","68","-6","1","15","6","0","15","33","160","133","0","0","87","82"
"3071","296","204","70","70","-3","0","12","3","0","12","33","160","133","0","0","88","82"
"3072","292","206","68","68","-2","0","15","0","0","15","33","160","133","0","0","88","82"
"3073","292","206","68","68","-2","0","15","0","0","15","33","160","133","0","0","88","82"
"3074","292","206","68","68","-2","0","15","0","0","15","33","160","133","0","0","88","82"
"3075","277","207","69","69","3","0","14","-3","0","14","33","160","133","0","0","89","82"
"3076","256","208","74","74","8","-2","8","-8","0","8","33","160","133","0","0","89","82"
"3077","251","211","73","73","10","-3","9","-10","-3","9","33","160","133","0","0","90","81.5"
"3078","246","212","73","73","12","-3","9","-12","-3","9","33","160","133","0","0","90","81.5"
"3079","246","212","73","73","12","-3","9","-12","-3","9","33","160","133","0","0","90","81.5"
"3080","246","212","73","73","12","-3","9","-12","-3","9","33","160","133","0","0","90","81.5"
"3081","232","217","77","77","16","-6","4","-16","-6","4","33","160","133","0","0","90","81.5"
"3082","230","218","78","78","16","-7","2","-16","-7","2","33","160","133","0","0","90","81.5"
"3083","228","219","79","79","17","-8","1","-17","-8","0","33","160","133","0","0","90","81.5"
"3084","228","219","80","80","16","-8","0","-16","-8","0","33","160","133","0","0","90","81.5"
"3085","227","221","81","81","17","-9","-1","-17","-9","0","33","160","133","0","0","90","81.5"
"3086","227","221","83","83","16","-9","-4","-16","-9","-4","33","160","133","0","0","90","81.5"
"3087","229","224","80","80","16","-10","0","-16","-10","0","33","160","133","0","0","90","81.5"
"3088","229","223","83","83","16","-10","-4","-16","-10","-4","33","160","133","0","0","90","81.5"
"3089","230","226","83","83","15","-11","-4","-15","-11","-4","33","160","134","0","1","89","81.5"
"3090","233","228","81","81","15","-12","-1","-15","-12","0","33","160","134","0","1","89","81.5"
"3091","235","231","78","78","14","-12","2","-14","-12","2","33","160","134","0","1","89","81.5"
"3092","235","231","80","80","14","-13","0","-14","-13","0","33","160","134","0","1","89","81.5"
"3093","236","231","83","83","13","-13","-4","-13","-13","-4","33","160","134","0","1","89","81.5"
"3094","239","234","80","80","13","-14","0","-13","-14","0","33","160","134","0","1","88","81.5"
"3095","237","233","85","85","13","-15","-6","-13","-15","-6","33","160","134","0","1","88","81.5"
"3096","237","233","86","86","12","-15","-8","-12","-15","-8","33","160","134","0","1","88","81.5"
"3097","241","237","84","84","12","-16","-5","-12","-16","-5","33","160","134","0","1","88","81.5"
"3098","243","236","85","85","11","-16","-6","-11","-16","-6","33","160","134","0","1","87","81.5"
"3099","246","238","84","84","10","-17","-5","-10","-17","-5","33","160","134","0","1","87","81.5"
"3100","247","237","86","86","9","-17","-8","-9","-17","-8","33","160","134","0","1","87","81.5"
"3101","252","239","86","86","8","-18","-8","-8","-18","-8","33","160","134","0","1","87","82.5"
"3102","251","238","89","89","8","-18","-11","-8","-18","-11","33","160","134","0","1","87","82.5"
"3103","254","238","88","88","7","-18","-10","-7","-18","-10","33","160","134","0","1","87","82.5"
"3104","258","240","86","86","6","-18","-8","-6","-18","-8","33","160","134","0","1","87","82.5"
"3105","258","239","86","86","6","-18","-8","-6","-18","-8","33","160","134","0","1","87","82.5"
"3106","258","237","87","87","6","-17","-9","-6","-17","-9","33","160","134","0","1","86","82.5"
"3107","260","238","85","85","6","-17","-6","-6","-17","-6","33","160","134","0","1","86","82.5"
"3108","259","235","89","89","5","-16","-11","-5","-16","-11","33","160","134","0","1","86","82.5"
"3109","260","234","88","88","5","-16","-10","-5","-16","-10","33","160","134","0","1","86","82.5"
"3110","259","233","88","88","5","-15","-10","-5","-15","-10","33","160","134","0","1","86","82.5"
"3111","261","233","87","87","5","-15","-9","-5","-15","-9","33","160","134","0","1","87","82.5"
"3112","260","232","87","87","5","-15","-9","-5","-15","-9","33","160","134","0","1","87","82.5"
"3113","259","229","90","90","5","-14","-12","-5","-14","-12","33","160","135","0","1","87","82.5"
"3114","262","229","86","86","5","-13","-8","-5","-13","-8","33","160","135","0","1","87","82.5"
"3115","261","228","86","86","5","-13","-8","-5","-13","-8","33","160","135","0","1","87","82.5"
"3116","262","228","87","87","5","-13","-9","-5","-13","-9","33","150","135","0","1","87","82.5"
"3117","262","227","87","87","5","-12","-9","-5","-12","-9","33","150","135","0","1","87","82.5"
"3118","263","226","89","89","4","-12","-11","-4","-12","-11","33","150","135","0","1","87","82.5"
"3119","264","227","87","87","4","-12","-9","-4","-12","-9","33","150","135","0","1","87","82.5"
"3120","266","224","89","89","3","-12","-11","-3","-12","-11","33","150","135","0","1","87","82.5"
"3121","267","225","88","88","3","-12","-10","-3","-12","-10","33","150","135","0","1","87","82.5"
"3122","268","226","88","88","2","-12","-10","-2","-12","-10","33","150","135","0","1","87","82.5"
"3123","267","223","93","93","2","-12","-16","-2","-12","-16","33","150","135","0","1","88","82.5"
"3124","265","221","98","98","2","-12","-22","-2","-12","-22","33","150","135","0","1","88","82.5"
"3125","263","223","101","101","2","-14","-26","-2","-14","-26","33","150","135","0","1","88","83"
"3126","264","224","101","101","2","-14","-26","-2","-14","-26","33","150","135","0","1","88","83"
"3127","265","228","100","100","2","-16","-25","-2","-16","-25","33","150","135","0","1","88","83"
"3128","262","227","106","106","2","-17","-32","-2","-17","-32","33","150","135","0","1","88","83"
"3129","262","227","106","106","2","-17","-32","-2","-17","-32","33","150","135","0","1","88","83"
"3130","260","229","106","106","2","-18","-32","-2","-18","-32","33","150","135","0","1","88","83"
"3131","257","227","108","108","3","-17","-35","-3","-17","-35","33","150","135","0","1","88","83"
"3132","251","226","113","113","4","-18","-41","-4","-18","-41","33","150","135","0","1","88","83"
"3133","252","230","111","111","4","-19","-39","-4","-19","-39","33","150","135","0","2","88","83"
"3134","247","229","116","116","5","-20","-45","-5","-20","-45","33","150","135","0","2","88","83"
"3135","245","230","119","119","5","-20","-49","-5","-20","-49","33","150","135","0","3","88","83"
"3136","248","234","115","115","5","-21","-44","-5","-21","-44","33","150","135","0","3","88","83"
"3137","249","236","118","118","4","-23","-48","-4","-23","-48","33","150","136","0","3","88","83"
"3138","253","240","111","111","4","-23","-39","-4","-23","-39","33","150","136","0","3","88","83"
"3139","250","238","123","123","3","-25","-54","-3","-25","-54","33","150","136","0","3","88","83"
"3140","249","239","124","124","3","-25","-55","-3","-25","-55","32","150","136","0","4","88","83"
"3141","254","241","122","122","2","-26","-52","-2","-26","-52","32","150","136","0","4","88","83"
"3142","258","251","122","122","0","-30","-52","0","-30","-52","32","150","136","0","5","88","83"
"3143","262","256","121","121","-1","-32","-51","0","-32","-51","32","150","136","0","5","88","83"
"3144","261","256","129","129","-2","-33","-61","0","-33","-61","32","150","136","0","6","88","83"
"3145","267","262","128","128","-3","-36","-60","3","-36","-60","32","150","136","0","6","88","83"
"3146","274","262","128","128","-6","-36","-60","6","-36","-60","32","150","136","0","6","88","83"
"3147","279","263","123","123","-6","-35","-54","6","-35","-54","32","150","136","0","7","88","83"
"3148","284","260","125","125","-8","-34","-56","8","-34","-56","32","150","136","0","7","88","83"
"3149","288","259","124","124","-9","-34","-55","9","-34","-55","32","150","136","0","7","88","83"
"3150","296","259","119","119","-11","-32","-49","11","-32","-49","32","150","136","0","7","88","81"
"3151","303","256","117","117","-13","-31","-46","13","-31","-46","32","150","136","0","8","88","81"
"3152","308","253","112","112","-14","-29","-40","14","-29","-40","32","150","136","0","8","88","81"
"3153","308","253","112","112","-14","-29","-40","14","-29","-40","32","150","136","0","8","88","81"
"3154","310","249","112","112","-14","-27","-40","14","-27","-40","32","150","136","0","8","88","81"
"3155","313","243","109","109","-15","-24","-36","15","-24","-36","32","150","136","0","8","88","81"
"3156","315","232","106","106","-15","-19","-32","15","-19","-32","32","140","136","0","8","88","81"
"3157","315","226","105","105","-15","-16","-31","15","-16","-31","32","140","136","0","8","88","81"
"3158","315","219","103","103","-14","-12","-29","14","-12","-29","32","140","136","0","7","89","81"
"3159","313","211","104","104","-14","-10","-30","14","-10","-30","32","140","136","0","7","89","81"
"3160","313","194","103","103","-14","-2","-29","14","0","-29","32","140","136","0","7","89","81"
"3161","313","185","100","100","-13","2","-25","13","2","-25","32","140","137","0","5","89","81"
"3162","311","171","99","99","-12","8","-24","12","8","-24","32","140","137","0","5","89","81"
"3163","311","158","99","99","-12","14","-24","12","14","-24","32","140","137","0","3","89","81"
"3164","310","141","94","94","-12","22","-18","12","22","-18","32","140","137","0","3","89","81"
"3165","309","137","93","93","-11","24","-16","11","24","-16","32","140","137","0","3","89","81"
"3166","308","133","92","92","-11","25","-15","11","25","-15","32","140","137","0","1","89","81"
"3167","307","131","91","91","-10","27","-14","10","27","-14","32","140","137","0","1","89","81"
"3168","309","129","86","86","-10","28","-8","10","28","-8","32","140","137","0","1","90","81"
"3169","306","123","85","85","-9","31","-6","9","31","-6","32","140","137","0","1","90","81"
"3170","306","122","82","82","-8","32","-2","8","32","0","32","140","137","0","1","90","81"
"3171","303","119","83","83","-8","33","-4","8","33","-4","32","130","137","0","0","90","81"
"3172","303","118","80","80","-7","34","0","7","34","0","32","130","137","0","0","90","81"
"3173","300","116","77","77","-6","36","4","6","36","4","32","130","137","0","0","90","82"
"3174","298","115","78","78","-5","36","2","5","36","2","32","130","137","0","0","90","82"
"3175","299","116","73","73","-5","37","9","5","37","9","32","130","137","0","0","90","82"
"3176","297","115","73","73","-4","37","9","4","37","9","32","130","137","0","-1","91","82"
"3177","296","116","71","71","-3","37","11","3","37","11","32","130","137","0","-1","91","82"
"3178","296","116","71","71","-3","37","11","3","37","11","32","130","137","0","-1","91","82"
"3179","296","117","69","69","-3","37","14","3","37","14","32","130","137","0","-1","91","82"
"3180","295","118","68","68","-3","37","15","3","37","15","32","130","137","0","-1","91","82"
"3181","294","119","69","69","-2","36","14","0","36","14","32","130","137","0","-1","91","82"
"3182","291","120","67","67","-1","36","16","0","36","16","32","130","137","0","-1","91","82"
"3183","289","121","68","68","-1","35","15","0","35","15","32","130","137","0","-1","91","82"
"3184","290","124","65","65","-1","35","19","0","35","19","32","140","137","0","-1","91","82"
"3185","289","124","66","66","-1","35","18","0","35","18","32","140","137","0","-1","91","82"
"3186","288","126","65","65","0","34","19","0","34","19","32","140","137","0","-1","91","82"
"3187","287","128","65","65","0","33","19","0","33","19","32","140","138","0","-2","91","82"
"3188","287","131","63","63","1","32","21","0","32","21","32","140","138","0","-2","91","82"
"3189","288","134","62","62","0","31","22","0","31","22","32","140","138","0","-2","91","82"
"3190","286","135","62","62","1","31","22","0","31","22","32","140","138","0","-2","91","82"
"3191","286","137","63","63","1","30","21","0","30","21","32","140","138","0","-2","91","82"
"3192","287","140","60","60","1","29","25","0","29","25","32","140","138","0","-2","91","82"
"3193","286","144","62","62","1","27","22","0","27","22","32","140","138","0","-2","91","82"
"3194","287","146","61","61","1","27","24","0","27","24","32","140","138","0","-2","91","82"
"3195","287","147","61","61","1","26","24","0","26","24","32","140","138","0","-2","91","82"
"3196","287","150","61","61","1","25","24","0","25","24","32","140","138","0","-2","91","82"
"3197","287","152","60","60","1","24","25","0","24","25","32","150","138","0","-2","91","82"
"3198","287","155","60","60","1","23","25","0","23","25","32","150","138","0","-2","91","82"
"3199","286","156","60","60","1","22","25","0","22","25","32","150","138","0","-2","91","82"
"3200","287","161","59","59","1","21","26","0","21","26","32","150","138","0","-2","91","82"
"3201","286","162","60","60","1","20","25","0","20","25","32","150","138","0","-2","91","82"
"3202","287","166","58","58","1","19","28","0","19","28","32","150","138","0","-2","91","82"
"3203","286","169","60","60","1","17","25","0","17","25","32","150","138","0","-2","91","82"
"3204","286","169","60","60","1","17","25","0","17","25","32","150","138","0","-2","91","82"
"3205","287","171","58","58","1","17","28","0","17","28","32","150","138","0","-2","91","82"
"3206","287","173","59","59","1","16","26","0","16","26","32","150","138","0","-2","91","82"
"3207","286","177","59","59","2","14","26","-2","14","26","32","150","138","0","-2","91","82"
"3208","286","178","59","59","2","14","26","-2","14","26","32","150","138","0","-2","91","82"
"3209","285","179","59","59","2","13","26","-2","13","26","32","150","138","0","-2","91","82"
"3210","286","181","58","58","2","12","28","-2","12","28","32","150","138","0","-2","91","82"
"3211","286","183","59","59","2","12","26","-2","12","26","32","150","138","0","-2","91","82"
"3212","284","184","60","60","2","11","25","-2","11","25","32","150","138","0","-2","91","82"
"3213","285","185","59","59","2","11","26","-2","11","26","32","160","139","0","-2","91","82"
"3214","286","188","58","58","2","10","28","-2","10","28","32","160","139","0","-2","91","82"
"3215","285","190","59","59","2","9","26","-2","9","26","32","160","139","0","-2","91","82"
"3216","285","191","58","58","2","8","28","-2","8","28","32","160","139","0","-2","91","82"
"3217","284","192","59","59","2","8","26","-2","8","26","32","160","139","0","-2","91","82"
"3218","284","194","58","58","2","7","28","-2","7","28","32","160","139","0","-2","91","82"
"3219","284","194","59","59","2","7","26","-2","7","26","32","160","139","0","-2","91","82"
"3220","283","195","60","60","2","6","25","-2","6","25","32","160","139","0","-2","91","82"
"3221","283","196","60","60","2","6","25","-2","6","25","32","160","139","0","-2","91","82"
"3222","283","198","59","59","2","5","26","-2","5","26","32","160","139","0","-2","91","82"
"3223","282","200","60","60","2","4","25","-2","4","25","32","160","139","0","-2","91","82"
"3224","282","200","60","60","2","4","25","-2","4","25","32","160","139","0","-2","91","82"
"3225","281","201","61","61","3","4","24","-3","4","24","32","160","139","0","-2","91","82"
"3226","281","202","60","60","3","3","25","-3","3","25","32","160","139","0","-2","91","82"
"3227","281","202","61","61","3","3","24","-3","3","24","32","160","139","0","-1","91","82"
"3228","280","204","61","61","3","2","24","-3","2","24","32","160","139","0","-1","91","82"
"3229","279","205","62","62","3","2","22","-3","2","22","32","160","139","0","-1","91","82"
"3230","278","206","62","62","3","1","22","-3","0","22","32","160","139","0","-1","91","82"
"3231","278","207","62","62","3","1","22","-3","0","22","32","160","139","0","-1","91","82"
"3232","278","208","61","61","4","1","24","-4","0","24","32","160","139","0","-1","91","82"
"3233","277","208","62","62","4","0","22","-4","0","22","32","160","139","0","-1","91","82"
"3234","277","209","62","62","4","0","22","-4","0","22","32","160","139","0","-1","91","82"
"3235","277","209","62","62","4","0","22","-4","0","22","32","160","139","0","-1","91","82"
"3236","275","210","64","64","4","-1","20","-4","0","20","32","160","139","0","-1","91","82"
"3237","274","209","67","67","4","-1","16","-4","0","16","32","160","139","0","-1","91","82"
"3238","274","211","66","66","4","-2","18","-4","0","18","32","160","140","0","-1","90","82"
"3239","273","211","68","68","4","-2","15","-4","0","15","32","160","140","0","0","90","82"
"3240","272","211","68","68","4","-2","15","-4","0","15","32","160","140","0","0","90","82"
"3241","272","214","67","67","5","-3","16","-5","-3","16","31","160","140","0","0","90","82"
"3242","271","213","69","69","5","-3","14","-5","-3","14","31","160","140","0","0","90","82"
"3243","270","214","70","70","5","-4","12","-5","-4","12","31","160","140","0","0","90","82"
"3244","271","215","69","69","5","-4","14","-5","-4","14","31","160","140","0","0","89","82"
"3245","270","216","70","70","5","-5","12","-5","-5","12","31","160","140","0","0","89","82"
"3246","269","216","72","72","5","-5","10","-5","-5","10","31","160","140","0","0","89","82"
"3247","268","218","72","72","5","-6","10","-5","-6","10","31","160","140","0","0","89","82"
"3248","267","220","72","72","5","-7","10","-5","-7","10","31","160","140","0","0","89","82"
"3249","267","220","73","73","5","-7","9","-5","-7","9","31","160","140","0","0","88","82"
"3250","268","222","71","71","5","-7","11","-5","-7","11","31","160","140","0","0","88","82"
"3251","268","222","74","74","5","-8","8","-5","-8","8","31","160","140","0","0","88","82"
"3252","272","224","73","73","4","-8","9","-4","-8","9","31","160","140","0","0","88","82"
"3253","272","224","74","74","3","-9","8","-3","-9","8","31","160","140","0","0","88","82"
"3254","275","226","73","73","3","-9","9","-3","-9","9","31","160","140","0","1","87","82"
"3255","275","226","77","77","2","-10","4","-2","-10","4","31","160","140","0","1","87","82"
"3256","275","226","77","77","2","-10","4","-2","-10","4","31","160","140","0","1","87","82"
"3257","276","225","79","79","2","-10","1","-2","-10","0","31","160","140","0","1","87","82"
"3258","280","227","79","79","0","-11","1","0","-11","0","31","160","140","0","1","87","82"
"3259","281","228","80","80","0","-12","0","0","-12","0","31","160","140","0","1","86","82"
"3260","282","228","80","80","-1","-12","0","0","-12","0","31","160","140","0","1","86","82"
"3261","284","230","79","79","-1","-12","1","0","-12","0","31","160","140","0","1","86","82"
"3262","286","230","81","81","-2","-12","-1","0","-12","0","31","160","141","0","1","86","82"
"3263","285","229","84","84","-2","-13","-5","0","-13","-5","31","160","141","0","1","86","82"
"3264","287","229","85","85","-3","-13","-6","3","-13","-6","31","160","141","0","1","86","82"
"3265","290","231","83","83","-3","-13","-4","3","-13","-4","31","160","141","0","1","85","82"
"3266","292","231","83","83","-4","-13","-4","4","-13","-4","31","160","141","0","1","85","82"
"3267","292","230","85","85","-4","-13","-6","4","-13","-6","31","160","141","0","1","85","82"
"3268","295","232","84","84","-5","-14","-5","5","-14","-5","31","160","141","0","1","85","82"
"3269","295","230","88","88","-6","-14","-10","6","-14","-10","31","160","141","0","1","85","82"
"3270","300","232","84","84","-7","-14","-5","7","-14","-5","31","160","141","0","1","85","82"
"3271","300","231","86","86","-7","-14","-8","7","-14","-8","31","160","141","0","1","85","82"
"3272","299","229","89","89","-7","-14","-11","7","-14","-11","31","160","141","0","1","85","82"
"3273","303","230","87","87","-8","-14","-9","8","-14","-9","31","160","141","0","1","85","82"
"3274","303","230","88","88","-8","-14","-10","8","-14","-10","31","160","141","0","1","85","82"
"3275","303","229","89","89","-8","-14","-11","8","-14","-11","31","160","141","0","1","85","82"
"3276","306","228","86","86","-9","-13","-8","9","-13","-8","31","160","141","0","1","85","82"
"3277","305","226","90","90","-9","-13","-12","9","-13","-12","31","160","141","0","1","85","82"
"3278","305","226","89","89","-9","-12","-11","9","-12","-11","31","150","141","0","1","85","82"
"3279","303","224","91","91","-9","-12","-14","9","-12","-14","31","150","141","0","1","85","82"
"3280","300","221","92","92","-8","-11","-15","8","-11","-15","31","150","141","0","2","85","82"
"3281","300","221","92","92","-8","-11","-15","8","-11","-15","31","150","141","0","2","85","82"
"3282","301","222","91","91","-8","-11","-14","8","-11","-14","31","150","141","0","2","85","82"
"3283","297","220","95","95","-8","-11","-19","8","-11","-19","31","150","141","0","2","85","82"
"3284","295","220","93","93","-7","-11","-16","7","-11","-16","31","150","141","0","2","85","82"
"3285","294","219","92","92","-6","-10","-15","6","-10","-15","31","150","141","0","2","85","82"
"3286","292","218","95","95","-6","-10","-19","6","-10","-19","31","150","141","0","2","85","82"
"3287","292","219","91","91","-5","-10","-14","5","-10","-14","31","150","141","0","2","85","82"
"3288","289","218","93","93","-5","-10","-16","5","-10","-16","31","150","142","0","2","86","82"
"3289","285","218","94","94","-4","-10","-18","4","-10","-18","31","150","142","0","2","86","82"
"3290","286","220","91","91","-3","-10","-14","3","-10","-14","31","150","142","0","2","86","82"
"3291","282","218","94","94","-3","-10","-18","3","-10","-18","31","150","142","0","2","86","82"
"3292","281","218","93","93","-2","-10","-16","0","-10","-16","31","150","142","0","2","86","82"
"3293","280","217","94","94","-2","-10","-18","0","-10","-18","31","150","142","0","2","86","82"
"3294","280","218","90","90","-2","-10","-12","0","-10","-12","31","150","142","0","2","86","82"
"3295","278","218","91","91","-1","-10","-14","0","-10","-14","31","150","142","0","2","86","82"
"3296","278","218","88","88","-1","-9","-10","0","-9","-10","31","150","142","0","2","86","82"
"3297","277","216","90","90","-1","-9","-12","0","-9","-12","31","150","142","0","2","86","82"
"3298","275","216","91","91","0","-9","-14","0","-9","-14","31","150","142","0","1","86","82"
"3299","273","215","91","91","1","-8","-14","0","-8","-14","31","150","142","0","1","86","82"
"3300","273","214","89","89","1","-8","-11","0","-8","-11","31","150","142","0","1","86","82"
"3301","273","213","90","90","1","-8","-12","0","-8","-12","31","150","142","0","1","86","82"
"3302","273","213","87","87","1","-7","-9","0","-7","-9","31","150","142","0","1","86","82"
"3303","273","212","87","87","1","-6","-9","0","-6","-9","31","150","142","0","1","86","82"
"3304","269","209","91","91","2","-6","-14","-2","-6","-14","31","150","142","0","1","86","82"
"3305","264","208","92","92","3","-6","-15","-3","-6","-15","31","150","142","0","1","86","82"
"3306","264","208","92","92","3","-6","-15","-3","-6","-15","31","150","142","0","1","86","82"
"3307","262","210","89","89","4","-6","-11","-4","-6","-11","31","150","142","0","1","86","82"
"3308","257","210","88","88","6","-6","-10","-6","-6","-10","31","150","142","0","1","86","82"
"3309","245","213","88","88","10","-7","-10","-10","-7","-10","31","150","142","0","1","86","82"
"3310","238","214","86","86","12","-7","-8","-12","-7","-8","31","150","142","0","1","86","82"
"3311","230","216","85","85","15","-8","-6","-15","-8","-6","31","150","142","0","1","86","82"
"3312","221","219","83","83","18","-8","-4","-18","-8","-4","31","150","142","0","1","86","82"
"3313","210","220","83","83","22","-9","-4","-22","-9","-4","31","150","142","0","1","86","82"
"3314","199","223","82","82","25","-10","-2","-25","-10","0","31","150","143","0","1","86","82"
"3315","168","229","85","85","34","-13","-6","-34","-13","-6","31","150","143","0","1","86","82"
"3316","153","235","82","82","39","-15","-2","-39","-15","0","31","150","143","0","0","85","82"
"3317","131","236","86","86","46","-16","-8","-46","-16","-8","31","150","143","0","0","85","82"
"3318","114","238","86","86","51","-17","-8","-51","-17","-8","31","150","143","0","0","85","82"
"3319","92","237","90","90","57","-18","-12","-57","-18","-12","31","150","143","0","0","85","82"
"3320","61","237","88","88","67","-17","-10","-67","-17","-10","31","150","143","0","0","85","82"
"3321","45","236","87","87","72","-16","-9","-72","-16","-9","31","150","143","0","0","83","82"
"3322","34","233","85","85","76","-15","-6","-76","-15","-6","31","150","143","0","0","83","82"
"3323","24","227","87","87","79","-12","-9","-79","-12","-9","31","150","143","0","0","83","82"
"3324","21","223","87","87","80","-11","-9","-80","-11","-9","31","150","143","0","0","80","82"
"3325","21","219","86","86","80","-9","-8","-80","-9","-8","31","150","143","0","0","80","82"
"3326","24","215","84","84","79","-7","-5","-79","-7","-5","31","150","143","0","0","76","82"
"3327","28","211","87","87","78","-6","-9","-78","-6","-9","31","150","143","0","0","76","82"
"3328","51","205","86","86","71","-3","-8","-71","-3","-8","31","150","143","0","0","76","82"
"3329","65","202","86","86","66","-2","-8","-66","0","-8","31","150","143","0","0","70","82"
"3330","85","198","88","88","60","-1","-10","-60","0","-10","31","150","143","0","0","70","82"
"3331","129","196","80","80","47","2","0","-47","2","0","31","150","143","0","0","70","82"
"3332","129","196","80","80","47","2","0","-47","2","0","31","150","143","0","0","64","82"
"3333","153","197","75","75","41","2","6","-41","2","6","31","150","143","0","0","58","82"
"3334","177","195","75","75","33","3","6","-33","3","6","31","150","143","0","0","58","82"
"3335","199","194","75","75","26","4","6","-26","4","6","31","150","143","0","0","58","82"
"3336","220","192","76","76","19","4","5","-19","4","5","31","150","143","0","0","53","82"
"3337","245","192","73","73","12","5","9","-12","5","9","31","150","143","0","0","53","82"
"3338","264","192","73","73","6","5","9","-6","5","9","31","150","143","0","0","53","82"
"3339","282","191","74","74","0","5","8","0","5","8","31","150","144","0","0","51","82"
"3340","298","190","75","75","-5","5","6","5","5","6","31","150","144","0","0","51","82"
"3341","310","189","74","74","-8","6","8","8","6","8","31","150","144","0","0","51","82"
"3342","320","189","75","75","-12","6","6","12","6","6","31","150","144","0","0","51","82"
"3343","331","189","75","75","-15","6","6","15","6","6","31","150","144","0","0","50","82"
"3344","339","189","73","73","-17","6","9","17","6","9","31","150","144","0","0","50","82"
"3345","345","189","74","74","-19","6","8","19","6","8","31","150","144","0","0","50","82"
"3346","351","189","73","73","-21","6","9","21","6","9","31","150","144","0","0","50","82"
"3347","354","189","72","72","-22","6","10","22","6","10","31","150","144","0","0","50","82"
"3348","355","188","74","74","-22","6","8","22","6","8","31","150","144","0","0","50","82"
"3349","356","188","73","73","-22","7","9","22","7","9","31","150","144","0","0","50","82"
"3350","356","188","73","73","-22","7","9","22","7","9","31","150","144","0","0","50","82"
"3351","357","188","72","72","-23","7","10","23","7","10","31","150","144","0","0","50","82"
"3352","356","187","75","75","-23","7","6","23","7","6","31","150","144","0","0","50","82"
"3353","356","187","74","74","-23","7","8","23","7","8","31","150","144","0","0","51","82"
"3354","355","186","73","73","-22","8","9","22","8","9","31","150","144","0","0","51","82"
"3355","355","187","72","72","-22","7","10","22","7","10","31","150","144","0","0","51","82"
"3356","355","187","72","72","-22","7","10","22","7","10","31","150","144","0","0","51","82"
"3357","354","187","72","72","-22","7","10","22","7","10","31","150","144","0","0","52","82"
"3358","355","187","71","71","-22","8","11","22","8","11","31","150","144","0","0","52","82"
"3359","355","186","72","72","-22","8","10","22","8","10","31","150","144","0","0","52","82"
"3360","354","186","72","72","-22","8","10","22","8","10","31","150","144","0","0","54","82"
"3361","352","186","71","71","-21","8","11","21","8","11","31","150","144","0","0","54","82"
"3362","352","186","71","71","-21","8","11","21","8","11","31","150","144","0","0","54","82"
"3363","347","186","73","73","-20","8","9","20","8","9","31","150","144","0","0","54","82"
"3364","337","186","71","71","-16","8","11","16","8","11","31","150","144","0","0","55","82"
"3365","337","186","71","71","-16","8","11","16","8","11","31","150","144","0","0","55","82"
"3366","333","186","71","71","-15","8","11","15","8","11","31","150","144","0","0","55","82"
"3367","328","185","71","71","-13","8","11","13","8","11","31","150","144","0","0","55","82"
"3368","328","185","71","71","-13","8","11","13","8","11","31","150","144","0","-1","56","82"
"3369","324","186","69","69","-12","8","14","12","8","14","31","150","144","0","-1","56","82"
"3370","321","188","68","68","-11","8","15","11","8","15","31","150","144","0","-1","56","82"
"3371","316","188","68","68","-9","8","15","9","8","15","31","150","144","0","-1","57","82"
"3372","311","187","68","68","-8","8","15","8","8","15","31","150","144","0","-1","57","82"
"3373","306","187","69","69","-6","8","14","6","8","14","31","150","144","0","-1","57","82"
"3374","302","187","68","68","-5","8","15","5","8","15","31","150","144","0","-1","57","82"
"3375","297","185","69","69","-3","9","14","3","9","14","31","150","145","0","-1","58","82"
"3376","297","185","69","69","-3","9","14","3","9","14","31","150","145","0","-1","58","82"
"3377","293","184","72","72","-3","8","10","3","8","10","31","150","145","0","-1","58","82"
"3378","290","185","71","71","-2","8","11","0","8","11","31","150","145","0","-1","59","82"
"3379","288","185","71","71","-1","8","11","0","8","11","31","150","145","0","-1","59","82"
"3380","285","185","70","70","0","8","12","0","8","12","31","150","145","0","-1","59","82"
"3381","283","186","68","68","1","8","15","0","8","15","31","150","145","0","-1","59","82"
"3382","280","186","69","69","2","8","14","-2","8","14","31","150","145","0","-1","59","82"
"3383","278","186","68","68","2","8","15","-2","8","15","31","150","145","0","-1","59","82"
"3384","276","185","70","70","3","8","12","-3","8","12","31","150","145","0","-1","59","82"
"3385","276","185","70","70","3","8","12","-3","8","12","31","150","145","0","-1","59","82"
"3386","275","186","70","70","3","8","12","-3","8","12","31","150","145","0","-1","59","82"
"3387","274","187","69","69","4","8","14","-4","8","14","31","150","145","0","-1","59","82"
"3388","275","187","66","66","4","8","18","-4","8","18","31","150","145","0","-1","59","82"
"3389","273","186","69","69","4","8","14","-4","8","14","31","150","145","0","-1","59","82"
"3390","273","187","69","69","4","8","14","-4","8","14","31","150","145","0","-1","59","82"
"3391","272","186","71","71","4","8","11","-4","8","11","31","150","145","0","-1","59","82"
"3392","272","186","71","71","4","8","11","-4","8","11","31","150","145","0","0","59","82"
"3393","273","187","69","69","4","8","14","-4","8","14","31","150","145","0","0","59","82"
"3394","273","187","69","69","4","8","14","-4","8","14","31","150","145","0","0","59","82"
"3395","272","186","71","71","4","8","11","-4","8","11","31","150","145","0","0","59","82"
"3396","272","186","71","71","4","8","11","-4","8","11","31","150","145","0","0","59","82"
"3397","273","187","70","70","4","8","12","-4","8","12","31","150","145","0","0","59","82"
"3398","274","188","70","70","3","7","12","-3","7","12","31","150","145","0","0","59","82"
"3399","274","188","70","70","3","7","12","-3","7","12","31","150","145","0","0","59","82"
"3400","273","187","71","71","4","8","11","-4","8","11","31","150","145","0","0","59","82"
"3401","272","187","72","72","4","7","10","-4","7","10","31","150","145","0","0","59","82"
"3402","272","188","72","72","4","7","10","-4","7","10","31","150","145","0","0","59","82"
"3403","273","188","72","72","3","7","10","-3","7","10","31","150","145","0","0","59","82"
"3404","273","188","72","72","3","7","10","-3","7","10","31","150","145","0","0","59","82"
"3405","274","190","71","71","3","6","11","-3","6","11","31","150","145","0","0","59","82"
"3406","273","189","72","72","3","6","10","-3","6","10","31","150","145","0","0","59","82"
"3407","274","190","72","72","3","6","10","-3","6","10","31","150","145","0","0","59","82"
"3408","274","189","73","73","3","6","9","-3","6","9","31","150","145","0","0","59","82"
"3409","274","190","72","72","3","6","10","-3","6","10","31","150","146","0","0","59","82"
"3410","274","190","73","73","3","6","9","-3","6","9","31","150","146","0","0","59","82"
"3411","274","190","73","73","3","6","9","-3","6","9","31","150","146","0","0","59","82"
"3412","275","191","72","72","3","5","10","-3","5","10","31","150","146","0","0","59","82"
"3413","274","191","72","72","3","5","10","-3","5","10","30","150","146","0","0","59","82"
"3414","275","192","72","72","3","5","10","-3","5","10","30","150","146","0","0","59","82"
"3415","274","193","73","73","3","5","9","-3","5","9","30","150","146","0","0","59","82"
"3416","272","193","75","75","3","4","6","-3","4","6","30","150","146","0","0","59","82"
"3417","272","194","74","74","3","4","8","-3","4","8","30","150","146","0","0","59","82"
"3418","271","195","74","74","4","3","8","-4","3","8","30","150","146","0","0","59","82"
"3419","268","195","76","76","4","3","5","-4","3","5","30","150","146","0","0","59","82"
"3420","264","197","75","75","6","2","6","-6","2","6","30","150","146","0","0","59","82"
"3421","264","197","75","75","6","2","6","-6","2","6","30","150","146","0","0","59","82"
"3422","264","199","73","73","6","2","9","-6","2","9","30","150","146","0","0","59","82"
"3423","259","200","75","75","8","1","6","-8","0","6","30","150","146","0","0","59","82"
"3424","255","201","77","77","8","0","4","-8","0","4","30","150","146","0","0","59","82"
"3425","250","204","76","76","10","-1","5","-10","0","5","30","150","146","0","0","59","82"
"3426","242","204","79","79","12","-1","1","-12","0","0","30","150","146","0","0","59","82"
"3427","237","207","79","79","14","-2","1","-14","0","0","30","150","146","0","0","59","82"
"3428","228","209","80","80","16","-4","0","-16","-4","0","30","150","146","0","0","59","82"
"3429","218","210","83","83","19","-5","-4","-19","-5","-4","30","150","146","0","0","59","82.5"
"3430","208","211","86","86","22","-6","-8","-22","-6","-8","30","150","146","0","0","59","82.5"
"3431","185","214","88","88","28","-8","-10","-28","-8","-10","30","150","146","0","0","59","82.5"
"3432","185","214","88","88","28","-8","-10","-28","-8","-10","30","150","146","0","0","59","82.5"
"3433","185","214","88","88","28","-8","-10","-28","-8","-10","30","150","146","0","0","58","82.5"
"3434","173","214","91","91","32","-8","-14","-32","-8","-14","30","150","146","0","0","58","82.5"
"3435","162","214","90","90","35","-8","-12","-35","-8","-12","30","150","146","0","0","58","82.5"
"3436","148","212","95","95","39","-8","-19","-39","-8","-19","30","150","146","0","0","58","82.5"
"3437","139","214","92","92","42","-8","-15","-42","-8","-15","30","150","146","0","0","58","82.5"
"3438","127","212","96","96","45","-8","-20","-45","-8","-20","30","150","146","0","0","58","82.5"
"3439","116","210","100","100","48","-8","-25","-48","-8","-25","30","150","146","0","0","58","82.5"
"3440","116","210","100","100","48","-8","-25","-48","-8","-25","30","150","146","0","0","57","82.5"
"3441","107","211","98","98","51","-8","-22","-51","-8","-22","30","150","146","0","0","57","82.5"
"3442","100","212","98","98","53","-9","-22","-53","-9","-22","30","150","146","0","0","57","82.5"
"3443","90","211","104","104","56","-10","-30","-56","-10","-30","30","150","147","0","1","55","82.5"
"3444","84","211","107","107","57","-10","-34","-57","-10","-34","30","150","147","0","1","55","82.5"
"3445","86","213","103","103","57","-10","-29","-57","-10","-29","30","150","147","0","1","55","82.5"
"3446","85","213","105","105","57","-10","-31","-57","-10","-31","30","150","147","0","1","55","82.5"
"3447","88","214","103","103","57","-10","-29","-57","-10","-29","30","150","147","0","2","52","82.5"
"3448","94","215","103","103","55","-11","-29","-55","-11","-29","30","150","147","0","2","52","82.5"
"3449","94","215","103","103","55","-11","-29","-55","-11","-29","30","150","147","0","2","49","82.5"
"3450","99","214","106","106","52","-11","-32","-52","-11","-32","30","150","147","0","2","49","82.5"
"3451","107","214","106","106","50","-11","-32","-50","-11","-32","30","150","147","0","2","49","82.5"
"3452","118","215","104","104","47","-11","-30","-47","-11","-30","30","150","147","0","3","45","82.5"
"3453","127","214","104","104","44","-11","-30","-44","-11","-30","30","150","147","0","3","45","82.5"
"3454","138","214","105","105","41","-11","-31","-41","-11","-31","30","150","147","0","3","45","82.5"
"3455","138","214","105","105","41","-11","-31","-41","-11","-31","30","150","147","0","3","45","82.5"
"3456","149","214","105","105","37","-11","-31","-37","-11","-31","30","150","147","-1","4","41","82.5"
"3457","161","214","105","105","33","-11","-31","-33","-11","-31","30","150","147","-1","4","41","82.5"
"3458","171","214","105","105","30","-11","-31","-30","-11","-31","30","150","147","-1","4","41","82.5"
"3459","180","213","106","106","27","-11","-32","-27","-11","-32","30","150","147","-1","4","41","82.5"
"3460","180","213","106","106","27","-11","-32","-27","-11","-32","30","150","147","-1","4","37","82.5"
"3461","190","216","103","103","25","-11","-29","-25","-11","-29","30","150","147","-1","4","37","82.5"
"3462","198","217","101","101","22","-11","-26","-22","-11","-26","30","150","147","-1","4","37","82.5"
"3463","198","217","101","101","22","-11","-26","-22","-11","-26","30","150","147","-1","4","37","82.5"
"3464","203","218","101","101","21","-12","-26","-21","-12","-26","30","150","147","0","4","35","82"
"3465","205","216","109","109","19","-12","-36","-19","-12","-36","30","150","147","0","4","35","82"
"3466","205","216","109","109","19","-12","-36","-19","-12","-36","30","150","147","0","4","35","82"
"3467","209","219","106","106","18","-13","-32","-18","-13","-32","30","150","147","0","4","35","82"
"3468","211","221","103","103","18","-13","-29","-18","-13","-29","30","150","147","0","4","35","82"
"3469","212","223","100","100","18","-14","-25","-18","-14","-25","30","150","147","0","4","33","82"
"3470","212","223","100","100","18","-14","-25","-18","-14","-25","30","150","147","0","4","33","82"
"3471","209","223","106","106","18","-15","-32","-18","-15","-32","30","150","147","0","4","33","82"
"3472","209","223","106","106","18","-15","-32","-18","-15","-32","30","150","147","0","4","33","82"
"3473","204","223","108","108","19","-15","-35","-19","-15","-35","30","150","147","0","4","33","82"
"3474","201","226","105","105","21","-16","-31","-21","-16","-31","30","150","147","0","4","32","82"
"3475","201","226","105","105","21","-16","-31","-21","-16","-31","30","150","147","0","4","32","82"
"3476","197","225","103","103","22","-15","-29","-22","-15","-29","30","150","147","0","4","32","82"
"3477","192","225","102","102","24","-15","-28","-24","-15","-28","30","150","147","0","4","32","82"
"3478","192","225","102","102","24","-15","-28","-24","-15","-28","30","150","147","0","3","31","82"
"3479","186","222","104","104","26","-14","-30","-26","-14","-30","30","150","147","0","3","31","82"
"3480","179","221","108","108","27","-15","-35","-27","-15","-35","30","150","147","0","3","31","82"
"3481","179","221","108","108","27","-15","-35","-27","-15","-35","30","150","147","0","3","31","82"
"3482","173","219","108","108","29","-14","-35","-29","-14","-35","30","150","147","0","3","31","82"
"3483","168","218","109","109","31","-13","-36","-31","-13","-36","30","150","148","0","3","31","82"
"3484","168","218","109","109","31","-13","-36","-31","-13","-36","30","150","148","0","3","31","82"
"3485","164","218","106","106","32","-13","-32","-32","-13","-32","30","150","148","0","3","31","82"
"3486","158","216","110","110","33","-13","-38","-33","-13","-38","30","150","148","0","3","31","82"
"3487","155","215","109","109","35","-12","-36","-35","-12","-36","30","150","148","0","3","30","82"
"3488","155","215","109","109","35","-12","-36","-35","-12","-36","30","150","148","0","3","30","82"
"3489","155","217","106","106","35","-12","-32","-35","-12","-32","30","150","148","0","3","30","82"
"3490","152","215","107","107","36","-12","-34","-36","-12","-34","30","150","148","0","3","30","82"
"3491","152","215","107","107","36","-12","-34","-36","-12","-34","30","150","148","0","2","28","82"
"3492","153","216","105","105","36","-12","-31","-36","-12","-31","30","150","148","0","2","28","82"
"3493","154","217","102","102","36","-12","-28","-36","-12","-28","30","150","148","0","2","28","82"
"3494","154","217","102","102","36","-12","-28","-36","-12","-28","30","150","148","0","2","28","82"
"3495","154","216","107","107","35","-12","-34","-35","-12","-34","30","150","148","0","2","28","82"
"3496","160","217","105","105","34","-12","-31","-34","-12","-31","30","150","148","0","2","27","82"
"3497","160","217","105","105","34","-12","-31","-34","-12","-31","30","150","148","0","2","27","82"
"3498","165","218","101","101","33","-12","-26","-33","-12","-26","30","150","148","0","2","27","82"
"3499","170","215","104","104","31","-11","-30","-31","-11","-30","30","150","148","0","2","27","82"
"3500","170","215","104","104","31","-11","-30","-31","-11","-30","30","150","148","0","2","25","82"
"3501","174","213","107","107","29","-11","-34","-29","-11","-34","30","150","148","0","2","25","82"
"3502","181","212","105","105","27","-10","-31","-27","-10","-31","30","150","148","0","2","25","82"
"3503","189","212","102","102","25","-10","-28","-25","-10","-28","30","150","148","0","2","25","82"
"3504","189","212","102","102","25","-10","-28","-25","-10","-28","30","150","148","0","2","25","82"
"3505","194","210","103","103","23","-9","-29","-23","-9","-29","30","150","148","0","2","23","82"
"3506","200","206","105","105","21","-8","-31","-21","-8","-31","30","150","148","0","2","23","82"
"3507","200","206","105","105","21","-8","-31","-21","-8","-31","30","150","148","0","2","23","82"
"3508","209","206","101","101","19","-7","-26","-19","-7","-26","30","150","148","0","2","23","82"
"3509","212","200","106","106","17","-5","-32","-17","-5","-32","30","150","148","0","2","21","81.5"
"3510","221","201","102","102","15","-5","-28","-15","-5","-28","30","150","148","0","2","21","81.5"
"3511","221","201","102","102","15","-5","-28","-15","-5","-28","30","150","148","0","2","21","81.5"
"3512","234","200","98","98","12","-4","-22","-12","-4","-22","30","150","148","0","2","21","81.5"
"3513","234","200","98","98","12","-4","-22","-12","-4","-22","30","150","148","0","2","20","81.5"
"3514","240","198","96","96","10","-2","-20","-10","0","-20","30","150","148","0","2","20","81.5"
"3515","240","198","96","96","10","-2","-20","-10","0","-20","30","150","148","0","2","20","81.5"
"3516","245","197","96","96","8","-2","-20","-8","0","-20","30","150","148","0","2","20","81.5"
"3517","249","194","95","95","8","0","-19","-8","0","-19","30","150","148","0","2","19","81.5"
"3518","255","195","90","90","6","0","-12","-6","0","-12","30","150","148","0","2","19","81.5"
"3519","198","336","66","66","28","-54","18","-28","-54","18","30","150","148","0","2","19","81.5"
"3520","255","195","90","90","6","0","-12","-6","0","-12","30","150","148","0","2","19","81.5"
"3521","198","336","66","66","28","-54","18","-28","-54","18","30","150","148","0","2","19","81.5"
"3522","257","192","90","90","6","1","-12","-6","0","-12","30","150","148","0","2","19","81.5"
"3523","261","191","88","88","5","2","-10","-5","2","-10","30","150","148","0","1","18","81.5"
"3524","261","191","88","88","5","2","-10","-5","2","-10","30","150","148","0","1","18","81.5"
"3525","265","190","87","87","4","3","-9","-4","3","-9","30","150","148","0","1","18","81.5"
"3526","267","189","87","87","3","3","-9","-3","3","-9","30","150","148","0","1","18","81.5"
"3527","269","187","87","87","2","4","-9","-2","4","-9","30","150","148","0","1","18","81.5"
"3528","271","186","85","85","2","5","-6","-2","5","-6","30","150","149","0","1","18","81.5"
"3529","271","186","85","85","2","5","-6","-2","5","-6","30","150","149","0","1","18","81.5"
"3530","272","186","85","85","2","5","-6","-2","5","-6","30","150","149","0","1","18","81.5"
"3531","274","185","84","84","1","5","-5","0","5","-5","30","150","149","0","1","18","81.5"
"3532","277","184","83","83","1","6","-4","0","6","-4","29","150","149","0","0","17","81.5"
"3533","277","184","83","83","1","6","-4","0","6","-4","29","150","149","0","0","17","81.5"
"3534","278","183","84","84","0","6","-5","0","6","-5","29","150","149","0","0","17","81.5"
"3535","283","184","78","78","-1","7","2","0","7","2","29","150","149","0","0","17","81.5"
"3536","283","184","78","78","-1","7","2","0","7","2","29","150","149","0","0","17","81.5"
"3537","284","182","81","81","-1","8","-1","0","8","0","29","150","149","0","0","17","81.5"
"3538","287","183","76","76","-2","8","5","0","8","5","29","150","149","0","0","17","81.5"
"3539","287","181","80","80","-2","8","0","0","8","0","29","150","149","0","0","17","81.5"
"3540","287","181","80","80","-2","8","0","0","8","0","29","150","149","0","0","17","81.5"
"3541","290","181","76","76","-2","9","5","0","9","5","29","150","149","0","0","17","81.5"
"3542","291","181","76","76","-3","9","5","3","9","5","29","150","149","0","0","17","81.5"
"3543","292","180","76","76","-3","9","5","3","9","5","29","150","149","0","0","17","81.5"
"3544","292","180","76","76","-3","9","5","3","9","5","29","150","149","0","-1","17","81.5"
"3545","293","180","74","74","-3","10","8","3","10","8","29","150","149","0","-1","17","81.5"
"3546","293","179","74","74","-3","10","8","3","10","8","29","150","149","0","-1","17","81.5"
"3547","293","179","74","74","-3","10","8","3","10","8","29","150","149","0","-1","17","81.5"
"3548","292","177","79","79","-3","10","1","3","10","0","29","150","149","0","-1","17","81.5"
"3549","293","178","77","77","-3","10","4","3","10","4","29","150","149","0","0","17","81.5"
"3550","293","178","77","77","-3","10","4","3","10","4","29","150","149","0","0","17","81.5"
"3551","296","180","72","72","-4","10","10","4","10","10","29","150","149","0","0","17","81.5"
"3552","297","181","71","71","-4","10","11","4","10","11","29","150","149","0","0","17","82.5"
"3553","297","180","72","72","-4","10","10","4","10","10","29","150","149","0","0","17","82.5"
"3554","297","180","71","71","-4","10","11","4","10","11","29","150","149","0","0","17","82.5"
"3555","297","180","71","71","-4","10","11","4","10","11","29","150","149","0","0","17","82.5"
"3556","297","180","71","71","-4","10","11","4","10","11","29","150","149","0","0","17","82.5"
"3557","298","180","70","70","-4","10","12","4","10","12","29","150","149","0","0","17","82.5"
"3558","298","180","70","70","-4","10","12","4","10","12","29","150","149","0","0","17","82.5"
"3559","298","179","71","71","-4","11","11","4","11","11","29","150","149","0","0","17","82.5"
"3560","298","179","71","71","-4","11","11","4","11","11","29","150","149","0","0","17","82.5"
"3561","298","179","73","73","-4","10","9","4","10","9","29","150","149","0","0","17","82.5"
"3562","298","179","73","73","-4","10","9","4","10","9","29","150","149","0","0","17","82.5"
"3563","300","180","70","70","-5","10","12","5","10","12","29","150","149","0","0","17","82.5"
"3564","299","179","71","71","-4","11","11","4","11","11","29","150","149","0","0","17","82.5"
"3565","299","179","71","71","-4","11","11","4","11","11","29","150","149","0","-1","17","82.5"
"3566","299","179","71","71","-4","11","11","4","11","11","29","150","149","0","-1","17","82.5"
"3567","300","180","70","70","-5","10","12","5","10","12","29","150","149","0","-1","17","82.5"
"3568","300","181","70","70","-5","10","12","5","10","12","29","150","149","0","-1","17","82.5"
"3569","300","181","70","70","-5","10","12","5","10","12","29","150","149","0","-1","17","82.5"
"3570","300","181","69","69","-4","10","14","4","10","14","29","150","150","0","-1","17","82.5"
"3571","301","182","68","68","-5","10","15","5","10","15","29","150","150","0","-1","17","82.5"
"3572","301","182","67","67","-4","10","16","4","10","16","29","150","150","0","-1","17","82.5"
"3573","301","182","67","67","-4","10","16","4","10","16","29","150","150","0","-1","17","82.5"
"3574","301","183","68","68","-5","10","15","5","10","15","29","150","150","0","-1","18","82.5"
"3575","301","183","67","67","-4","10","16","4","10","16","29","150","150","0","-1","18","82.5"
"3576","301","184","66","66","-4","10","18","4","10","18","29","150","150","0","-1","18","82.5"
"3577","301","184","66","66","-4","10","18","4","10","18","29","150","150","0","-1","18","82.5"
"3578","301","184","66","66","-4","10","18","4","10","18","29","150","150","0","-1","18","82.5"
"3579","301","183","69","69","-5","10","14","5","10","14","29","150","150","0","-1","18","82.5"
"3580","301","183","69","69","-5","10","14","5","10","14","29","150","150","0","-1","18","82.5"
"3581","301","184","68","68","-5","9","15","5","9","15","29","150","150","0","-1","18","82.5"
"3582","300","184","70","70","-5","9","12","5","9","12","29","150","150","0","-1","18","82.5"
"3583","300","184","70","70","-5","9","12","5","9","12","29","150","150","0","-1","18","82.5"
"3584","302","186","64","64","-4","9","20","4","9","20","29","150","150","0","-1","18","82.5"
"3585","300","185","68","68","-4","9","15","4","9","15","29","150","150","0","-1","18","82.5"
"3586","300","186","66","66","-4","9","18","4","9","18","29","150","150","0","-1","18","82.5"
"3587","300","186","66","66","-4","9","18","4","9","18","29","150","150","0","-1","18","82.5"
"3588","298","185","70","70","-4","8","12","4","8","12","29","150","150","0","-1","18","82.5"
"3589","299","186","68","68","-4","8","15","4","8","15","29","150","150","0","-1","18","82.5"
"3590","299","186","68","68","-4","8","15","4","8","15","29","150","150","0","-1","18","82.5"
"3591","299","187","67","67","-4","8","16","4","8","16","29","150","150","0","-1","18","82.5"
"3592","300","188","64","64","-4","8","20","4","8","20","29","150","150","0","-1","18","82.5"
"3593","298","188","68","68","-4","8","15","4","8","15","29","150","150","0","-1","18","82.5"
"3594","298","188","68","68","-4","8","15","4","8","15","29","150","150","0","-1","18","82.5"
"3595","298","189","66","66","-3","8","18","3","8","18","29","150","150","0","0","19","82.5"
"3596","298","188","68","68","-4","8","15","4","8","15","29","150","150","0","0","19","82.5"
"3597","298","189","67","67","-3","8","16","3","8","16","29","150","150","0","0","19","82.5"
"3598","298","189","67","67","-3","8","16","3","8","16","29","150","150","0","0","19","82.5"
"3599","295","188","70","70","-3","7","12","3","7","12","29","150","150","0","0","19","82.5"
"3600","295","188","70","70","-3","7","12","3","7","12","29","150","150","0","0","19","82.5"
"3601","295","188","71","71","-3","7","11","3","7","11","29","150","150","0","0","19","82.5"
"3602","293","188","71","71","-2","7","11","0","7","11","29","150","150","0","0","19","82.5"
"3603","294","190","69","69","-2","7","14","0","7","14","29","150","150","0","0","19","82.5"
"3604","294","190","69","69","-2","7","14","0","7","14","29","150","150","0","0","19","82.5"
"3605","292","190","69","69","-2","7","14","0","7","14","29","150","150","0","0","19","82.5"
"3606","292","190","69","69","-2","7","14","0","7","14","29","150","150","0","0","19","82.5"
"3607","292","190","69","69","-2","7","14","0","7","14","29","150","150","0","0","19","82.5"
"3608","290","190","71","71","-2","6","11","0","6","11","29","150","150","0","0","18","82.5"
"3609","288","190","72","72","-1","6","10","0","6","10","29","150","150","0","0","18","82.5"
"3610","287","190","74","74","-1","5","8","0","5","8","29","150","150","0","0","18","82.5"
"3611","287","190","74","74","-1","5","8","0","5","8","29","150","150","0","0","18","82.5"
"3612","287","190","73","73","-1","6","9","0","6","9","29","150","151","0","0","18","82.5"
"3613","287","191","72","72","-1","5","10","0","5","10","29","150","151","0","0","18","82.5"
"3614","288","193","72","72","-1","5","10","0","5","10","29","150","151","0","0","18","82.5"
"3615","288","193","72","72","-1","5","10","0","5","10","29","150","151","0","0","18","82.5"
"3616","289","194","69","69","-1","5","14","0","5","14","29","150","151","0","0","18","82.5"
"3617","289","193","71","71","-1","5","11","0","5","11","29","150","151","0","0","18","82.5"
"3618","289","193","71","71","-1","5","11","0","5","11","29","150","151","0","0","18","82.5"
"3619","291","193","71","71","-2","5","11","0","5","11","29","150","151","0","0","18","82.5"
"3620","293","194","69","69","-2","5","14","0","5","14","29","150","151","0","0","18","82.5"
"3621","293","194","69","69","-2","5","14","0","5","14","29","150","151","0","0","18","82.5"
"3622","295","193","69","69","-3","5","14","3","5","14","29","150","151","0","0","18","82.5"
"3623","298","194","67","67","-3","5","16","3","5","16","29","150","151","0","0","18","82.5"
"3624","299","193","70","70","-4","5","12","4","5","12","29","150","151","0","0","18","82.5"
"3625","299","193","70","70","-4","5","12","4","5","12","29","150","151","0","0","18","82.5"
"3626","303","195","68","68","-5","5","15","5","5","15","29","150","151","0","0","18","82.5"
"3627","305","194","69","69","-6","5","14","6","5","14","29","150","151","0","0","18","82.5"
"3628","305","194","69","69","-6","5","14","6","5","14","29","150","151","0","0","18","82.5"
"3629","309","196","68","68","-7","4","15","7","4","15","29","150","151","0","0","18","82.5"
"3630","311","196","68","68","-8","4","15","8","4","15","29","150","151","0","0","18","82.5"
"3631","315","198","65","65","-8","4","19","8","4","19","29","150","151","0","0","18","82.5"
"3632","315","198","65","65","-8","4","19","8","4","19","29","150","151","0","0","18","82.5"
"3633","317","197","66","66","-9","4","18","9","4","18","29","150","151","0","0","18","82.5"
"3634","318","198","66","66","-10","4","18","10","4","18","29","150","151","0","0","18","82.5"
"3635","318","198","66","66","-10","4","18","10","4","18","29","150","151","0","0","18","82.5"
"3636","319","196","68","68","-10","4","15","10","4","15","29","150","151","0","0","18","82.5"
"3637","322","199","63","63","-10","4","21","10","4","21","29","150","151","0","0","18","82.5"
"3638","322","199","63","63","-10","4","21","10","4","21","29","150","151","0","0","18","82.5"
"3639","322","196","65","65","-11","5","19","11","5","19","29","150","151","0","0","18","81.5"
"3640","322","196","65","65","-11","5","19","11","5","19","29","150","151","0","0","18","81.5"
"3641","322","196","65","65","-11","5","19","11","5","19","29","150","151","0","0","18","81.5"
"3642","323","195","64","64","-11","5","20","11","5","20","29","150","151","0","0","18","81.5"
"3643","323","195","64","64","-11","5","20","11","5","20","29","150","151","0","0","18","81.5"
"3644","322","194","63","63","-10","6","21","10","6","21","29","150","151","0","0","18","81.5"
"3645","322","193","64","64","-11","6","20","11","6","20","29","150","151","0","0","18","81.5"
"3646","321","193","65","65","-10","6","19","10","6","19","29","150","151","0","0","18","81.5"
"3647","321","193","65","65","-10","6","19","10","6","19","29","150","151","0","0","18","81.5"
"3648","320","191","67","67","-10","7","16","10","7","16","29","150","151","0","0","18","81.5"
"3649","319","191","67","67","-10","7","16","10","7","16","29","150","151","0","0","18","81.5"
"3650","319","191","65","65","-10","7","19","10","7","19","29","150","151","0","0","18","81.5"
"3651","318","191","66","66","-10","7","18","10","7","18","29","150","151","0","0","18","81.5"
"3652","318","191","66","66","-10","7","18","10","7","18","29","150","151","0","0","18","81.5"
"3653","318","191","63","63","-9","8","21","9","8","21","29","150","152","0","0","18","81.5"
"3654","315","189","66","66","-9","8","18","9","8","18","29","150","152","0","0","18","81.5"
"3655","315","189","65","65","-8","8","19","8","8","19","29","150","152","0","0","18","81.5"
"3656","315","189","65","65","-8","8","19","8","8","19","29","150","152","0","0","18","81.5"
"3657","312","187","69","69","-8","8","14","8","8","14","29","150","152","0","0","18","81.5"
"3658","311","188","67","67","-8","8","16","8","8","16","29","150","152","0","0","18","81.5"
"3659","311","188","67","67","-8","8","16","8","8","16","29","150","152","0","0","18","81.5"
"3660","311","188","66","66","-8","8","18","8","8","18","29","150","152","0","0","18","81.5"
"3661","309","188","66","66","-7","8","18","7","8","18","29","150","152","0","0","18","81.5"
"3662","309","188","66","66","-7","8","18","7","8","18","29","150","152","0","0","19","81.5"
"3663","307","187","69","69","-7","8","14","7","8","14","29","150","152","0","0","19","81.5"
"3664","306","188","69","69","-6","8","14","6","8","14","29","150","152","0","0","19","81.5"
"3665","306","188","69","69","-6","8","14","6","8","14","29","150","152","0","0","19","81.5"
"3666","305","188","67","67","-6","8","16","6","8","16","29","150","152","0","0","19","81.5"
"3667","304","188","67","67","-5","8","16","5","8","16","29","150","152","0","0","19","81.5"
"3668","304","188","67","67","-5","8","16","5","8","16","29","150","152","0","0","19","81.5"
"3669","304","190","66","66","-5","7","18","5","7","18","29","150","152","0","0","19","81.5"
"3670","301","188","71","71","-5","7","11","5","7","11","29","150","152","0","0","19","81.5"
"3671","301","188","71","71","-5","7","11","5","7","11","29","150","152","0","0","19","81.5"
"3672","300","188","71","71","-5","7","11","5","7","11","29","150","152","0","0","19","81.5"
"3673","299","188","72","72","-5","7","10","5","7","10","29","150","152","0","0","19","81.5"
"3674","297","188","72","72","-4","7","10","4","7","10","29","150","152","0","0","19","81.5"
"3675","297","188","72","72","-4","7","10","4","7","10","29","150","152","0","0","19","81.5"
"3676","297","189","70","70","-4","7","12","4","7","12","29","150","152","0","0","19","81.5"
"3677","297","189","70","70","-4","7","12","4","7","12","29","150","152","0","0","19","81.5"
"3678","296","189","69","69","-3","7","14","3","7","14","29","150","152","0","0","19","81.5"
"3679","296","190","68","68","-3","7","15","3","7","15","29","150","152","0","0","19","81.5"
"3680","296","191","67","67","-3","7","16","3","7","16","29","150","152","0","0","19","81.5"
"3681","296","191","67","67","-3","7","16","3","7","16","29","150","152","0","0","19","82"
"3682","292","190","72","72","-2","6","10","0","6","10","29","150","152","0","0","19","82"
"3683","292","190","72","72","-2","6","10","0","6","10","29","150","152","0","0","19","82"
"3684","292","190","72","72","-2","6","10","0","6","10","29","150","152","0","0","19","82"
"3685","291","191","71","71","-2","6","11","0","6","11","29","150","152","0","0","19","82"
"3686","291","191","71","71","-2","6","11","0","6","11","29","150","152","0","0","19","82"
"3687","290","191","72","72","-2","5","10","0","5","10","29","150","152","0","0","19","82"
"3688","288","191","73","73","-1","5","9","0","5","9","29","150","152","0","0","19","82"
"3689","288","191","73","73","-1","5","9","0","5","9","29","150","152","0","0","19","82"
"3690","289","192","73","73","-2","5","9","0","5","9","29","150","152","0","0","19","82"
"3691","288","193","71","71","-1","5","11","0","5","11","29","150","152","0","0","19","82"
"3692","288","193","71","71","-1","5","11","0","5","11","29","150","152","0","0","19","82"
"3693","288","193","72","72","-1","5","10","0","5","10","29","150","152","0","0","19","82"
"3694","288","194","71","71","-1","5","11","0","5","11","29","150","152","0","0","19","82"
"3695","288","194","71","71","-1","5","11","0","5","11","29","150","152","0","0","19","82"
"3696","286","194","73","73","-1","4","9","0","4","9","29","150","152","0","0","19","82"
"3697","284","194","75","75","0","4","6","0","4","6","29","150","152","0","0","19","82"
"3698","285","195","73","73","0","4","9","0","4","9","29","150","153","0","0","19","82"
"3699","285","195","73","73","0","4","9","0","4","9","29","150","153","0","0","19","82"
"3700","285","195","73","73","0","4","9","0","4","9","29","150","153","0","0","19","82"
"3701","284","196","75","75","0","3","6","0","3","6","29","150","153","0","0","19","82"
"3702","284","196","75","75","0","3","6","0","3","6","29","150","153","0","0","19","82"
"3703","282","195","76","76","0","3","5","0","3","5","28","150","153","0","0","19","82"
"3704","282","195","77","77","0","3","4","0","3","4","28","150","153","0","0","19","82"
"3705","282","197","76","76","0","2","5","0","2","5","28","150","153","0","0","19","82"
"3706","282","197","76","76","0","2","5","0","2","5","28","150","153","0","0","19","82"
"3707","281","197","77","77","0","2","4","0","2","4","28","150","153","0","0","19","82"
"3708","281","197","77","77","0","2","4","0","2","4","28","150","153","0","0","19","82"
"3709","281","198","77","77","0","2","4","0","2","4","28","150","153","0","0","19","82"
"3710","280","200","76","76","1","1","5","0","0","5","28","150","153","0","0","19","82"
"3711","280","200","76","76","1","1","5","0","0","5","28","150","153","0","0","19","82"
"3712","279","198","79","79","1","1","1","0","0","0","28","160","153","0","0","19","82"
"3713","280","199","77","77","1","1","4","0","0","4","28","160","153","0","0","19","82"
"3714","279","200","77","77","1","1","4","0","0","4","28","160","153","0","0","19","82"
"3715","279","200","77","77","1","1","4","0","0","4","28","160","153","0","0","19","82"
"3716","278","200","78","78","1","0","2","0","0","2","28","160","153","0","0","19","82"
"3717","278","200","78","78","1","0","2","0","0","2","28","160","153","0","0","19","82"
"3718","277","200","79","79","1","0","1","0","0","0","28","160","153","0","0","19","82"
"3719","277","201","79","79","1","0","1","0","0","0","28","160","153","0","0","19","82"
"3720","278","202","77","77","1","0","4","0","0","4","28","160","153","0","0","19","82"
"3721","278","202","77","77","1","0","4","0","0","4","28","160","153","0","0","19","82"
"3722","276","201","79","79","2","0","1","-2","0","0","28","160","153","0","0","19","82"
"3723","276","201","79","79","2","0","1","-2","0","0","28","160","153","0","0","19","82"
"3724","276","201","79","79","2","0","1","-2","0","0","28","160","153","0","0","19","82"
"3725","277","202","78","78","1","0","2","0","0","2","28","160","153","0","0","19","82"
"3726","275","201","82","82","1","-1","-2","0","0","0","28","160","153","0","0","19","82"
"3727","275","202","82","82","1","-1","-2","0","0","0","28","160","153","0","0","19","82"
"3728","275","202","82","82","1","-1","-2","0","0","0","28","160","153","0","0","19","82"
"3729","274","201","84","84","1","-1","-5","0","0","-5","28","160","153","0","0","19","82"
"3730","274","201","84","84","1","-1","-5","0","0","-5","28","160","153","0","0","19","82"
"3731","276","202","83","83","1","-1","-4","0","0","-4","28","160","153","0","0","19","82"
"3732","276","202","83","83","1","-1","-4","0","0","-4","28","160","153","0","0","19","82"
"3733","276","202","84","84","1","-2","-5","0","0","-5","28","160","153","0","0","19","82"
"3734","280","203","81","81","0","-1","-1","0","0","0","28","160","153","0","0","19","82"
"3735","283","203","83","83","-1","-2","-4","0","0","-4","28","160","153","0","0","19","82"
"3736","283","203","83","83","-1","-2","-4","0","0","-4","28","160","153","0","0","19","82"
"3737","287","204","80","80","-2","-2","0","0","0","0","28","160","153","0","0","19","82"
"3738","289","202","84","84","-3","-2","-5","3","0","-5","28","160","153","0","0","19","82"
"3739","289","202","84","84","-3","-2","-5","3","0","-5","28","150","154","0","0","19","82"
"3740","293","203","85","85","-5","-2","-6","5","0","-6","28","150","154","0","0","19","82"
"3741","299","204","84","84","-7","-2","-5","7","0","-5","28","150","154","0","0","19","82"
"3742","299","204","84","84","-7","-2","-5","7","0","-5","28","150","154","0","0","19","82"
"3743","307","206","82","82","-9","-3","-2","9","-3","0","28","150","154","0","0","19","82"
"3744","312","204","85","85","-11","-2","-6","11","0","-6","28","150","154","0","0","19","82"
"3745","312","204","85","85","-11","-2","-6","11","0","-6","28","150","154","0","0","19","82"
"3746","318","205","85","85","-12","-3","-6","12","-3","-6","28","150","154","0","0","19","82"
"3747","327","205","87","87","-16","-3","-9","16","-3","-9","28","150","154","0","0","19","82"
"3748","327","205","87","87","-16","-3","-9","16","-3","-9","28","150","154","0","0","19","82"
"3749","336","208","84","84","-18","-4","-5","18","-4","-5","28","150","154","0","0","19","82"
"3750","345","208","85","85","-21","-4","-6","21","-4","-6","28","150","154","0","0","19","82"
"3751","345","208","85","85","-21","-4","-6","21","-4","-6","28","150","154","0","0","19","82"
"3752","356","210","85","85","-24","-5","-6","24","-5","-6","28","150","154","0","0","19","82"
"3753","368","213","85","85","-28","-6","-6","28","-6","-6","28","150","154","0","0","20","82"
"3754","368","213","85","85","-28","-6","-6","28","-6","-6","28","150","154","0","0","20","82"
"3755","378","213","88","88","-32","-7","-10","32","-7","-10","28","150","154","0","0","20","82"
"3756","378","213","88","88","-32","-7","-10","32","-7","-10","28","150","154","0","0","20","82"
"3757","392","216","86","86","-36","-8","-8","36","-8","-8","28","150","154","0","0","20","82"
"3758","404","217","87","87","-40","-8","-9","40","-8","-9","28","150","154","0","0","20","82"
"3759","404","217","87","87","-40","-8","-9","40","-8","-9","28","150","154","0","0","20","82"
"3760","415","215","90","90","-44","-8","-12","44","-8","-12","28","150","154","0","0","20","82"
"3761","426","214","89","89","-47","-8","-11","47","-8","-11","28","150","154","0","0","20","82"
"3762","426","214","89","89","-47","-8","-11","47","-8","-11","28","150","154","0","0","20","82"
"3763","437","214","85","85","-50","-7","-6","50","-7","-6","28","150","154","0","0","22","82"
"3764","443","209","90","90","-52","-6","-12","52","-6","-12","28","150","154","0","0","22","82"
"3765","443","209","90","90","-52","-6","-12","52","-6","-12","28","150","154","0","0","22","82"
"3766","452","207","87","87","-55","-4","-9","55","-4","-9","28","150","154","0","0","22","82"
"3767","457","205","86","86","-56","-3","-8","56","-3","-8","28","150","154","0","0","24","82"
"3768","457","205","86","86","-56","-3","-8","56","-3","-8","28","150","154","0","0","24","82"
"3769","459","202","88","88","-57","-2","-10","57","0","-10","28","150","154","0","0","24","82"
"3770","461","202","86","86","-57","-2","-8","57","0","-8","28","150","154","0","0","24","82"
"3771","461","202","86","86","-57","-2","-8","57","0","-8","28","150","154","0","0","24","82"
"3772","460","200","87","87","-57","-1","-9","57","0","-9","28","150","154","0","0","27","82"
"3773","460","200","87","87","-57","-1","-9","57","0","-9","28","150","154","0","0","27","82"
"3774","460","200","87","87","-57","-1","-9","57","0","-9","28","150","154","0","0","27","82"
"3775","454","199","90","90","-56","-2","-12","56","0","-12","28","150","154","0","0","27","82"
"3776","449","200","87","87","-54","-1","-9","54","0","-9","28","150","154","0","0","31","82"
"3777","449","200","87","87","-54","-1","-9","54","0","-9","28","150","154","0","0","31","82"
"3778","443","200","87","87","-52","-1","-9","52","0","-9","28","150","154","0","0","31","82"
"3779","434","200","86","86","-49","-1","-8","49","0","-8","28","150","154","0","0","31","82"
"3780","434","200","86","86","-49","-1","-8","49","0","-8","28","150","154","0","0","31","82"
"3781","426","199","87","87","-47","-1","-9","47","0","-9","28","150","154","0","0","35","82"
"3782","418","198","85","85","-44","0","-6","44","0","-6","28","150","154","0","0","35","82"
"3783","418","198","85","85","-44","0","-6","44","0","-6","28","150","154","0","0","35","82"
"3784","407","196","87","87","-41","0","-9","41","0","-9","28","150","154","0","0","35","82"
"3785","399","196","84","84","-38","1","-5","38","0","-5","28","150","154","0","0","35","82"
"3786","399","196","84","84","-38","1","-5","38","0","-5","28","150","155","0","0","39","82"
"3787","392","195","84","84","-36","1","-5","36","0","-5","28","150","155","0","0","39","82"
"3788","383","194","83","83","-32","2","-4","32","2","-4","28","150","155","0","0","39","82"
"3789","383","194","83","83","-32","2","-4","32","2","-4","28","150","155","0","0","39","82"
"3790","375","193","86","86","-31","2","-8","31","2","-8","28","150","155","0","0","42","82"
"3791","375","193","86","86","-31","2","-8","31","2","-8","28","150","155","0","0","42","82"
"3792","375","193","86","86","-31","2","-8","31","2","-8","28","150","155","0","0","42","82"
"3793","375","193","86","86","-31","2","-8","31","2","-8","28","150","155","0","0","42","82"
"3794","375","193","86","86","-31","2","-8","31","2","-8","28","150","155","0","0","42","82"
"3795","375","193","86","86","-31","2","-8","31","2","-8","28","150","155","0","0","42","82"
"3796","375","193","86","86","-31","2","-8","31","2","-8","28","150","155","0","0","42","82"
"3797","364","193","87","87","-27","2","-9","27","2","-9","28","150","155","0","0","45","82"
"3798","363","198","81","81","-26","1","-1","26","0","0","28","150","155","0","0","45","82"
"3799","363","197","84","84","-27","0","-5","27","0","-5","28","150","155","0","0","46","82"
"3800","367","198","81","81","-27","1","-1","27","0","0","28","150","155","0","0","46","82"
"3801","369","197","84","84","-28","0","-5","28","0","-5","28","150","155","0","0","46","82"
"3802","369","197","84","84","-28","0","-5","28","0","-5","28","150","155","0","0","46","82"
"3803","369","197","84","84","-28","0","-5","28","0","-5","28","150","155","0","0","46","82"
"3804","369","197","84","84","-28","0","-5","28","0","-5","28","150","155","0","0","46","82"
"3805","369","197","84","84","-28","0","-5","28","0","-5","28","150","155","0","0","46","82"
"3806","369","197","84","84","-28","0","-5","28","0","-5","28","150","155","0","0","46","82"
"3807","376","194","82","82","-30","2","-2","30","2","0","28","150","155","0","0","48","82"
"3808","531","180","68","68","-77","11","15","77","11","15","28","150","155","0","0","50","82"
"3809","379","186","81","81","-31","6","-1","31","6","15","28","150","155","0","0","50","82"
"3810","379","186","81","81","-31","6","-1","31","6","0","28","150","155","0","0","50","82"
"3811","378","185","81","81","-31","6","-1","31","6","0","28","150","155","0","0","50","82"
"3812","378","185","81","81","-31","6","-1","31","6","0","28","150","155","0","0","50","82"
"3813","378","185","81","81","-31","6","-1","31","6","0","28","150","155","0","0","50","82"
"3814","378","185","80","80","-31","6","0","31","6","0","28","150","155","0","0","51","82"
"3815","375","184","81","81","-30","7","-1","30","7","0","28","150","155","0","0","51","82"
"3816","375","184","81","81","-30","7","-1","30","7","0","28","150","155","0","0","51","82"
"3817","369","185","79","79","-28","7","1","28","7","0","28","150","155","0","0","53","82"
"3818","366","185","78","78","-27","7","2","27","7","2","28","150","155","0","0","53","82"
"3819","363","185","74","74","-25","8","8","25","8","8","28","150","155","0","0","55","82"
"3820","363","185","74","74","-25","8","8","25","8","8","28","150","155","0","0","55","82"
"3821","357","182","78","78","-24","8","2","24","8","2","28","150","155","0","0","56","82"
"3822","352","183","76","76","-22","8","5","22","8","5","28","150","155","0","0","56","82"
"3823","347","184","73","73","-20","8","9","20","8","9","28","150","155","0","0","56","82"
"3824","340","183","75","75","-18","8","6","18","8","6","28","150","155","0","0","56","82"
"3825","334","182","75","75","-16","9","6","16","9","6","28","150","156","0","0","58","82"
"3826","334","182","75","75","-16","9","6","16","9","6","28","150","156","0","0","58","82"
"3827","327","183","75","75","-14","8","6","14","8","6","28","150","156","0","0","58","82"
"3828","323","183","73","73","-12","9","9","12","9","9","28","150","156","0","0","59","82"
"3829","316","183","73","73","-10","9","9","10","9","9","28","150","156","0","0","59","82"
"3830","312","183","73","73","-9","9","9","9","9","9","28","150","156","0","0","59","82"
"3831","306","183","73","73","-7","9","9","7","9","9","28","150","156","0","0","59","82"
"3832","301","183","74","74","-6","8","8","6","8","8","28","150","156","0","0","60","82"
"3833","298","183","73","73","-4","9","9","4","9","9","28","150","156","0","0","60","82"
"3834","298","183","73","73","-4","9","9","4","9","9","28","150","156","0","0","60","82"
"3835","294","183","74","74","-3","8","8","3","8","8","28","150","156","0","0","60","82"
"3836","290","182","73","73","-2","9","9","0","9","9","28","150","156","0","0","60","82"
"3837","287","183","72","72","-1","9","10","0","9","10","28","150","156","0","0","60","82"
"3838","283","183","73","73","0","9","9","0","9","9","28","150","156","0","0","60","82"
"3839","281","183","73","73","1","9","9","0","9","9","28","150","156","0","0","61","82"
"3840","278","184","71","71","2","9","11","-2","9","11","28","150","156","0","0","61","82"
"3841","275","182","75","75","2","9","6","-2","9","6","28","150","156","0","0","61","82"
"3842","273","183","73","73","3","9","9","-3","9","9","28","150","156","-1","0","61","82"
"3843","273","183","73","73","3","9","9","-3","9","9","28","150","156","-1","0","61","82"
"3844","272","182","74","74","3","9","8","-3","9","8","28","150","156","-1","0","61","82"
"3845","270","182","75","75","4","9","6","-4","9","6","28","150","156","-1","0","61","82"
"3846","269","183","73","73","5","9","9","-5","9","9","28","150","156","-1","0","61","82"
"3847","268","184","71","71","5","9","11","-5","9","11","28","150","156","-1","0","61","82"
"3848","267","183","74","74","5","8","8","-5","8","8","28","150","156","-1","0","61","82"
"3849","266","183","76","76","5","8","5","-5","8","5","28","150","156","0","0","61","82.5"
"3850","264","183","77","77","6","8","4","-6","8","4","28","150","156","0","0","61","82.5"
"3851","264","188","77","77","6","6","4","-6","6","4","28","150","156","0","0","61","82.5"
"3852","264","188","77","77","6","6","4","-6","6","4","28","150","156","0","0","61","82.5"
"3853","265","194","74","74","6","4","8","-6","4","8","28","150","156","0","0","61","82.5"
"3854","265","200","75","75","6","1","6","-6","0","6","28","150","156","0","0","61","82.5"
"3855","265","209","74","74","6","-2","8","-6","0","8","28","150","156","0","0","61","82.5"
"3856","266","219","74","74","5","-7","8","-5","-7","8","28","150","156","-1","0","61","82.5"
"3857","265","229","77","77","5","-11","4","-5","-11","4","28","150","156","-1","0","61","82.5"
"3858","264","242","76","76","6","-17","5","-6","-17","5","28","150","156","-1","0","61","82.5"
"3859","264","242","76","76","6","-17","5","-6","-17","5","28","150","156","-1","0","61","82.5"
"3860","265","254","75","75","6","-21","6","-6","-21","6","28","150","157","0","0","61","82.5"
"3861","264","268","76","76","6","-28","5","-6","-28","5","28","150","157","0","0","61","82.5"
"3862","264","283","75","75","6","-33","6","-6","-33","6","28","150","157","0","0","61","82.5"
"3863","262","296","77","77","6","-39","4","-6","-39","4","28","150","157","-1","0","60","82.5"
"3864","263","312","76","76","6","-46","5","-6","-46","5","28","150","157","-1","0","60","82.5"
"3865","262","325","76","76","6","-51","5","-6","-51","5","28","150","157","-1","0","60","82.5"
"3866","260","339","78","78","7","-57","2","-7","-57","2","28","150","157","-1","0","60","82.5"
"3867","259","353","80","80","7","-64","0","-7","-64","0","28","150","157","0","0","60","82.5"
"3868","259","353","80","80","7","-64","0","-7","-64","0","28","150","157","0","0","60","82.5"
"3869","260","364","78","78","7","-68","2","-7","-68","2","28","150","157","0","0","60","82.5"
"3870","258","376","78","78","7","-73","2","-7","-73","2","28","150","157","-1","0","60","82.5"
"3871","258","386","77","77","8","-77","4","-8","-77","4","28","150","157","-1","0","60","82.5"
"3872","259","394","75","75","8","-80","6","-8","-80","6","28","150","157","-1","0","60","82.5"
"3873","260","402","70","70","8","-82","12","-8","-82","12","28","150","157","-1","0","60","82.5"
"3874","260","402","70","70","8","-82","12","-8","-82","12","28","150","157","-1","0","60","82.5"
"3875","261","409","67","67","8","-84","16","-8","-84","16","28","150","157","-1","0","60","82.5"
"3876","263","412","65","65","8","-85","19","-8","-85","19","28","150","157","-1","0","60","82.5"
"3877","265","416","61","61","8","-86","24","-8","-86","24","28","150","157","-1","0","60","82.5"
"3878","265","416","61","61","8","-86","24","-8","-86","24","28","150","157","0","0","60","82.5"
"3879","266","417","60","60","8","-86","25","-8","-86","25","28","150","157","0","0","60","82.5"
"3880","265","413","64","64","7","-85","20","-7","-85","20","28","150","157","0","0","60","82.5"
"3881","266","412","64","64","7","-85","20","-7","-85","20","28","150","157","0","0","60","82.5"
"3882","266","409","67","67","7","-84","16","-7","-84","16","28","140","157","0","0","59","82.5"
"3883","266","409","67","67","7","-84","16","-7","-84","16","28","140","157","0","0","59","82.5"
"3884","266","406","70","70","6","-84","12","-6","-84","12","28","140","157","0","0","59","82.5"
"3885","266","404","71","71","6","-83","11","-6","-83","11","28","140","157","0","0","59","82.5"
"3886","266","403","71","71","6","-82","11","-6","-82","11","28","140","157","0","0","59","83"
"3887","265","400","75","75","6","-82","6","-6","-82","6","28","140","157","0","0","59","83"
"3888","265","400","75","75","6","-82","6","-6","-82","6","28","140","157","0","0","59","83"
"3889","264","397","78","78","5","-82","2","-5","-82","2","28","140","157","0","0","59","83"
"3890","265","395","78","78","5","-81","2","-5","-81","2","28","130","157","0","0","58","83"
"3891","265","395","78","78","5","-81","2","-5","-81","2","28","130","157","0","0","58","83"
"3892","263","389","84","84","5","-80","-5","-5","-80","-5","28","130","157","0","0","58","83"
"3893","262","382","90","90","4","-78","-12","-4","-78","-12","28","130","157","0","0","58","83"
"3894","262","375","91","91","4","-75","-14","-4","-75","-14","28","130","157","0","0","57","83"
"3895","261","368","94","94","4","-73","-18","-4","-73","-18","28","130","157","0","0","57","83"
"3896","261","368","94","94","4","-73","-18","-4","-73","-18","28","130","157","0","0","57","83"
"3897","260","358","98","98","3","-70","-22","-3","-70","-22","28","130","157","0","0","57","83"
"3898","261","352","97","97","3","-67","-21","-3","-67","-21","28","120","158","0","0","57","83"
"3899","263","342","101","101","2","-63","-26","-2","-63","-26","28","120","158","0","0","57","83"
"3900","266","336","99","99","2","-60","-24","-2","-60","-24","28","120","158","0","0","57","83"
"3901","266","329","102","102","1","-58","-28","0","-58","-28","28","110","158","0","0","56","83"
"3902","266","329","102","102","1","-58","-28","0","-58","-28","28","110","158","0","0","56","83"
"3903","267","322","105","105","0","-56","-31","0","-56","-31","28","110","158","0","0","56","83"
"3904","268","318","108","108","-1","-55","-35","0","-55","-35","28","110","158","0","0","56","83"
"3905","269","315","109","109","-1","-54","-36","0","-54","-36","28","100","158","0","1","56","83"
"3906","272","313","106","106","-2","-52","-32","0","-52","-32","28","100","158","0","1","56","83"
"3907","270","308","111","111","-2","-51","-39","0","-51","-39","28","100","158","0","1","56","83"
"3908","274","306","104","104","-2","-49","-30","0","-49","-30","28","100","158","0","2","55","83"
"3909","274","298","107","107","-2","-46","-34","0","-46","-34","28","100","158","0","2","55","83"
"3910","274","298","107","107","-2","-46","-34","0","-46","-34","28","100","158","0","2","55","83"
"3911","276","290","106","106","-3","-43","-32","3","-43","-32","28","100","158","0","2","55","83"
"3912","280","282","103","103","-3","-39","-29","3","-39","-29","28","90","158","0","3","55","83"
"3913","281","273","102","102","-4","-35","-28","4","-35","-28","28","90","158","0","3","55","83"
"3914","283","263","102","102","-4","-31","-28","4","-31","-28","28","90","158","0","3","55","83"
"3915","286","252","99","99","-5","-25","-24","5","-25","-24","28","80","158","0","3","56","83"
"3916","289","239","98","98","-6","-20","-22","6","-20","-22","28","80","158","0","3","56","83"
"3917","293","229","92","92","-6","-15","-15","6","-15","-15","28","80","158","0","3","56","83"
"3918","293","229","92","92","-6","-15","-15","6","-15","-15","28","80","158","0","3","56","83"
"3919","295","216","92","92","-7","-9","-15","7","-9","-15","28","80","158","0","3","56","83"
"3920","296","205","91","91","-7","-4","-14","7","-4","-14","28","80","158","0","3","56","83"
"3921","298","197","88","88","-7","0","-10","7","0","-10","28","80","158","0","3","56","83"
"3922","299","181","89","89","-7","6","-11","7","6","-11","28","70","158","0","3","55","82"
"3923","299","181","89","89","-7","6","-11","7","6","-11","28","70","158","0","3","55","82"
"3924","302","177","83","83","-7","9","-4","7","9","-4","28","70","158","0","3","55","82"
"3925","301","169","85","85","-7","12","-6","7","12","-6","28","70","158","0","3","55","82"
"3926","301","169","85","85","-7","12","-6","7","12","-6","28","70","158","0","2","56","82"
"3927","302","163","85","85","-8","15","-6","8","15","-6","28","70","158","0","2","56","82"
"3928","303","158","82","82","-8","17","-2","8","17","0","28","70","158","0","2","56","82"
"3929","304","153","84","84","-8","19","-5","8","19","-5","28","70","158","0","1","56","82"
"3930","304","148","85","85","-8","21","-6","8","21","-6","28","70","158","0","1","56","82"
"3931","305","145","82","82","-8","22","-2","8","22","0","28","70","158","0","1","56","82"
"3932","304","142","84","84","-8","23","-5","8","23","-5","28","70","159","0","0","56","82"
"3933","305","139","84","84","-8","25","-5","8","25","-5","28","70","159","0","0","56","82"
"3934","305","138","84","84","-8","25","-5","8","25","-5","28","70","159","0","0","56","82"
"3935","305","136","84","84","-8","26","-5","8","26","-5","28","70","159","0","0","56","82"
"3936","305","134","83","83","-8","27","-4","8","27","-4","28","70","159","0","0","57","82"
"3937","306","135","80","80","-8","27","0","8","27","0","28","70","159","0","0","57","82"
"3938","306","135","80","80","-8","27","0","8","27","0","28","70","159","0","0","57","82"
"3939","305","134","81","81","-8","28","-1","8","28","0","28","70","159","0","0","57","82"
"3940","304","134","82","82","-8","27","-2","8","27","0","28","70","159","0","0","57","82"
"3941","304","133","82","82","-8","28","-2","8","28","0","28","70","159","0","0","57","82"
"3942","304","133","82","82","-8","28","-2","8","28","0","28","70","159","0","0","58","82"
"3943","304","135","80","80","-8","27","0","8","27","0","28","70","159","0","0","58","82"
"3944","304","135","80","80","-8","27","0","8","27","0","28","70","159","0","0","58","82"
"3945","304","136","80","80","-8","27","0","8","27","0","28","70","159","0","0","58","82"
"3946","302","137","78","78","-7","27","2","7","27","2","28","70","159","0","0","58","82"
"3947","300","138","79","79","-6","26","1","6","26","0","28","70","159","0","0","58","82"
"3948","300","141","76","76","-6","25","5","6","25","5","28","70","159","0","0","58","82"
"3949","298","142","77","77","-5","25","4","5","25","4","28","70","159","0","0","58","82"
"3950","296","143","78","78","-5","24","2","5","24","2","28","70","159","0","0","59","82"
"3951","293","145","79","79","-4","23","1","4","23","0","28","70","159","0","0","59","82"
"3952","291","146","79","79","-3","23","1","3","23","0","28","70","159","0","0","59","82"
"3953","291","151","75","75","-2","22","6","0","22","6","28","70","159","0","0","59","82"
"3954","287","153","78","78","-2","20","2","0","20","2","28","70","159","0","0","59","82"
"3955","287","153","78","78","-2","20","2","0","20","2","28","70","159","0","0","59","82"
"3956","286","155","77","77","-1","20","4","0","20","4","28","70","159","0","0","59","82"
"3957","285","159","74","74","-1","18","8","0","18","8","28","70","159","0","0","59","82"
"3958","283","160","76","76","0","18","5","0","18","5","28","70","159","0","0","59","82"
"3959","283","164","74","74","0","16","8","0","16","8","28","70","159","0","0","59","82"
"3960","283","164","74","74","0","16","8","0","16","8","28","70","159","0","0","60","82"
"3961","282","167","73","73","1","15","9","0","15","9","28","70","159","0","0","60","82"
"3962","282","170","72","72","1","14","10","0","14","10","28","70","159","0","0","60","82"
"3963","280","170","76","76","1","13","5","0","13","5","28","80","160","0","0","60","82"
"3964","280","173","73","73","1","13","9","0","13","9","28","80","160","0","0","60","82"
"3965","279","175","74","74","1","12","8","0","12","8","28","80","160","0","0","60","82"
"3966","279","177","73","73","2","11","9","-2","11","9","28","80","160","0","0","60","82"
"3967","279","179","73","73","2","10","9","-2","10","9","28","80","160","0","0","60","82"
"3968","279","181","74","74","1","9","8","0","9","8","28","80","160","0","0","60","82"
"3969","279","184","73","73","2","8","9","-2","8","9","28","80","160","0","0","60","82"
"3970","278","184","75","75","2","8","6","-2","8","6","28","80","160","0","0","60","82"
"3971","279","187","72","72","2","7","10","-2","7","10","28","80","160","0","0","60","82"
"3972","279","188","74","74","1","6","8","0","6","8","28","80","160","0","0","60","82"
"3973","279","188","74","74","1","6","8","0","6","8","28","80","160","0","0","60","82"
"3974","279","189","74","74","1","6","8","0","6","8","28","80","160","0","0","60","82"
"3975","280","193","70","70","2","5","12","-2","5","12","28","80","160","0","0","60","82"
"3976","281","193","71","71","1","5","11","0","5","11","28","80","160","0","0","60","82"
"3977","279","193","73","73","2","5","9","-2","5","9","28","80","160","0","0","60","82"
"3978","280","194","73","73","1","4","9","0","4","9","28","80","160","0","0","60","82"
"3979","280","195","73","73","1","4","9","0","4","9","28","80","160","0","0","60","82"
"3980","280","196","73","73","1","3","9","0","3","9","28","80","160","0","0","59","82"
"3981","281","197","73","73","1","3","9","0","3","9","28","80","160","0","0","59","82"
"3982","281","197","73","73","1","3","9","0","3","9","28","80","160","0","0","59","82"
"3983","281","198","72","72","1","2","10","0","2","10","28","80","160","0","0","59","82"
"3984","281","198","73","73","1","2","9","0","2","9","28","80","160","0","0","59","82"
"3985","281","199","72","72","1","2","10","0","2","10","28","80","160","0","0","59","82"
"3986","282","199","72","72","1","2","10","0","2","10","28","80","160","0","0","59","82"
"3987","283","200","70","70","1","2","12","0","2","12","28","80","160","0","0","59","82"
"3988","283","200","70","70","1","2","12","0","2","12","28","80","160","0","0","59","82"
"3989","283","201","71","71","1","2","11","0","2","11","28","80","160","0","0","59","82"
"3990","283","200","72","72","0","2","10","0","2","10","28","80","160","0","0","59","82"
"3991","283","200","72","72","0","2","10","0","2","10","28","80","160","0","0","59","82"
"3992","282","200","72","72","1","2","10","0","2","10","28","80","160","0","0","59","82"
"3993","283","201","71","71","1","2","11","0","2","11","28","80","160","0","0","59","82"
"3994","283","201","71","71","1","2","11","0","2","11","28","80","160","0","0","59","82"
"3995","284","202","70","70","0","1","12","0","0","12","28","80","160","0","0","59","82"
"3996","285","202","68","68","0","2","15","0","2","15","28","80","160","0","0","59","82"
"3997","284","201","70","70","0","2","12","0","2","12","28","80","161","0","0","59","82"
"3998","283","202","71","71","1","1","11","0","0","11","28","80","161","0","0","59","82"
"3999","283","202","71","71","1","1","11","0","0","11","28","80","161","0","0","59","82"
"4000","284","202","71","71","0","1","11","0","0","11","28","80","161","0","0","59","82"
"4001","282","202","73","73","1","1","9","0","0","9","27","80","161","0","0","59","82"
"4002","283","203","71","71","1","1","11","0","0","11","27","80","161","0","0","59","82"
"4003","283","203","71","71","1","1","11","0","0","11","27","80","161","0","0","59","82"
"4004","283","203","71","71","1","1","11","0","0","11","27","80","161","0","0","59","82"
"4005","282","204","71","71","1","0","11","0","0","11","27","80","161","0","0","59","82"
"4006","282","205","71","71","1","0","11","0","0","11","27","80","161","0","0","59","82"
"4007","282","205","72","72","1","0","10","0","0","10","27","80","161","0","0","59","82"
"4008","281","204","74","74","1","0","8","0","0","8","27","80","161","0","0","59","82"
"4009","282","205","72","72","1","0","10","0","0","10","27","80","161","0","0","59","82"
"4010","282","205","72","72","1","0","10","0","0","10","27","80","161","0","0","59","82"
"4011","282","206","72","72","1","-1","10","0","0","10","27","80","161","0","0","59","82"
"4012","282","206","72","72","1","-1","10","0","0","10","27","80","161","0","0","59","82"
"4013","282","207","72","72","1","-1","10","0","0","10","27","80","161","0","0","59","82"
"4014","281","207","73","73","1","-1","9","0","0","9","27","80","161","0","0","59","82"
"4015","282","208","71","71","1","-1","11","0","0","11","27","80","161","0","0","59","82"
"4016","282","209","72","72","1","-2","10","0","0","10","27","80","161","0","0","59","82"
"4017","281","209","71","71","1","-2","11","0","0","11","27","80","161","0","0","59","82"
"4018","280","209","73","73","1","-2","9","0","0","9","27","80","161","0","0","59","82"
"4019","280","209","73","73","1","-2","9","0","0","9","27","80","161","0","0","59","82"
"4020","280","210","72","72","1","-2","10","0","0","10","27","80","161","0","0","59","82"
"4021","281","211","69","69","2","-2","14","-2","0","14","27","80","161","0","0","59","82"
"4022","281","211","69","69","2","-2","14","-2","0","14","27","80","161","0","0","59","82"
"4023","278","210","73","73","2","-2","9","-2","0","9","27","80","161","0","0","59","82"
"4024","275","209","75","75","2","-2","6","-2","0","6","27","80","161","0","0","59","82"
"4025","272","210","74","74","3","-3","8","-3","-3","8","27","80","161","0","0","59","82"
"4026","269","210","74","74","4","-3","8","-4","-3","8","27","80","161","0","0","59","82"
"4027","264","211","73","73","6","-3","9","-6","-3","9","27","80","161","0","0","59","82"
"4028","257","211","74","74","8","-3","8","-8","-3","8","27","80","161","0","0","59","82"
"4029","249","211","77","77","10","-4","4","-10","-4","4","27","80","161","0","0","59","82"
"4030","249","211","77","77","10","-4","4","-10","-4","4","27","80","161","0","0","59","82"
"4031","241","213","76","76","13","-5","5","-13","-5","5","27","80","162","0","0","59","82"
"4032","232","213","76","76","16","-5","5","-16","-5","5","27","80","162","0","0","59","82"
"4033","223","213","77","77","18","-5","4","-18","-5","4","27","80","162","0","0","59","82"
"4034","213","213","80","80","21","-5","0","-21","-5","0","27","80","162","0","0","59","82"
"4035","205","215","80","80","23","-6","0","-23","-6","0","27","80","162","0","0","59","82"
"4036","198","217","80","80","26","-7","0","-26","-7","0","27","80","162","0","0","59","82"
"4037","192","219","80","80","28","-8","0","-28","-8","0","27","80","162","0","0","59","82"
"4038","187","220","82","82","29","-9","-2","-29","-9","0","27","80","162","0","0","59","82"
"4039","185","224","82","82","29","-10","-2","-29","-10","0","27","80","162","0","0","59","82"
"4040","185","224","82","82","29","-10","-2","-29","-10","0","27","80","162","0","0","59","82"
"4041","181","224","84","84","30","-11","-5","-30","-11","-5","27","80","162","0","0","59","82"
"4042","182","228","81","81","31","-12","-1","-31","-12","0","27","80","162","0","0","58","82"
"4043","183","230","79","79","31","-12","1","-31","-12","0","27","80","162","0","0","58","82"
"4044","183","229","82","82","30","-12","-2","-30","-12","0","27","80","162","0","0","58","82"
"4045","184","229","82","82","30","-12","-2","-30","-12","0","27","80","162","0","0","56","82"
"4046","189","232","78","78","29","-13","2","-29","-13","2","27","80","162","0","0","56","82"
"4047","189","232","78","78","29","-13","2","-29","-13","2","27","80","162","0","0","56","82"
"4048","195","230","79","79","27","-12","1","-27","-12","0","27","80","162","0","0","56","82"
"4049","205","229","81","81","23","-12","-1","-23","-12","0","27","80","162","0","0","55","82"
"4050","219","231","76","76","20","-12","5","-20","-12","5","27","80","162","0","0","55","82"
"4051","232","230","76","76","16","-12","5","-16","-12","5","27","80","162","0","0","55","82"
"4052","245","227","79","79","11","-11","1","-11","-11","0","27","80","162","0","0","53","82"
"4053","260","226","78","78","7","-10","2","-7","-10","2","27","80","162","0","0","53","82"
"4054","273","224","81","81","2","-10","-1","-2","-10","0","27","80","162","0","0","53","82"
"4055","291","222","81","81","-3","-9","-1","3","-9","0","27","80","162","0","0","53","82"
"4056","291","222","81","81","-3","-9","-1","3","-9","0","27","80","162","0","0","51","82.5"
"4057","305","220","86","86","-9","-10","-8","9","-10","-8","27","80","162","0","0","51","82.5"
"4058","321","220","85","85","-13","-9","-6","13","-9","-6","27","80","162","0","0","51","82.5"
"4059","337","219","84","84","-18","-9","-5","18","-9","-5","27","80","162","0","0","51","82.5"
"4060","337","219","84","84","-18","-9","-5","18","-9","-5","27","80","162","0","0","49","82.5"
"4061","353","220","82","82","-23","-9","-2","23","-9","0","27","80","162","0","0","49","82.5"
"4062","367","221","81","81","-27","-9","-1","27","-9","0","27","80","162","0","0","49","82.5"
"4063","378","219","83","83","-31","-8","-4","31","-8","-4","27","80","162","0","0","49","82.5"
"4064","390","218","83","83","-35","-8","-4","35","-8","-4","27","80","162","0","0","49","82.5"
"4065","397","219","85","85","-37","-9","-6","37","-9","-6","27","80","162","0","0","49","82.5"
"4066","404","216","89","89","-40","-8","-11","40","-8","-11","27","80","163","0","0","49","82.5"
"4067","412","217","88","88","-42","-9","-10","42","-9","-10","27","80","163","0","0","49","82.5"
"4068","418","218","87","87","-44","-9","-9","44","-9","-9","27","80","163","0","0","49","82.5"
"4069","418","218","87","87","-44","-9","-9","44","-9","-9","27","80","163","0","0","49","82.5"
"4070","424","218","87","87","-46","-9","-9","46","-9","-9","27","80","163","0","0","49","82.5"
"4071","431","221","85","85","-48","-10","-6","48","-10","-6","27","80","163","0","0","49","82.5"
"4072","435","221","85","85","-49","-10","-6","49","-10","-6","27","80","163","0","0","49","82.5"
"4073","438","220","88","88","-51","-10","-10","51","-10","-10","27","80","163","0","0","49","82.5"
"4074","442","221","87","87","-52","-10","-9","52","-10","-9","27","80","163","0","0","51","82.5"
"4075","442","221","87","87","-52","-10","-9","52","-10","-9","27","80","163","0","0","51","82.5"
"4076","443","221","87","87","-52","-10","-9","52","-10","-9","27","80","163","0","0","51","82.5"
"4077","444","221","88","88","-52","-10","-10","52","-10","-10","27","80","163","0","0","53","82.5"
"4078","441","221","87","87","-51","-10","-9","51","-10","-9","27","80","163","0","0","53","82.5"
"4079","433","220","88","88","-49","-10","-10","49","-10","-10","27","80","163","0","0","53","82.5"
"4080","424","222","84","84","-46","-10","-5","46","-10","-5","27","80","163","0","0","53","82.5"
"4081","424","222","84","84","-46","-10","-5","46","-10","-5","27","80","163","0","0","56","82.5"
"4082","413","221","84","84","-42","-10","-5","42","-10","-5","27","80","163","0","0","56","82.5"
"4083","402","218","85","85","-39","-8","-6","39","-8","-6","27","80","163","0","0","56","82.5"
"4084","390","218","85","85","-35","-8","-6","35","-8","-6","27","80","163","0","0","56","82.5"
"4085","376","217","83","83","-30","-8","-4","30","-8","-4","27","80","163","0","0","59","82.5"
"4086","362","214","86","86","-27","-7","-8","27","-7","-8","27","80","163","0","0","59","82.5"
"4087","348","214","84","84","-22","-7","-5","22","-7","-5","27","80","163","0","0","59","82.5"
"4088","348","214","84","84","-22","-7","-5","22","-7","-5","27","80","163","0","0","62","82.5"
"4089","333","212","85","85","-17","-6","-6","17","-6","-6","27","80","163","0","0","62","82.5"
"4090","302","211","83","83","-7","-5","-4","7","-5","-4","27","80","163","0","0","62","82.5"
"4091","302","211","83","83","-7","-5","-4","7","-5","-4","27","80","163","0","0","65","82"
"4092","286","209","83","83","-2","-4","-4","0","-4","-4","27","80","163","0","0","65","82"
"4093","269","208","84","84","3","-4","-5","-3","-4","-5","27","80","163","0","0","65","82"
"4094","253","206","85","85","8","-3","-6","-8","-3","-6","27","80","163","0","0","65","82"
"4095","238","206","82","82","13","-3","-2","-13","-3","0","27","80","163","0","0","67","82"
"4096","222","204","85","85","18","-2","-6","-18","0","-6","27","80","163","0","0","67","82"
"4097","208","204","84","84","22","-2","-5","-22","0","-5","27","80","163","0","0","67","82"
"4098","194","206","83","83","27","-3","-4","-27","-3","-4","27","80","163","0","0","68","82"
"4099","180","205","84","84","31","-3","-5","-31","-3","-5","27","80","163","0","0","68","82"
"4100","166","204","85","85","35","-2","-6","-35","0","-6","27","80","163","0","0","68","82"
"4101","155","204","84","84","38","-2","-5","-38","0","-5","27","80","164","0","0","68","82"
"4102","155","204","84","84","38","-2","-5","-38","0","-5","27","80","164","0","0","68","82"
"4103","155","204","84","84","38","-2","-5","-38","0","-5","27","80","164","0","0","68","82"
"4104","155","204","84","84","38","-2","-5","-38","0","-5","27","80","164","0","0","68","82"
"4105","123","206","85","85","48","-3","-6","-48","-3","-6","27","80","164","0","0","68","82"
"4106","106","207","85","85","54","-4","-6","-54","-4","-6","27","80","164","0","0","68","82"
"4107","106","207","85","85","54","-4","-6","-54","-4","-6","27","80","164","0","0","68","82"
"4108","106","207","85","85","54","-4","-6","-54","-4","-6","27","80","164","0","0","68","82"
"4109","106","207","85","85","54","-4","-6","-54","-4","-6","27","80","164","0","0","68","82"
"4110","82","211","84","84","61","-5","-5","-61","-5","-5","27","80","164","0","0","63","82"
"4111","82","211","84","84","61","-5","-5","-61","-5","-5","27","80","164","0","0","63","82"
"4112","82","211","84","84","61","-5","-5","-61","-5","-5","27","80","164","0","0","63","82"
"4113","96","212","84","84","57","-6","-5","-57","-6","-5","27","80","164","0","0","63","82"
"4114","96","212","84","84","57","-6","-5","-57","-6","-5","27","80","164","0","0","63","82"
"4115","110","212","86","86","52","-6","-8","-52","-6","-8","27","80","164","0","0","57","82"
"4116","120","213","83","83","50","-6","-4","-50","-6","-4","27","80","164","0","0","57","82"
"4117","130","214","82","82","47","-6","-2","-47","-6","0","27","80","164","0","0","57","82"
"4118","141","212","85","85","43","-6","-6","-43","-6","-6","27","80","164","0","0","52","82"
"4119","173","213","78","78","34","-5","2","-34","-5","2","27","80","164","0","0","52","82"
"4120","173","213","78","78","34","-5","2","-34","-5","2","27","80","164","0","0","52","82"
"4121","188","211","81","81","29","-5","-1","-29","-5","0","27","80","164","0","0","48","82"
"4122","206","211","81","81","23","-5","-1","-23","-5","0","27","80","164","0","0","48","82"
"4123","225","210","80","80","17","-4","0","-17","-4","0","27","80","164","0","0","45","82"
"4124","245","212","77","77","12","-4","4","-12","-4","4","27","80","164","0","0","45","82"
"4125","245","212","77","77","12","-4","4","-12","-4","4","27","80","164","0","0","45","82"
"4126","260","209","81","81","6","-4","-1","-6","-4","0","27","80","164","0","0","45","82"
"4127","279","209","79","79","1","-3","1","0","-3","0","27","80","165","0","0","43","82"
"4128","295","209","79","79","-4","-3","1","4","-3","0","27","80","165","0","0","43","82"
"4129","311","208","80","80","-10","-3","0","10","-3","0","27","80","165","0","0","43","82"
"4130","325","208","80","80","-14","-3","0","14","-3","0","27","80","165","0","0","42","82"
"4131","339","208","81","81","-18","-3","-1","18","-3","0","27","80","165","0","0","42","82"
"4132","339","208","81","81","-18","-3","-1","18","-3","0","27","80","165","0","0","42","82"
"4133","351","208","82","82","-22","-4","-2","22","-4","0","27","80","165","0","0","42","82"
"4134","364","209","79","79","-26","-3","1","26","-3","0","27","80","165","0","0","42","82"
"4135","374","208","81","81","-29","-3","-1","29","-3","0","27","80","165","0","0","42","82"
"4136","381","206","84","84","-32","-3","-5","32","-3","-5","27","80","165","0","0","42","82"
"4137","392","208","81","81","-35","-3","-1","35","-3","0","27","80","165","0","0","43","82"
"4138","398","206","84","84","-38","-3","-5","38","-3","-5","27","80","165","0","0","43","82"
"4139","405","207","83","83","-39","-3","-4","39","-3","-4","27","80","165","0","0","43","82"
"4140","405","207","83","83","-39","-3","-4","39","-3","-4","27","80","165","0","0","43","82"
"4141","412","206","84","84","-42","-3","-5","42","-3","-5","27","80","165","0","0","44","82"
"4142","418","206","85","85","-44","-3","-6","44","-3","-6","27","80","165","0","0","44","82"
"4143","425","206","84","84","-46","-3","-5","46","-3","-5","27","80","165","0","0","44","82"
"4144","431","206","84","84","-48","-3","-5","48","-3","-5","27","80","165","0","0","44","82"
"4145","431","206","84","84","-48","-3","-5","48","-3","-5","27","80","165","0","0","46","82"
"4146","435","205","87","87","-49","-3","-9","49","-3","-9","27","80","165","0","0","46","82"
"4147","442","205","87","87","-52","-3","-9","52","-3","-9","27","80","165","0","0","46","82"
"4148","448","206","85","85","-53","-3","-6","53","-3","-6","27","80","165","0","0","48","82"
"4149","455","208","80","80","-55","-3","0","55","-3","0","27","80","165","0","0","48","82"
"4150","455","208","80","80","-55","-3","0","55","-3","0","27","80","165","0","0","48","82"
"4151","451","206","86","86","-54","-4","-8","54","-4","-8","27","80","165","0","0","48","82"
"4152","447","206","87","87","-53","-4","-9","53","-4","-9","27","80","165","0","0","51","82"
"4153","443","207","86","86","-52","-4","-8","52","-4","-8","27","80","165","0","0","51","82"
"4154","437","207","87","87","-50","-4","-9","50","-4","-9","27","80","165","0","0","51","82"
"4155","430","207","86","86","-48","-4","-8","48","-4","-8","27","80","165","0","0","51","82"
"4156","430","207","86","86","-48","-4","-8","48","-4","-8","27","80","165","0","0","55","82"
"4157","422","206","87","87","-45","-4","-9","45","-4","-9","27","80","165","0","0","55","82"
"4158","413","205","87","87","-42","-3","-9","42","-3","-9","27","80","165","0","0","55","82"
"4159","402","206","85","85","-39","-3","-6","39","-3","-6","27","80","165","0","0","55","82"
"4160","392","207","83","83","-35","-3","-4","35","-3","-4","27","80","165","-1","0","58","82"
"4161","392","207","83","83","-35","-3","-4","35","-3","-4","27","80","165","-1","0","58","82"
"4162","380","207","82","82","-32","-3","-2","32","-3","0","27","80","165","-1","0","58","82"
"4163","365","205","85","85","-27","-3","-6","27","-3","-6","27","80","166","-1","0","61","82"
"4164","352","206","84","84","-23","-3","-5","23","-3","-5","27","80","166","-1","0","61","82"
"4165","338","206","84","84","-19","-3","-5","19","-3","-5","27","80","166","-1","0","61","82"
"4166","326","205","85","85","-15","-3","-6","15","-3","-6","27","80","166","-1","0","64","82"
"4167","313","204","87","87","-11","-3","-9","11","-3","-9","27","80","166","-1","0","64","82"
"4168","313","204","87","87","-11","-3","-9","11","-3","-9","27","80","166","-1","0","64","82"
"4169","313","204","87","87","-11","-3","-9","11","-3","-9","27","80","166","-1","0","64","82"
"4170","313","204","87","87","-11","-3","-9","11","-3","-9","27","80","166","-1","0","64","82"
"4171","313","204","87","87","-11","-3","-9","11","-3","-9","27","80","166","-1","0","64","82"
"4172","259","202","85","85","6","-2","-6","-6","0","-6","27","80","166","0","0","65","82"
"4173","259","202","85","85","6","-2","-6","-6","0","-6","27","80","166","0","0","65","82"
"4174","259","202","85","85","6","-2","-6","-6","0","-6","27","80","166","0","0","65","82"
"4175","259","202","85","85","6","-2","-6","-6","0","-6","27","80","166","0","0","65","82"
"4176","250","203","83","83","9","-2","-4","-9","0","-4","27","80","166","0","0","65","82"
"4177","219","199","86","86","18","-1","-8","-18","0","-8","27","80","166","0","0","67","82"
"4178","219","199","86","86","18","-1","-8","-18","0","-8","27","80","166","0","0","67","82"
"4179","219","199","86","86","18","-1","-8","-18","0","-8","27","80","166","0","0","67","82"
"4180","219","199","86","86","18","-1","-8","-18","0","-8","27","80","166","0","0","67","82"
"4181","194","200","82","82","27","0","-2","-27","0","0","27","80","166","0","0","67","82"
"4182","194","200","82","82","27","0","-2","-27","0","0","27","80","166","0","1","67","82"
"4183","180","199","82","82","31","0","-2","-31","0","0","27","80","166","0","1","67","82"
"4184","175","199","82","82","32","0","-2","-32","0","0","27","80","166","0","1","67","82"
"4185","168","198","84","84","34","0","-5","-34","0","-5","27","80","166","0","0","67","82"
"4186","163","199","81","81","37","0","-1","-37","0","0","27","80","166","0","0","67","82"
"4187","153","200","78","78","40","0","2","-40","0","2","27","80","166","0","0","67","82"
"4188","147","198","82","82","41","0","-2","-41","0","0","27","80","166","0","0","65","82.5"
"4189","526","20","53","53","-72","81","34","72","81","34","27","80","166","0","0","65","82.5"
"4190","143","199","81","81","43","0","-1","-43","81","34","27","80","166","0","0","65","82.5"
"4191","526","20","53","53","-72","81","34","72","81","34","27","80","166","0","0","65","82.5"
"4192","143","199","81","81","43","0","-1","-43","81","34","27","80","166","0","0","65","82.5"
"4193","135","200","79","79","46","0","1","-46","0","0","27","80","166","0","0","64","82.5"
"4194","129","198","82","82","47","0","-2","-47","0","0","27","80","166","0","0","64","82.5"
"4195","126","199","81","81","48","0","-1","-48","0","0","27","80","166","0","0","64","82.5"
"4196","126","199","81","81","48","0","-1","-48","0","0","27","80","167","0","0","62","82.5"
"4197","128","198","83","83","47","0","-4","-47","0","-4","27","80","167","0","0","62","82.5"
"4198","135","198","80","80","45","1","0","-45","0","0","27","80","167","0","0","59","82.5"
"4199","140","198","81","81","44","1","-1","-44","0","0","27","80","167","0","0","59","82.5"
"4200","561","39","52","52","-83","73","35","83","73","35","27","80","167","0","0","59","82.5"
"4201","147","198","81","81","42","1","-1","-42","73","35","27","80","167","0","0","59","82.5"
"4202","571","39","53","53","-87","73","34","87","73","34","26","80","167","0","0","56","82.5"
"4203","155","199","81","81","39","0","-1","-39","73","34","26","80","167","0","0","56","82.5"
"4204","163","198","81","81","37","1","-1","-37","0","0","26","80","167","0","0","56","82.5"
"4205","173","201","79","79","34","0","1","-34","0","0","26","80","167","0","0","56","82.5"
"4206","183","203","78","78","31","-1","2","-31","0","2","26","80","167","0","0","53","82.5"
"4207","192","204","79","79","28","-1","1","-28","0","0","26","80","167","0","0","53","82.5"
"4208","202","205","78","78","25","-2","2","-25","0","2","26","80","167","0","0","53","82.5"
"4209","214","208","76","76","21","-2","5","-21","0","5","26","80","167","0","0","53","82.5"
"4210","224","209","77","77","18","-3","4","-18","-3","4","26","80","167","0","0","51","82.5"
"4211","235","211","75","75","15","-3","6","-15","-3","6","26","80","167","0","0","51","82.5"
"4212","235","211","75","75","15","-3","6","-15","-3","6","26","80","167","0","0","51","82.5"
"4213","245","211","77","77","12","-4","4","-12","-4","4","26","80","167","0","0","49","82.5"
"4214","256","214","75","75","8","-5","6","-8","-5","6","26","80","167","0","0","49","82.5"
"4215","267","215","76","76","5","-5","5","-5","-5","5","26","80","167","0","0","49","82.5"
"4216","274","217","77","77","2","-6","4","-2","-6","4","26","80","167","0","0","48","82.5"
"4217","283","218","77","77","0","-7","4","0","-7","4","26","80","167","0","0","48","82.5"
"4218","291","219","78","78","-3","-8","2","3","-8","2","26","80","167","0","0","48","82.5"
"4219","298","221","78","78","-5","-8","2","5","-8","2","26","80","167","0","0","48","82.5"
"4220","307","224","75","75","-8","-9","6","8","-9","6","26","80","167","0","0","48","82.5"
"4221","313","225","75","75","-9","-9","6","9","-9","6","26","80","167","0","0","48","82.5"
"4222","317","225","80","80","-12","-10","0","12","-10","0","26","80","167","0","0","48","82.5"
"4223","317","225","80","80","-12","-10","0","12","-10","0","26","80","167","0","0","48","82.5"
"4224","323","225","80","80","-13","-10","0","13","-10","0","26","80","167","0","0","48","82.5"
"4225","329","226","80","80","-15","-11","0","15","-11","0","26","80","167","0","0","48","82.5"
"4226","334","228","81","81","-17","-12","-1","17","-12","0","26","80","167","0","0","48","82.5"
"4227","338","229","82","82","-18","-12","-2","18","-12","0","26","80","167","0","0","48","82.5"
"4228","338","229","82","82","-18","-12","-2","18","-12","0","26","80","167","0","0","48","82.5"
"4229","342","229","81","81","-19","-12","-1","19","-12","0","26","80","167","0","0","48","82.5"
"4230","346","230","83","83","-21","-13","-4","21","-13","-4","26","80","167","0","0","48","82.5"
"4231","351","231","83","83","-22","-13","-4","22","-13","-4","26","90","168","0","0","49","82.5"
"4232","356","232","83","83","-24","-14","-4","24","-14","-4","26","90","168","0","0","49","82.5"
"4233","361","232","83","83","-26","-14","-4","26","-14","-4","26","90","168","0","0","49","82.5"
"4234","361","232","83","83","-26","-14","-4","26","-14","-4","26","90","168","0","0","50","82.5"
"4235","365","232","84","84","-27","-14","-5","27","-14","-5","26","90","168","0","0","50","82.5"
"4236","369","233","83","83","-28","-14","-4","28","-14","-4","26","90","168","0","0","50","82.5"
"4237","373","234","83","83","-29","-15","-4","29","-15","-4","26","90","168","0","0","50","82.5"
"4238","377","235","82","82","-31","-15","-2","31","-15","0","26","90","168","0","0","51","82.5"
"4239","379","233","85","85","-32","-15","-6","32","-15","-6","26","90","168","0","0","51","82.5"
"4240","379","233","85","85","-32","-15","-6","32","-15","-6","26","90","168","0","0","51","82.5"
"4241","384","237","79","79","-32","-15","1","32","-15","0","26","90","168","0","0","51","82.5"
"4242","382","235","83","83","-32","-15","-4","32","-15","-4","26","90","168","0","0","52","82.5"
"4243","380","234","85","85","-32","-15","-6","32","-15","-6","26","90","168","0","0","52","82.5"
"4244","377","234","84","84","-31","-15","-5","31","-15","-5","26","90","168","0","0","52","82.5"
"4245","374","234","84","84","-30","-15","-5","30","-15","-5","26","90","168","0","0","52","82.5"
"4246","374","234","84","84","-30","-15","-5","30","-15","-5","26","80","168","0","0","54","82.5"
"4247","371","233","84","84","-29","-15","-5","29","-15","-5","26","80","168","0","0","54","82.5"
"4248","366","233","85","85","-28","-15","-6","28","-15","-6","26","80","168","0","0","54","82.5"
"4249","361","233","84","84","-26","-15","-5","26","-15","-5","26","80","168","0","0","56","82.5"
"4250","357","235","81","81","-24","-15","-1","24","-15","0","26","80","168","0","0","56","82.5"
"4251","350","232","85","85","-22","-14","-6","22","-14","-6","26","80","168","0","0","56","82.5"
"4252","343","231","85","85","-20","-14","-6","20","-14","-6","26","80","168","0","0","58","82.5"
"4253","335","228","88","88","-18","-13","-10","18","-13","-10","26","80","168","0","0","58","82.5"
"4254","329","230","85","85","-16","-13","-6","16","-13","-6","26","80","168","0","0","60","82.5"
"4255","329","230","85","85","-16","-13","-6","16","-13","-6","26","80","168","0","0","60","82.5"
"4256","323","232","81","81","-13","-13","-1","13","-13","0","26","80","168","0","0","60","82.5"
"4257","308","229","84","84","-9","-13","-5","9","-13","-5","26","80","168","0","0","60","82.5"
"4258","308","229","84","84","-9","-13","-5","9","-13","-5","26","80","168","0","0","60","82.5"
"4259","298","228","85","85","-6","-12","-6","6","-12","-6","26","80","168","0","0","60","82.5"
"4260","298","228","85","85","-6","-12","-6","6","-12","-6","26","80","168","0","0","61","82.5"
"4261","292","226","85","85","-4","-12","-6","4","-12","-6","26","80","168","0","0","61","82.5"
"4262","285","228","83","83","-2","-12","-4","0","-12","-4","26","80","168","0","0","61","82.5"
"4263","277","227","82","82","1","-12","-2","0","-12","0","26","80","168","0","0","62","82.5"
"4264","269","226","83","83","3","-11","-4","-3","-11","-4","26","80","168","0","0","62","82.5"
"4265","263","226","81","81","5","-11","-1","-5","-11","0","26","80","168","0","0","62","82.5"
"4266","255","224","86","86","7","-11","-8","-7","-11","-8","26","80","168","0","0","62","82.5"
"4267","248","224","85","85","9","-11","-6","-9","-11","-6","26","80","169","0","0","62","82.5"
"4268","243","224","83","83","11","-10","-4","-11","-10","-4","26","80","169","0","0","62","82.5"
"4269","584","43","50","50","-90","72","38","90","72","38","26","80","169","0","0","62","82.5"
"4270","239","225","81","81","13","-10","-1","-13","-10","38","26","80","169","0","0","62","82.5"
"4271","582","42","55","55","-90","71","31","90","71","31","25","80","169","0","0","63","82.5"
"4272","233","224","82","82","14","-10","-2","-14","-10","31","25","80","169","0","0","63","82.5"
"4273","582","42","55","55","-90","71","31","90","71","31","25","80","169","0","0","63","82.5"
"4274","233","224","82","82","14","-10","-2","-14","-10","31","25","80","169","0","0","63","82.5"
"4275","581","23","55","55","-90","79","31","90","79","31","25","80","169","0","0","63","82.5"
"4276","222","223","83","83","18","-10","-4","-18","-10","-4","25","80","169","0","0","63","82.5"
"4277","219","223","82","82","19","-10","-2","-19","-10","0","25","80","169","0","0","63","82.5"
"4278","219","223","82","82","19","-10","-2","-19","-10","0","25","80","169","0","0","63","82.5"
"4279","214","222","83","83","20","-10","-4","-20","-10","-4","25","80","169","0","0","63","82.5"
"4280","211","223","80","80","22","-10","0","-22","-10","0","25","80","169","0","0","63","82.5"
"4281","579","23","54","54","-89","79","32","89","79","32","25","80","169","0","0","63","82.5"
"4282","205","221","83","83","23","-9","-4","-23","-9","-4","25","80","169","0","0","63","82.5"
"4283","578","22","55","55","-89","80","31","89","80","31","25","80","169","0","0","62","82.5"
"4284","201","221","83","83","24","-9","-4","-24","-9","-4","25","80","169","0","0","62","82.5"
"4285","198","220","84","84","25","-9","-5","-25","-9","-5","25","80","169","0","0","62","82.5"
"4286","195","221","81","81","27","-9","-1","-27","-9","0","25","80","169","0","0","62","82.5"
"4287","581","24","53","53","-90","79","34","90","79","34","25","80","169","0","0","62","82.5"
"4288","191","221","82","82","28","-9","-2","-28","-9","34","25","80","169","0","0","62","82.5"
"4289","580","23","53","53","-89","80","34","89","80","34","25","80","169","0","0","62","82.5"
"4290","186","218","84","84","29","-8","-5","-29","-8","-5","25","80","169","0","0","62","82.5"
"4291","577","42","51","51","-88","72","36","88","72","36","25","80","169","0","0","62","82.5"
"4292","577","22","55","55","-89","80","31","89","80","31","25","80","169","0","0","62","82.5"
"4293","183","220","81","81","30","-8","-1","-30","-8","31","25","80","169","0","0","62","82.5"
"4294","179","218","82","82","31","-8","-2","-31","-8","0","25","80","169","0","0","61","82.5"
"4295","176","217","82","82","32","-8","-2","-32","-8","0","25","80","169","0","0","61","82.5"
"4296","176","219","78","78","33","-8","2","-33","-8","2","25","80","169","0","0","59","82.5"
"4297","171","216","82","82","34","-7","-2","-34","-7","0","25","80","169","0","0","59","82.5"
"4298","172","215","81","81","34","-6","-1","-34","-6","0","25","80","169","0","0","59","82.5"
"4299","172","215","81","81","34","-6","-1","-34","-6","0","25","80","169","0","0","58","82.5"
"4300","585","41","50","50","-91","72","38","91","72","38","25","80","169","0","0","58","82.5"
"4301","176","216","78","78","33","-6","2","-33","-6","2","25","80","169","0","0","58","82.5"
"4302","180","214","80","80","31","-6","0","-31","-6","0","25","80","169","0","0","58","82.5"
"4303","183","212","82","82","30","-5","-2","-30","-5","0","25","80","169","0","0","56","82.5"
"4304","189","213","79","79","29","-5","1","-29","-5","0","25","80","169","0","0","56","82.5"
"4305","195","212","79","79","27","-5","1","-27","-5","0","25","80","169","0","0","56","82.5"
"4306","201","211","79","79","25","-4","1","-25","-4","0","25","80","170","0","0","54","82.5"
"4307","209","211","79","79","22","-4","1","-22","-4","0","25","80","170","0","0","54","82.5"
"4308","217","210","79","79","20","-4","1","-20","-4","0","25","80","170","0","0","54","82.5"
"4309","226","210","79","79","17","-4","1","-17","-4","0","25","80","170","0","0","54","82.5"
"4310","234","209","80","80","14","-4","0","-14","-4","0","25","80","170","0","0","52","82.5"
"4311","243","209","81","81","12","-4","-1","-12","-4","0","25","80","170","0","0","52","82.5"
"4312","252","209","81","81","9","-4","-1","-9","-4","0","25","80","170","0","0","52","82.5"
"4313","261","207","83","83","6","-3","-4","-6","-3","-4","25","80","170","0","0","51","82.5"
"4314","271","209","79","79","3","-3","1","-3","-3","0","25","80","170","0","0","51","82.5"
"4315","280","208","81","81","0","-3","-1","0","-3","0","25","80","170","0","0","51","82.5"
"4316","280","208","81","81","0","-3","-1","0","-3","0","25","80","170","0","0","50","82.5"
"4317","288","209","81","81","-2","-4","-1","0","-4","0","25","80","170","0","0","50","82.5"
"4318","296","209","81","81","-5","-4","-1","5","-4","0","25","80","170","0","0","50","82.5"
"4319","302","208","84","84","-8","-4","-5","8","-4","-5","25","80","170","0","0","50","82.5"
"4320","308","208","84","84","-9","-4","-5","9","-4","-5","25","80","170","0","1","50","82.5"
"4321","314","207","84","84","-11","-4","-5","11","-4","-5","25","80","170","0","1","50","82.5"
"4322","320","209","82","82","-13","-4","-2","13","-4","0","25","80","170","0","1","50","82.5"
"4323","324","208","86","86","-15","-5","-8","15","-5","-8","25","80","170","0","1","50","82.5"
"4324","328","208","85","85","-16","-4","-6","16","-4","-6","25","80","170","0","1","50","82.5"
"4325","328","208","85","85","-16","-4","-6","16","-4","-6","25","80","170","0","1","50","82.5"
"4326","332","209","85","85","-17","-5","-6","17","-5","-6","25","80","170","0","1","50","82.5"
"4327","335","209","86","86","-18","-5","-8","18","-5","-8","25","80","170","0","1","50","82.5"
"4328","338","208","86","86","-19","-5","-8","19","-5","-8","25","80","170","0","1","50","82.5"
"4329","340","209","86","86","-20","-5","-8","20","-5","-8","25","80","170","0","1","50","82.5"
"4330","344","209","85","85","-21","-5","-6","21","-5","-6","25","80","170","0","1","51","82.5"
"4331","349","210","85","85","-22","-5","-6","22","-5","-6","25","80","170","0","1","51","82.5"
"4332","349","210","85","85","-22","-5","-6","22","-5","-6","25","80","170","0","1","51","82.5"
"4333","349","210","85","85","-22","-5","-6","22","-5","-6","25","80","170","0","1","51","82.5"
"4334","352","212","84","84","-23","-6","-5","23","-6","-5","25","80","170","0","0","51","82.5"
"4335","353","211","86","86","-24","-6","-8","24","-6","-8","25","80","170","0","0","51","82.5"
"4336","354","211","86","86","-24","-6","-8","24","-6","-8","25","80","170","0","0","51","82.5"
"4337","359","212","84","84","-25","-6","-5","25","-6","-5","25","80","170","0","1","52","82.5"
"4338","360","213","83","83","-25","-6","-4","25","-6","-4","25","80","170","0","1","52","82.5"
"4339","361","213","83","83","-26","-6","-4","26","-6","-4","25","80","170","0","1","52","82.5"
"4340","361","213","83","83","-26","-6","-4","26","-6","-4","25","80","170","0","1","52","82.5"
"4341","360","214","82","82","-25","-6","-2","25","-6","0","25","80","171","0","1","54","82.5"
"4342","357","212","86","86","-25","-6","-8","25","-6","-8","25","80","171","0","1","54","82.5"
"4343","355","213","84","84","-24","-6","-5","24","-6","-5","25","80","171","0","1","54","82.5"
"4344","351","214","83","83","-22","-6","-4","22","-6","-4","25","80","171","0","1","55","82.5"
"4345","349","213","83","83","-22","-6","-4","22","-6","-4","25","80","171","0","1","55","82.5"
"4346","345","213","82","82","-21","-6","-2","21","-6","0","25","80","171","0","1","55","82.5"
"4347","345","213","82","82","-21","-6","-2","21","-6","0","25","80","171","0","1","55","82.5"
"4348","340","213","83","83","-19","-6","-4","19","-6","-4","25","80","171","0","1","56","82.5"
"4349","337","214","80","80","-18","-6","0","18","-6","0","25","80","171","0","1","56","82.5"
"4350","334","216","76","76","-16","-6","5","16","-6","5","25","80","171","0","1","56","82.5"
"4351","326","213","82","82","-15","-6","-2","15","-6","0","25","80","171","0","1","58","82.5"
"4352","321","211","83","83","-13","-5","-4","13","-5","-4","25","80","171","0","1","58","82.5"
"4353","317","212","81","81","-12","-5","-1","12","-5","0","25","80","171","0","1","58","82.5"
"4354","311","210","83","83","-10","-5","-4","10","-5","-4","25","80","171","0","1","58","82.5"
"4355","306","210","85","85","-9","-5","-6","9","-5","-6","25","80","171","0","0","59","82.5"
"4356","306","210","85","85","-9","-5","-6","9","-5","-6","25","80","171","0","0","59","82.5"
"4357","301","209","84","84","-7","-5","-5","7","-5","-5","25","80","171","0","0","59","82.5"
"4358","297","210","83","83","-6","-5","-4","6","-5","-4","25","80","171","0","0","60","82.5"
"4359","292","210","82","82","-4","-5","-2","4","-5","0","25","80","171","0","0","60","82.5"
"4360","288","210","82","82","-3","-5","-2","3","-5","0","25","80","171","0","0","60","82.5"
"4361","281","210","81","81","0","-4","-1","0","-4","0","25","80","171","0","0","60","82.5"
"4362","276","209","83","83","1","-4","-4","0","-4","-4","25","80","171","0","0","60","82.5"
"4363","273","210","81","81","2","-4","-1","-2","-4","0","25","80","171","0","0","60","82.5"
"4364","273","210","81","81","2","-4","-1","-2","-4","0","25","80","171","0","0","60","82.5"
"4365","268","209","83","83","3","-4","-4","-3","-4","-4","25","80","171","0","0","61","82.5"
"4366","259","206","86","86","6","-4","-8","-6","-4","-8","25","80","171","0","0","61","82.5"
"4367","259","206","86","86","6","-4","-8","-6","-4","-8","25","80","171","0","0","61","82.5"
"4368","257","207","85","85","7","-4","-6","-7","-4","-6","25","80","171","0","0","61","82.5"
"4369","254","206","85","85","8","-3","-6","-8","-3","-6","25","80","171","0","1","61","82"
"4370","253","206","85","85","8","-3","-6","-8","-3","-6","25","80","171","0","1","61","82"
"4371","252","206","83","83","8","-3","-4","-8","-3","-4","25","80","171","0","1","61","82"
"4372","249","206","84","84","9","-3","-5","-9","-3","-5","25","80","171","0","1","61","82"
"4373","249","206","84","84","9","-3","-5","-9","-3","-5","25","80","171","0","1","61","82"
"4374","249","206","81","81","10","-2","-1","-10","0","0","25","80","171","0","1","61","82"
"4375","248","206","82","82","10","-3","-2","-10","-3","0","25","80","172","0","1","61","82"
"4376","246","206","83","83","10","-3","-4","-10","-3","-4","25","80","172","0","1","61","82"
"4377","247","207","81","81","10","-3","-1","-10","-3","0","25","80","172","0","1","61","82"
"4378","244","204","85","85","11","-2","-6","-11","0","-6","25","80","172","0","1","61","82"
"4379","243","205","83","83","11","-2","-4","-11","0","-4","24","80","172","0","1","61","82"
"4380","244","206","81","81","11","-2","-1","-11","0","0","24","80","172","0","1","61","82"
"4381","243","206","81","81","12","-2","-1","-12","0","0","24","80","172","0","1","61","82"
"4382","242","206","82","82","12","-3","-2","-12","-3","0","24","80","172","0","1","60","82"
"4383","242","205","82","82","12","-2","-2","-12","0","0","24","80","172","0","1","60","82"
"4384","241","204","82","82","12","-2","-2","-12","0","0","24","80","172","0","1","60","82"
"4385","240","205","82","82","12","-2","-2","-12","0","0","24","80","172","0","1","60","82"
"4386","238","204","85","85","12","-2","-6","-12","0","-6","24","80","172","0","1","60","82"
"4387","239","205","83","83","12","-2","-4","-12","0","-4","24","80","172","0","1","60","82"
"4388","238","205","82","82","13","-2","-2","-13","0","0","24","80","172","0","0","59","82"
"4389","240","207","79","79","13","-2","1","-13","0","0","24","80","172","0","0","59","82"
"4390","239","207","80","80","13","-3","0","-13","-3","0","24","80","172","0","0","59","82"
"4391","239","207","80","80","13","-3","0","-13","-3","0","24","80","172","0","0","59","82"
"4392","239","208","80","80","13","-3","0","-13","-3","0","24","80","172","0","0","59","82"
"4393","239","207","81","81","13","-3","-1","-13","-3","0","24","80","172","0","0","58","82"
"4394","237","208","80","80","13","-3","0","-13","-3","0","24","80","172","0","0","58","82"
"4395","239","207","82","82","12","-3","-2","-12","-3","0","24","80","172","0","0","58","82"
"4396","241","210","77","77","13","-3","4","-13","-3","4","24","80","172","0","0","58","82"
"4397","241","208","82","82","12","-4","-2","-12","-4","0","24","80","172","0","0","57","82"
"4398","245","210","81","81","11","-4","-1","-11","-4","0","24","80","172","0","0","57","82"
"4399","245","210","81","81","11","-4","-1","-11","-4","0","24","80","172","0","0","57","82"
"4400","247","209","82","82","10","-4","-2","-10","-4","0","24","80","172","0","0","57","83"
"4401","247","209","82","82","10","-4","-2","-10","-4","0","24","80","172","0","0","57","83"
"4402","248","210","82","82","10","-5","-2","-10","-5","0","24","80","172","0","0","57","83"
"4403","251","211","80","80","9","-5","0","-9","-5","0","24","80","172","0","0","57","83"
"4404","254","212","80","80","8","-5","0","-8","-5","0","24","80","172","0","0","56","83"
"4405","256","212","80","80","8","-5","0","-8","-5","0","24","80","172","0","0","56","83"
"4406","258","211","82","82","7","-5","-2","-7","-5","0","24","80","172","0","0","56","83"
"4407","261","212","79","79","6","-5","1","-6","-5","0","24","80","173","0","0","56","83"
"4408","261","210","82","82","6","-5","-2","-6","-5","0","24","80","173","0","0","56","83"
"4409","264","211","80","80","5","-5","0","-5","-5","0","24","80","173","0","0","56","83"
"4410","265","212","80","80","5","-5","0","-5","-5","0","24","80","173","0","0","55","83"
"4411","267","211","80","80","4","-5","0","-4","-5","0","24","80","173","0","0","55","83"
"4412","267","211","80","80","4","-5","0","-4","-5","0","24","80","173","0","0","55","83"
"4413","268","212","80","80","4","-5","0","-4","-5","0","24","80","173","0","0","55","83"
"4414","270","212","81","81","3","-5","-1","-3","-5","0","24","80","173","0","0","55","83"
"4415","268","211","83","83","3","-5","-4","-3","-5","-4","24","80","173","0","0","55","83"
"4416","270","212","80","80","3","-5","0","-3","-5","0","24","80","173","0","0","55","83"
"4417","272","212","79","79","3","-5","1","-3","-5","0","24","80","173","0","0","55","83"
"4418","271","211","81","81","3","-5","-1","-3","-5","0","24","80","173","0","0","55","83"
"4419","272","212","81","81","2","-5","-1","-2","-5","0","24","80","173","0","0","55","83"
"4420","272","211","82","82","2","-5","-2","-2","-5","0","24","80","173","0","0","55","83"
"4421","273","211","81","81","2","-5","-1","-2","-5","0","24","80","173","0","0","55","83"
"4422","272","209","83","83","2","-4","-4","-2","-4","-4","24","80","173","0","0","55","83"
"4423","273","211","80","80","2","-5","0","-2","-5","0","24","80","173","0","0","55","83"
"4424","273","211","80","80","2","-5","0","-2","-5","0","24","80","173","0","0","55","83"
"4425","272","210","81","81","2","-4","-1","-2","-4","0","24","80","173","0","0","55","83"
"4426","272","211","81","81","2","-5","-1","-2","-5","0","24","80","173","0","0","55","83"
"4427","273","211","80","80","2","-5","0","-2","-5","0","24","80","173","0","0","55","83"
"4428","273","211","79","79","2","-4","1","-2","-4","0","24","80","173","0","0","55","83"
"4429","273","211","78","78","2","-4","2","-2","-4","2","24","80","173","0","0","55","83"
"4430","273","209","80","80","2","-4","0","-2","-4","0","24","80","173","0","0","55","83"
"4431","273","208","80","80","2","-3","0","-2","-3","0","24","80","173","0","0","55","83"
"4432","273","208","80","80","2","-3","0","-2","-3","0","24","80","173","0","0","55","83"
"4433","273","208","80","80","2","-3","0","-2","-3","0","24","80","173","0","0","55","83"
"4434","274","207","79","79","2","-2","1","-2","0","0","24","80","173","0","0","55","82.5"
"4435","272","206","82","82","2","-3","-2","-2","-3","0","24","80","173","0","0","55","82.5"
"4436","273","206","79","79","2","-2","1","-2","0","0","24","80","173","0","0","55","82.5"
"4437","275","206","79","79","2","-2","1","-2","0","0","24","80","173","0","0","55","82.5"
"4438","274","204","79","79","2","-1","1","-2","0","0","24","80","173","0","0","55","82.5"
"4439","273","203","82","82","2","-2","-2","-2","0","0","24","80","173","0","0","55","82.5"
"4440","273","202","82","82","2","-1","-2","-2","0","0","24","80","173","0","0","55","82.5"
"4441","273","201","83","83","2","-1","-4","-2","0","-4","24","80","174","0","0","55","82.5"
"4442","273","200","83","83","2","0","-4","-2","0","-4","24","80","174","0","0","55","82.5"
"4443","273","200","83","83","2","0","-4","-2","0","-4","24","80","174","0","0","55","82.5"
"4444","273","200","83","83","2","0","-4","-2","0","-4","24","80","174","0","0","55","82.5"
"4445","273","200","82","82","2","0","-2","-2","0","0","24","80","174","0","0","55","82.5"
"4446","274","201","81","81","2","0","-1","-2","0","0","24","80","174","0","0","55","82.5"
"4447","274","200","83","83","2","0","-4","-2","0","-4","24","80","174","0","0","55","82.5"
"4448","275","201","81","81","2","0","-1","-2","0","0","24","80","174","0","0","55","82.5"
"4449","273","200","84","84","2","-1","-5","-2","0","-5","24","80","174","0","0","55","82.5"
"4450","274","199","85","85","1","0","-6","0","0","-6","24","80","174","0","0","55","82.5"
"4451","274","200","83","83","2","0","-4","-2","0","-4","24","80","174","0","0","55","82.5"
"4452","274","200","83","83","2","0","-4","-2","0","-4","24","80","174","0","0","55","82.5"
"4453","273","200","85","85","2","-1","-6","-2","0","-6","24","80","174","0","0","55","82.5"
"4454","274","201","83","83","2","-1","-4","-2","0","-4","24","80","174","0","0","55","82.5"
"4455","273","200","86","86","1","-1","-8","0","0","-8","24","80","174","0","0","55","82.5"
"4456","274","202","82","82","2","-1","-2","-2","0","0","24","80","174","0","0","55","82.5"
"4457","273","201","85","85","2","-1","-6","-2","0","-6","24","80","174","0","0","55","82.5"
"4458","273","202","84","84","2","-2","-5","-2","0","-5","24","80","174","0","0","55","82.5"
"4459","274","203","83","83","2","-2","-4","-2","0","-4","24","80","174","0","0","55","82.5"
"4460","275","204","81","81","2","-2","-1","-2","0","0","24","80","174","0","0","55","82.5"
"4461","274","204","83","83","2","-2","-4","-2","0","-4","24","80","174","0","0","55","82.5"
"4462","275","204","84","84","1","-2","-5","0","0","-5","24","80","174","0","0","55","82.5"
"4463","275","206","81","81","2","-2","-1","-2","0","0","24","80","174","0","0","55","82.5"
"4464","275","206","81","81","2","-2","-1","-2","0","0","24","80","174","0","0","55","82.5"
"4465","274","206","83","83","2","-3","-4","-2","-3","-4","24","80","174","0","0","55","82.5"
"4466","274","206","83","83","2","-3","-4","-2","-3","-4","24","80","174","0","0","55","82.5"
"4467","275","206","83","83","1","-3","-4","0","-3","-4","24","80","174","0","0","55","82.5"
"4468","276","208","81","81","1","-3","-1","0","-3","0","24","80","174","0","0","55","82.5"
"4469","276","209","82","82","1","-4","-2","0","-4","0","24","80","174","0","0","55","82.5"
"4470","277","209","80","80","1","-4","0","0","-4","0","24","80","174","0","0","55","82.5"
"4471","276","209","81","81","1","-4","-1","0","-4","0","24","80","174","0","0","55","82.5"
"4472","277","210","79","79","1","-4","1","0","-4","0","24","80","174","0","0","55","82.5"
"4473","277","210","79","79","1","-4","1","0","-4","0","24","80","174","0","0","55","82.5"
"4474","277","209","79","79","1","-3","1","0","-3","0","24","80","174","0","0","55","82.5"
"4475","277","211","79","79","1","-4","1","0","-4","0","24","80","175","0","0","55","82.5"
"4476","277","211","79","79","1","-4","1","0","-4","0","24","80","175","0","0","55","82.5"
"4477","277","209","82","82","1","-4","-2","0","-4","0","24","80","175","0","0","55","82.5"
"4478","277","209","81","81","1","-4","-1","0","-4","0","24","80","175","0","0","55","82.5"
"4479","278","210","80","80","1","-4","0","0","-4","0","24","80","175","0","0","55","82.5"
"4480","278","209","81","81","1","-4","-1","0","-4","0","24","80","175","0","0","55","82.5"
"4481","276","208","84","84","1","-4","-5","0","-4","-5","24","80","175","0","0","55","82.5"
"4482","279","211","79","79","1","-4","1","0","-4","0","24","80","175","0","0","55","82.5"
"4483","278","208","82","82","0","-4","-2","0","-4","0","24","80","175","0","0","55","82.5"
"4484","278","208","82","82","0","-4","-2","0","-4","0","24","80","175","0","0","55","82.5"
"4485","279","209","80","80","0","-4","0","0","-4","0","24","80","175","0","0","55","82.5"
"4486","279","210","79","79","1","-4","1","0","-4","0","24","80","175","0","0","55","82.5"
"4487","278","209","81","81","1","-4","-1","0","-4","0","24","80","175","0","0","55","82.5"
"4488","278","207","84","84","0","-4","-5","0","-4","-5","24","80","175","0","0","55","82.5"
"4489","278","207","83","83","0","-3","-4","0","-3","-4","24","80","175","0","0","55","82.5"
"4490","280","208","80","80","0","-3","0","0","-3","0","24","80","175","0","0","55","82.5"
"4491","280","208","80","80","0","-3","0","0","-3","0","24","80","175","0","0","55","82.5"
"4492","278","206","83","83","0","-3","-4","0","-3","-4","24","80","175","0","0","55","82.5"
"4493","280","208","81","81","0","-3","-1","0","-3","0","24","80","175","0","0","55","82.5"
"4494","279","207","82","82","0","-3","-2","0","-3","0","24","80","175","0","0","55","82.5"
"4495","277","205","85","85","0","-3","-6","0","-3","-6","24","80","175","0","0","55","82.5"
"4496","279","206","82","82","0","-3","-2","0","-3","0","24","80","175","0","0","55","82.5"
"4497","278","206","83","83","0","-3","-4","0","-3","-4","24","80","175","0","0","55","82.5"
"4498","280","208","81","81","0","-3","-1","0","-3","0","24","80","175","0","0","55","82.5"
"4499","280","208","81","81","0","-3","-1","0","-3","0","24","80","175","0","0","55","82.5"
"4500","280","208","81","81","0","-3","-1","0","-3","0","24","80","175","0","0","55","82.5"
"4501","280","207","81","81","0","-3","-1","0","-3","0","24","80","175","0","0","55","82.5"
"4502","278","207","82","82","0","-3","-2","0","-3","0","24","80","175","0","0","55","81.5"
"4503","278","207","82","82","0","-3","-2","0","-3","0","24","80","175","0","0","55","81.5"
"4504","281","209","77","77","0","-3","4","0","-3","4","24","80","175","0","0","55","81.5"
"4505","279","208","79","79","1","-3","1","0","-3","0","24","80","175","0","0","55","81.5"
"4506","280","209","78","78","0","-3","2","0","-3","2","24","80","175","0","0","55","81.5"
"4507","280","208","79","79","0","-3","1","0","-3","0","24","80","175","0","0","55","81.5"
"4508","279","208","80","80","0","-3","0","0","-3","0","24","80","175","0","0","55","81.5"
"4509","280","209","80","80","0","-4","0","0","-4","0","24","80","176","0","0","55","81.5"
"4510","280","209","80","80","0","-4","0","0","-4","0","24","80","176","0","0","55","81.5"
"4511","280","210","77","77","1","-3","4","0","-3","4","24","80","176","0","0","55","81.5"
"4512","277","208","82","82","1","-4","-2","0","-4","0","24","80","176","0","0","55","81.5"
"4513","279","209","79","79","1","-3","1","0","-3","0","23","80","176","0","0","55","81.5"
"4514","280","211","76","76","1","-4","5","0","-4","5","23","80","176","0","0","55","81.5"
"4515","280","212","76","76","1","-4","5","0","-4","5","23","80","176","0","0","55","81.5"
"4516","279","211","79","79","1","-4","1","0","-4","0","23","80","176","0","0","55","81.5"
"4517","279","211","78","78","1","-4","2","0","-4","2","23","80","176","0","0","55","81.5"
"4518","278","210","80","80","1","-4","0","0","-4","0","23","80","176","0","0","55","81.5"
"4519","278","210","80","80","1","-4","0","0","-4","0","23","80","176","0","0","55","81.5"
"4520","279","211","78","78","1","-4","2","0","-4","2","23","80","176","0","0","55","81.5"
"4521","277","210","80","80","1","-4","0","0","-4","0","23","80","176","0","0","55","81.5"
"4522","277","211","79","79","1","-4","1","0","-4","0","23","80","176","0","0","55","81.5"
"4523","276","211","81","81","1","-5","-1","0","-5","0","23","80","176","0","0","55","81.5"
"4524","277","211","78","78","1","-4","2","0","-4","2","23","80","176","0","0","55","81.5"
"4525","277","211","79","79","1","-4","1","0","-4","0","23","80","176","0","0","55","81.5"
"4526","275","211","80","80","2","-5","0","-2","-5","0","23","80","176","0","0","55","81.5"
"4527","275","210","82","82","1","-5","-2","0","-5","0","23","80","176","0","0","55","81.5"
"4528","275","210","82","82","1","-5","-2","0","-5","0","23","80","176","0","0","55","81.5"
"4529","275","210","81","81","2","-4","-1","-2","-4","0","23","80","176","0","0","55","81.5"
"4530","274","210","82","82","2","-5","-2","-2","-5","0","23","80","176","0","0","55","81.5"
"4531","275","211","81","81","2","-5","-1","-2","-5","0","23","80","176","0","0","55","81.5"
"4532","274","210","82","82","2","-5","-2","-2","-5","0","23","80","176","0","0","55","81.5"
"4533","274","210","82","82","2","-5","-2","-2","-5","0","23","80","176","0","0","55","81.5"
"4534","274","211","81","81","2","-5","-1","-2","-5","0","23","80","176","0","0","55","81.5"
"4535","275","211","80","80","2","-5","0","-2","-5","0","23","80","176","0","0","55","82"
"4536","276","212","79","79","2","-5","1","-2","-5","0","23","80","176","0","0","55","82"
"4537","276","213","79","79","2","-5","1","-2","-5","0","23","80","176","0","0","55","82"
"4538","276","213","79","79","2","-5","1","-2","-5","0","23","80","176","0","0","55","82"
"4539","276","214","79","79","2","-5","1","-2","-5","0","23","80","176","0","0","55","82"
"4540","276","214","79","79","2","-5","1","-2","-5","0","23","80","176","0","0","55","82"
"4541","276","215","78","78","2","-6","2","-2","-6","2","23","80","176","0","0","55","82"
"4542","277","216","77","77","2","-6","4","-2","-6","4","23","80","177","0","0","55","82"
"4543","277","215","78","78","1","-6","2","0","-6","2","23","80","177","0","0","55","82"
"4544","275","214","80","80","2","-6","0","-2","-6","0","23","80","177","0","0","55","82"
"4545","274","214","81","81","2","-6","-1","-2","-6","0","23","80","177","0","0","55","82"
"4546","276","215","78","78","2","-6","2","-2","-6","2","23","80","177","0","0","55","82"
"4547","276","215","77","77","2","-5","4","-2","-5","4","23","80","177","0","0","55","82"
"4548","274","212","82","82","2","-5","-2","-2","-5","0","23","80","177","0","0","55","82"
"4549","274","212","81","81","2","-5","-1","-2","-5","0","23","80","177","0","0","55","82"
"4550","274","212","81","81","2","-5","-1","-2","-5","0","23","80","177","0","0","55","82"
"4551","276","212","80","80","1","-5","0","0","-5","0","23","80","177","0","0","55","82"
"4552","276","211","79","79","2","-4","1","-2","-4","0","23","80","177","0","0","55","82"
"4553","275","210","80","80","2","-4","0","-2","-4","0","23","80","177","0","0","55","82"